省份,城市,河流,流域,断面名称,监测时间,水质类别,水温,pH,溶解氧,高锰酸钾,氨氮,总磷,总氮,电导率,浊度
浙江省,杭州市,浦阳江,浙闽片河流,浦阳江出口,2022/1/1 0:00,Ⅱ,9.97,7.76,12.135,1.8,0.0503,0.0388,2.432,330.1,7.6
浙江省,杭州市,浦阳江,浙闽片河流,浦阳江出口,2022/1/1 4:00,Ⅱ,9.36,7.76,12.24,2.1,0.053,0.038,2.403,366.4,8.6
浙江省,杭州市,浦阳江,浙闽片河流,浦阳江出口,2022/1/1 8:00,Ⅱ,9.74,7.6,12.13,1.4,0.059,0.0348,2.636,308.7,6.6
浙江省,杭州市,浦阳江,浙闽片河流,浦阳江出口,2022/1/1 12:00,Ⅱ,9.78,7.77,12.187,1.7,0.0631,0.0376,2.423,321.1,7.2
浙江省,杭州市,浦阳江,浙闽片河流,浦阳江出口,2022/1/1 16:00,Ⅱ,10.78,7.61,11.755,1.8,0.0619,0.0376,2.455,333.2,7.9
浙江省,杭州市,浦阳江,浙闽片河流,浦阳江出口,2022/1/1 20:00,Ⅱ,10.61,7.55,11.851,1.5,0.0701,0.0381,2.344,303,7.9
浙江省,杭州市,浦阳江,浙闽片河流,浦阳江出口,2022/1/2 0:00,Ⅱ,9.86,7.58,12.068,1.6,0.0615,0.039,2.432,299.7,6.5
浙江省,杭州市,浦阳江,浙闽片河流,浦阳江出口,2022/1/2 4:00,Ⅱ,9.49,7.59,12.168,1.7,0.0524,0.0405,2.29,302.3,7.6
浙江省,杭州市,浦阳江,浙闽片河流,浦阳江出口,2022/1/2 8:00,Ⅱ,8.52,7.6,12.446,2.1,0.0596,0.0377,2.421,285.1,8.5
浙江省,杭州市,浦阳江,浙闽片河流,浦阳江出口,2022/1/2 16:00,Ⅱ,12.33,7.39,11.386,2,0.0682,0.0389,2.602,303,10.2
浙江省,杭州市,浦阳江,浙闽片河流,浦阳江出口,2022/1/2 20:00,Ⅱ,10.95,7.52,11.79,1.5,0.0601,0.0422,2.505,317.1,21.6
浙江省,杭州市,浦阳江,浙闽片河流,浦阳江出口,2022/1/3 0:00,Ⅱ,10.21,7.59,11.974,1.7,0.0456,0.039,2.397,321.9,17.8
浙江省,杭州市,浦阳江,浙闽片河流,浦阳江出口,2022/1/3 4:00,Ⅱ,9.86,7.59,12.057,1.6,0.0408,0.0427,2.287,315.7,18.2
浙江省,杭州市,浦阳江,浙闽片河流,浦阳江出口,2022/1/3 8:00,Ⅱ,9.77,7.56,12.106,1.4,0.0427,0.0411,2.399,308.5,12.9
浙江省,杭州市,浦阳江,浙闽片河流,浦阳江出口,2022/1/3 12:00,Ⅱ,11.76,7.62,11.661,1.5,0.0438,0.0385,2.44,306.7,12.6
浙江省,杭州市,浦阳江,浙闽片河流,浦阳江出口,2022/1/3 16:00,Ⅱ,12.55,7.46,11.331,1.4,0.0496,0.0389,2.368,305.9,21.4
浙江省,杭州市,浦阳江,浙闽片河流,浦阳江出口,2022/1/3 20:00,Ⅱ,11.12,7.6,11.747,0.8,0.0446,0.0409,2.23,324.9,45.8
浙江省,杭州市,浦阳江,浙闽片河流,浦阳江出口,2022/1/4 0:00,Ⅱ,10.55,7.63,11.868,1.7,0.0547,0.0403,2.397,324.7,28.6
浙江省,杭州市,浦阳江,浙闽片河流,浦阳江出口,2022/1/4 8:00,Ⅱ,10.2,7.61,11.934,1.3,0.0361,0.0409,2.394,311,18.9
浙江省,杭州市,浦阳江,浙闽片河流,浦阳江出口,2022/1/4 12:00,Ⅱ,11.61,7.63,11.627,1.6,0.0416,0.0364,2.342,315.7,22.8
浙江省,杭州市,浦阳江,浙闽片河流,浦阳江出口,2022/1/4 16:00,Ⅱ,11.5,7.59,11.58,1.2,0.062,0.0412,2.288,323.1,59.3
浙江省,杭州市,浦阳江,浙闽片河流,浦阳江出口,2022/1/4 20:00,Ⅱ,11.44,7.58,11.618,1.9,0.0519,0.042,2.284,316.4,52
浙江省,杭州市,浦阳江,浙闽片河流,浦阳江出口,2022/1/5 0:00,Ⅱ,11.18,7.61,11.661,1.8,0.0576,0.0425,2.287,317.1,37
浙江省,杭州市,浦阳江,浙闽片河流,浦阳江出口,2022/1/5 4:00,Ⅱ,10.84,7.66,11.726,1.9,0.0578,0.0393,2.253,321.5,39.2
浙江省,杭州市,浦阳江,浙闽片河流,浦阳江出口,2022/1/5 8:00,Ⅱ,10.97,7.59,11.692,1.4,0.053,0.0414,2.367,307.3,24.4
浙江省,杭州市,浦阳江,浙闽片河流,浦阳江出口,2022/1/5 12:00,Ⅱ,11.37,7.59,11.583,1.8,0.0374,0.0411,2.352,310.3,28.9
浙江省,杭州市,浦阳江,浙闽片河流,浦阳江出口,2022/1/5 16:00,Ⅱ,11.27,7.62,11.642,1.6,0.0453,0.042,2.338,317.8,32.4
浙江省,杭州市,浦阳江,浙闽片河流,浦阳江出口,2022/1/5 20:00,Ⅱ,11.13,7.63,11.711,1.7,0.0498,0.0417,2.396,305.9,46.8
浙江省,杭州市,浦阳江,浙闽片河流,浦阳江出口,2022/1/6 0:00,Ⅱ,10.89,7.64,11.782,1.7,0.0498,0.0417,2.396,303.6,28.4
浙江省,杭州市,浦阳江,浙闽片河流,浦阳江出口,2022/1/6 4:00,Ⅱ,10.67,7.69,11.861,1.8,0.0616,0.0413,2.298,308.7,32.2
浙江省,杭州市,浦阳江,浙闽片河流,浦阳江出口,2022/1/6 8:00,Ⅱ,10.67,7.64,11.879,1.5,0.0359,0.0434,2.431,305.7,27.3
浙江省,杭州市,浦阳江,浙闽片河流,浦阳江出口,2022/1/6 12:00,Ⅱ,10.9,7.66,11.823,1.6,0.0576,0.0432,2.381,306.9,26.7
浙江省,杭州市,浦阳江,浙闽片河流,浦阳江出口,2022/1/6 16:00,Ⅱ,10.83,7.66,11.855,1.7,0.0492,0.045,2.3,307.5,21.4
浙江省,杭州市,浦阳江,浙闽片河流,浦阳江出口,2022/1/6 20:00,Ⅱ,11.02,7.56,11.744,1.9,0.057,0.045,2.281,303,33.4
浙江省,杭州市,浦阳江,浙闽片河流,浦阳江出口,2022/1/7 0:00,Ⅱ,10.85,7.61,11.818,1.9,0.057,0.045,2.281,303.2,26.6
浙江省,杭州市,浦阳江,浙闽片河流,浦阳江出口,2022/1/7 4:00,Ⅱ,10.66,7.63,11.853,1.5,0.0502,0.0447,2.282,304.8,23.3
浙江省,杭州市,浦阳江,浙闽片河流,浦阳江出口,2022/1/7 8:00,Ⅱ,10.5,7.63,11.851,1.3,0.0525,0.0425,2.396,304.4,22.6
浙江省,杭州市,浦阳江,浙闽片河流,浦阳江出口,2022/1/7 12:00,Ⅱ,11.52,7.57,11.602,1.5,0.0423,0.0418,2.426,304.5,19.9
浙江省,杭州市,浦阳江,浙闽片河流,浦阳江出口,2022/1/7 16:00,Ⅱ,11.44,7.57,11.625,1.8,0.0417,0.0451,2.372,304.8,17.6
浙江省,杭州市,浦阳江,浙闽片河流,浦阳江出口,2022/1/7 20:00,Ⅱ,11.3,7.52,11.651,1.5,0.0422,0.0441,2.352,301,16.1
浙江省,杭州市,浦阳江,浙闽片河流,浦阳江出口,2022/1/8 0:00,Ⅱ,11.16,7.5,11.668,1.6,0.0536,0.0436,2.295,300.4,14.2
浙江省,杭州市,浦阳江,浙闽片河流,浦阳江出口,2022/1/8 4:00,Ⅱ,11,7.51,11.707,1.5,0.0537,0.044,2.281,300.8,14.2
浙江省,杭州市,浦阳江,浙闽片河流,浦阳江出口,2022/1/8 8:00,Ⅱ,10.88,7.52,11.745,1.1,0.038,0.0453,2.435,304.6,16.9
浙江省,杭州市,浦阳江,浙闽片河流,浦阳江出口,2022/1/8 12:00,Ⅱ,13.24,7.81,10.423,1.6,0.0401,0.0424,2.371,5.4,0.7
浙江省,杭州市,浦阳江,浙闽片河流,浦阳江出口,2022/1/8 16:00,Ⅱ,11.55,7.55,11.57,1.7,0.0505,0.0447,2.339,305.6,17
浙江省,杭州市,浦阳江,浙闽片河流,浦阳江出口,2022/1/8 20:00,Ⅱ,11.25,7.51,11.641,1.6,0.061,0.0467,2.289,301.5,11.6
浙江省,杭州市,浦阳江,浙闽片河流,浦阳江出口,2022/1/9 0:00,Ⅱ,11.11,7.47,11.675,1.6,0.0376,0.0504,2.49,297.5,11.5
浙江省,杭州市,浦阳江,浙闽片河流,浦阳江出口,2022/1/9 4:00,Ⅱ,10.8,7.5,11.711,1,0.0369,0.0453,2.266,297.6,7.9
浙江省,杭州市,浦阳江,浙闽片河流,浦阳江出口,2022/1/9 8:00,Ⅱ,10.65,7.52,11.8,1.2,0.038,0.045,2.467,301.7,8.5
浙江省,杭州市,浦阳江,浙闽片河流,浦阳江出口,2022/1/9 12:00,Ⅱ,10.59,7.53,11.825,1.4,0.0372,0.0458,2.301,302.3,9.4
浙江省,杭州市,浦阳江,浙闽片河流,浦阳江出口,2022/1/9 16:00,Ⅱ,10.69,7.54,11.793,1.5,0.0549,0.0453,2.23,302.5,9
浙江省,杭州市,浦阳江,浙闽片河流,浦阳江出口,2022/1/9 20:00,Ⅱ,10.51,7.55,11.83,1.5,0.0523,0.0446,2.186,301.4,9.7
浙江省,杭州市,浦阳江,浙闽片河流,浦阳江出口,2022/1/10 0:00,Ⅱ,10.67,7.45,11.782,1.4,0.0538,0.0467,2.216,281.9,8.4
浙江省,杭州市,浦阳江,浙闽片河流,浦阳江出口,2022/1/10 4:00,Ⅱ,10.57,7.49,11.777,1.6,0.0467,0.0475,2.145,285.2,8.2
浙江省,杭州市,浦阳江,浙闽片河流,浦阳江出口,2022/1/10 8:00,Ⅱ,10.46,7.5,11.849,1.4,0.0299,0.0428,2.416,293.7,8.9
浙江省,杭州市,浦阳江,浙闽片河流,浦阳江出口,2022/1/10 12:00,Ⅱ,10.84,7.52,11.732,1.8,0.0346,0.045,2.262,300.9,10.5
浙江省,杭州市,浦阳江,浙闽片河流,浦阳江出口,2022/1/10 16:00,Ⅱ,11.24,7.57,11.615,1.1,0.0554,0.0457,2.115,309.5,10.7
浙江省,杭州市,浦阳江,浙闽片河流,浦阳江出口,2022/1/10 20:00,Ⅱ,10.79,7.55,11.796,1.5,0.0567,0.0438,2.184,287.7,8.5
浙江省,杭州市,浦阳江,浙闽片河流,浦阳江出口,2022/1/11 0:00,Ⅱ,10.48,7.58,11.874,1.5,0.0567,0.0438,2.184,291.9,8.1
浙江省,杭州市,浦阳江,浙闽片河流,浦阳江出口,2022/1/11 4:00,Ⅱ,10.23,7.53,11.973,1.6,0.0391,0.044,2.171,280.8,9.5
浙江省,杭州市,浦阳江,浙闽片河流,浦阳江出口,2022/1/11 8:00,Ⅱ,9.77,7.57,12.155,1.3,0.0481,0.0456,2.32,301.9,9.7
浙江省,杭州市,浦阳江,浙闽片河流,浦阳江出口,2022/1/11 12:00,Ⅱ,10.38,7.65,12.004,1.5,0.0492,0.0442,2.194,296.7,10.1
浙江省,杭州市,浦阳江,浙闽片河流,浦阳江出口,2022/1/11 16:00,Ⅱ,10.76,7.91,12.047,1.5,0.0492,0.0442,2.194,290.5,8.3
浙江省,杭州市,浦阳江,浙闽片河流,浦阳江出口,2022/1/11 20:00,Ⅱ,9.79,7.79,12.29,1.7,0.0744,0.0529,2.26,296.8,7.5
浙江省,杭州市,浦阳江,浙闽片河流,浦阳江出口,2022/1/12 0:00,Ⅱ,9.42,7.61,12.255,1.3,0.0615,0.0481,2.104,296.4,8
浙江省,杭州市,浦阳江,浙闽片河流,浦阳江出口,2022/1/12 4:00,Ⅱ,8.62,7.65,12.502,2,0.0408,0.0451,2.24,296.4,7.6
浙江省,杭州市,浦阳江,浙闽片河流,浦阳江出口,2022/1/12 8:00,Ⅱ,8.29,7.67,12.624,1.3,0.033,0.046,2.189,299.6,8
浙江省,杭州市,浦阳江,浙闽片河流,浦阳江出口,2022/1/12 12:00,Ⅱ,10.27,7.7,12.059,1.5,0.0465,0.0419,2.057,299.2,8.2
浙江省,杭州市,浦阳江,浙闽片河流,浦阳江出口,2022/1/12 16:00,Ⅱ,11.39,7.87,11.809,1.7,0.045,0.0413,2.085,309.3,9.5
浙江省,杭州市,浦阳江,浙闽片河流,浦阳江出口,2022/1/12 20:00,Ⅱ,10.36,7.73,12.013,1.5,0.0456,0.0429,2.207,301.9,7.7
浙江省,杭州市,浦阳江,浙闽片河流,浦阳江出口,2022/1/13 0:00,Ⅱ,9.86,7.55,12.092,1.3,0.0628,0.0453,2.053,296.9,8.3
浙江省,杭州市,浦阳江,浙闽片河流,浦阳江出口,2022/1/13 4:00,Ⅱ,8.96,7.59,12.368,1.4,0.0409,0.043,2.041,299.3,7.3
浙江省,杭州市,浦阳江,浙闽片河流,浦阳江出口,2022/1/13 8:00,Ⅱ,8.93,7.61,12.42,1.1,0.0488,0.0402,2.236,299.5,7.6
浙江省,杭州市,浦阳江,浙闽片河流,浦阳江出口,2022/1/13 12:00,Ⅱ,10.11,7.57,12.147,1.4,0.0439,0.0423,1.996,289.2,8.2
浙江省,杭州市,浦阳江,浙闽片河流,浦阳江出口,2022/1/13 16:00,Ⅱ,10.23,7.8,12.214,1.4,0.0536,0.0436,2.022,286,7.9
浙江省,杭州市,浦阳江,浙闽片河流,浦阳江出口,2022/1/13 20:00,Ⅱ,9.64,7.64,12.286,1.4,0.0556,0.046,2.014,283.9,8.2
浙江省,杭州市,浦阳江,浙闽片河流,浦阳江出口,2022/1/14 0:00,Ⅱ,9,7.54,12.369,1.3,0.0533,0.044,1.823,277.7,9.2
浙江省,杭州市,浦阳江,浙闽片河流,浦阳江出口,2022/1/14 4:00,Ⅱ,7.96,7.54,12.703,1.4,0.0451,0.0455,1.803,278.4,7.9
浙江省,杭州市,浦阳江,浙闽片河流,浦阳江出口,2022/1/14 8:00,Ⅱ,6.75,7.58,13.032,1.4,0.0578,0.0443,1.967,277.9,8.1
浙江省,杭州市,浦阳江,浙闽片河流,浦阳江出口,2022/1/14 12:00,Ⅱ,9.91,7.53,12.107,1.4,0.0569,0.0436,1.884,277.1,7.3
浙江省,杭州市,浦阳江,浙闽片河流,浦阳江出口,2022/1/14 16:00,Ⅱ,9.97,7.84,12.277,1.1,0.0387,0.0448,1.844,274.6,7.1
浙江省,杭州市,浦阳江,浙闽片河流,浦阳江出口,2022/1/14 20:00,Ⅱ,9.36,7.58,12.269,1.3,0.0421,0.0461,1.798,278.5,7.4
浙江省,杭州市,浦阳江,浙闽片河流,浦阳江出口,2022/1/15 0:00,Ⅱ,9.26,7.51,12.243,1.3,0.0394,0.044,1.738,283.1,8
浙江省,杭州市,浦阳江,浙闽片河流,浦阳江出口,2022/1/15 4:00,Ⅱ,8.5,7.54,12.483,1.2,0.0549,0.0427,1.859,282,9.2
浙江省,杭州市,浦阳江,浙闽片河流,浦阳江出口,2022/1/15 8:00,Ⅱ,8.42,7.59,12.579,1.1,0.0314,0.0431,1.88,281.3,10
浙江省,杭州市,浦阳江,浙闽片河流,浦阳江出口,2022/1/15 12:00,Ⅱ,10.66,7.55,11.941,1.4,0.0366,0.0425,1.812,280.5,8.5
浙江省,杭州市,浦阳江,浙闽片河流,浦阳江出口,2022/1/15 16:00,Ⅱ,11.86,7.67,11.639,1,0.0379,0.0421,1.712,282.8,8.5
浙江省,杭州市,浦阳江,浙闽片河流,浦阳江出口,2022/1/15 20:00,Ⅱ,10.48,7.41,11.9,1.5,0.0378,0.0443,1.664,296.4,8.7
浙江省,杭州市,浦阳江,浙闽片河流,浦阳江出口,2022/1/16 0:00,Ⅱ,10.23,7.43,11.96,1.1,0.0357,0.0434,1.695,299.4,8.1
浙江省,杭州市,浦阳江,浙闽片河流,浦阳江出口,2022/1/16 4:00,Ⅱ,10.14,7.43,11.981,1.1,0.0484,0.0419,1.645,298.5,7.8
浙江省,杭州市,浦阳江,浙闽片河流,浦阳江出口,2022/1/16 8:00,Ⅱ,10.06,7.41,11.998,1,0.0533,0.0417,1.86,299.2,7.8
浙江省,杭州市,浦阳江,浙闽片河流,浦阳江出口,2022/1/16 12:00,Ⅱ,11.43,7.41,11.709,1.3,0.0596,0.0426,1.7,299,7
浙江省,杭州市,浦阳江,浙闽片河流,浦阳江出口,2022/1/16 16:00,Ⅱ,11.97,7.58,11.627,1.5,0.0568,0.0434,1.78,301.4,7.4
浙江省,杭州市,浦阳江,浙闽片河流,浦阳江出口,2022/1/17 4:00,Ⅱ,10.54,7.42,11.852,1.4,0.0537,0.0427,1.702,302.9,7.4
浙江省,杭州市,浦阳江,浙闽片河流,浦阳江出口,2022/1/17 8:00,Ⅱ,10.31,7.43,11.93,0.8,0.0309,0.0403,1.874,303.3,7.7
浙江省,杭州市,浦阳江,浙闽片河流,浦阳江出口,2022/1/17 12:00,Ⅱ,11.24,7.45,11.735,1.4,0.0522,0.0398,1.822,303.4,8.1
浙江省,杭州市,浦阳江,浙闽片河流,浦阳江出口,2022/1/17 16:00,Ⅱ,11.75,7.65,11.729,1,0.0464,0.0396,1.837,303,7.8
浙江省,杭州市,浦阳江,浙闽片河流,浦阳江出口,2022/1/17 20:00,Ⅱ,11.21,7.4,11.698,1.2,0.0492,0.0409,1.908,301.1,7.6
浙江省,杭州市,浦阳江,浙闽片河流,浦阳江出口,2022/1/18 0:00,Ⅱ,10.97,7.4,11.762,1.2,0.0492,0.0409,1.908,300.7,7
浙江省,杭州市,浦阳江,浙闽片河流,浦阳江出口,2022/1/18 4:00,Ⅱ,10.8,7.39,11.809,1.1,0.0472,0.0392,1.772,301.5,7
浙江省,杭州市,浦阳江,浙闽片河流,浦阳江出口,2022/1/18 8:00,Ⅱ,10.62,7.43,11.853,1.1,0.0487,0.04,1.886,302.2,7.4
浙江省,杭州市,浦阳江,浙闽片河流,浦阳江出口,2022/1/18 12:00,Ⅱ,11.47,7.5,11.736,1.4,0.047,0.0412,1.868,302.7,7
浙江省,杭州市,浦阳江,浙闽片河流,浦阳江出口,2022/1/18 16:00,Ⅱ,12.29,7.69,11.582,1.4,0.0537,0.0424,1.783,301.5,8.5
浙江省,杭州市,浦阳江,浙闽片河流,浦阳江出口,2022/1/18 20:00,Ⅱ,11.26,7.4,11.653,1.3,0.0438,0.0436,1.727,292.7,7.5
浙江省,杭州市,浦阳江,浙闽片河流,浦阳江出口,2022/1/19 0:00,Ⅱ,10.75,7.42,11.773,1.3,0.0438,0.0436,1.727,293.2,7.4
浙江省,杭州市,浦阳江,浙闽片河流,浦阳江出口,2022/1/19 4:00,Ⅱ,10.3,7.41,11.895,1.2,0.0407,0.0408,1.757,295.1,6.6
浙江省,杭州市,浦阳江,浙闽片河流,浦阳江出口,2022/1/19 8:00,Ⅱ,10.17,7.47,11.961,0.9,0.0569,0.0392,2.012,296.6,6.5
浙江省,杭州市,浦阳江,浙闽片河流,浦阳江出口,2022/1/19 12:00,Ⅱ,12.14,7.59,11.635,1.3,0.0539,0.0397,1.812,295.3,6.8
浙江省,杭州市,浦阳江,浙闽片河流,浦阳江出口,2022/1/19 16:00,Ⅱ,13.75,7.4,11.158,1.4,0.0406,0.0388,1.845,291.8,7.7
浙江省,杭州市,浦阳江,浙闽片河流,浦阳江出口,2022/1/19 20:00,Ⅲ,11.62,7.6,11.586,4.1,0.0471,0.0413,1.641,282.6,8.8
浙江省,杭州市,浦阳江,浙闽片河流,浦阳江出口,2022/1/20 0:00,Ⅲ,11.57,7.53,11.585,4.1,0.0512,0.0409,1.742,286.8,9.8
浙江省,杭州市,浦阳江,浙闽片河流,浦阳江出口,2022/1/20 4:00,Ⅲ,11.28,7.55,11.668,4.1,0.0534,0.0402,1.738,281.7,7.3
浙江省,杭州市,浦阳江,浙闽片河流,浦阳江出口,2022/1/20 8:00,Ⅲ,11.02,7.57,11.784,4.1,0.0534,0.0402,1.738,281.6,7.1
浙江省,杭州市,浦阳江,浙闽片河流,浦阳江出口,2022/1/20 16:00,Ⅱ,11.23,7.74,11.85,1,0.0511,0.039,1.798,281.2,7
浙江省,杭州市,浦阳江,浙闽片河流,浦阳江出口,2022/1/20 20:00,Ⅱ,11.1,7.59,11.781,1,0.0526,0.0378,1.703,277.2,8.3
浙江省,杭州市,浦阳江,浙闽片河流,浦阳江出口,2022/1/21 0:00,Ⅱ,10.64,7.65,11.895,1.2,0.0363,0.0396,1.675,287.3,11.1
浙江省,杭州市,浦阳江,浙闽片河流,浦阳江出口,2022/1/21 4:00,Ⅱ,10.47,7.65,11.955,1.2,0.0331,0.0404,1.645,283.8,8.8
浙江省,杭州市,浦阳江,浙闽片河流,浦阳江出口,2022/1/21 8:00,Ⅱ,10.42,7.64,11.983,0.9,0.0576,0.0396,1.829,281.9,8.9
浙江省,杭州市,浦阳江,浙闽片河流,浦阳江出口,2022/1/21 12:00,Ⅱ,10.96,7.66,11.875,1.2,0.0442,0.0358,2.909,281.5,7.8
浙江省,杭州市,浦阳江,浙闽片河流,浦阳江出口,2022/1/21 16:00,Ⅱ,11.34,7.75,11.818,1.8,0.0302,0.0493,1.952,278.6,7.6
浙江省,杭州市,浦阳江,浙闽片河流,浦阳江出口,2022/1/22 4:00,Ⅱ,11.01,7.61,11.765,1.5,0.0296,0.0474,2.404,275.7,8.4
浙江省,杭州市,浦阳江,浙闽片河流,浦阳江出口,2022/1/22 8:00,Ⅱ,10.96,7.6,11.755,1.3,0.0454,0.0456,2.623,276.3,8.1
浙江省,杭州市,浦阳江,浙闽片河流,浦阳江出口,2022/1/22 12:00,Ⅱ,11.14,7.63,11.729,1.5,0.0377,0.046,2.591,274.7,7.5
浙江省,杭州市,浦阳江,浙闽片河流,浦阳江出口,2022/1/22 16:00,Ⅱ,11.25,7.61,11.665,1.7,0.048,0.0493,2.411,277.6,7.5
浙江省,杭州市,浦阳江,浙闽片河流,浦阳江出口,2022/1/23 4:00,Ⅱ,11.15,7.57,11.678,1.5,0.0356,0.0481,1.773,250,6.2
浙江省,杭州市,浦阳江,浙闽片河流,浦阳江出口,2022/1/23 8:00,Ⅱ,11.17,7.56,11.666,1.3,0.0255,0.045,1.959,249.7,7.6
浙江省,杭州市,浦阳江,浙闽片河流,浦阳江出口,2022/1/23 12:00,Ⅱ,11.39,7.58,11.645,1.5,0.036,0.048,1.741,255.9,7.6
浙江省,杭州市,浦阳江,浙闽片河流,浦阳江出口,2022/1/23 16:00,Ⅱ,11.35,7.6,11.589,1.8,0.0371,0.0463,1.813,282.3,13.4
浙江省,杭州市,浦阳江,浙闽片河流,浦阳江出口,2022/1/23 20:00,Ⅱ,11.32,7.56,11.629,1.6,0.0346,0.0475,1.699,242.4,7.9
浙江省,杭州市,浦阳江,浙闽片河流,浦阳江出口,2022/1/24 0:00,Ⅱ,11.28,7.54,11.66,1.4,0.0267,0.049,1.643,239.4,8.1
浙江省,杭州市,浦阳江,浙闽片河流,浦阳江出口,2022/1/24 4:00,Ⅱ,11.02,7.59,11.712,1.7,0.0273,0.0472,1.596,263.6,8.3
浙江省,杭州市,浦阳江,浙闽片河流,浦阳江出口,2022/1/24 8:00,Ⅱ,10.54,7.62,11.683,2.1,0.0254,0.0467,1.758,354.2,13.5
浙江省,杭州市,浦阳江,浙闽片河流,浦阳江出口,2022/1/24 12:00,Ⅱ,10.12,7.46,11.277,2.1,0.0254,0.0467,1.758,370.7,10.2
浙江省,杭州市,浦阳江,浙闽片河流,浦阳江出口,2022/1/24 16:00,Ⅱ,10.3,7.59,11.689,2.6,0.0912,0.0448,1.998,390.7,16.7
浙江省,杭州市,浦阳江,浙闽片河流,浦阳江出口,2022/1/24 20:00,Ⅱ,10.29,7.61,11.672,3,0.0994,0.045,2.055,377.3,21.5
浙江省,杭州市,浦阳江,浙闽片河流,浦阳江出口,2022/1/25 4:00,Ⅱ,10.39,7.55,11.728,2.2,0.0977,0.0445,2.027,309,12.9
浙江省,杭州市,浦阳江,浙闽片河流,浦阳江出口,2022/1/25 8:00,Ⅱ,9.96,7.56,11.721,2.5,0.0805,0.0454,2.302,390.3,22.1
浙江省,杭州市,浦阳江,浙闽片河流,浦阳江出口,2022/1/25 12:00,Ⅱ,10.28,7.54,11.63,3,0.0725,0.0458,1.897,393.2,21.6
浙江省,杭州市,浦阳江,浙闽片河流,浦阳江出口,2022/1/25 16:00,Ⅱ,10.34,7.51,11.57,3.2,0.0613,0.0457,2.143,442.7,22.2
浙江省,杭州市,浦阳江,浙闽片河流,浦阳江出口,2022/1/25 20:00,Ⅱ,10.27,7.51,11.588,3.4,0.0431,0.0447,2.248,473.7,23.4
浙江省,杭州市,浦阳江,浙闽片河流,浦阳江出口,2022/1/26 0:00,Ⅱ,10.36,7.5,11.668,2.7,0.0424,0.0444,2.433,372.9,22
浙江省,杭州市,浦阳江,浙闽片河流,浦阳江出口,2022/1/26 4:00,Ⅱ,10.07,7.51,11.6,3.1,0.0296,0.0451,2.499,473.1,22.5
浙江省,杭州市,浦阳江,浙闽片河流,浦阳江出口,2022/1/26 8:00,Ⅱ,10.07,7.53,11.647,2.9,0.0317,0.044,2.858,472.1,21.9
浙江省,杭州市,浦阳江,浙闽片河流,浦阳江出口,2022/1/26 12:00,Ⅱ,10.04,7.56,11.672,3.3,0.0385,0.0448,2.72,451.5,17.2
浙江省,杭州市,浦阳江,浙闽片河流,浦阳江出口,2022/1/26 16:00,Ⅱ,10.21,7.54,11.608,3.3,0.0377,0.0443,2.82,438.3,16.8
浙江省,杭州市,浦阳江,浙闽片河流,浦阳江出口,2022/1/26 20:00,Ⅱ,10.26,7.53,11.555,3.4,0.0466,0.044,2.836,419.9,17.7
浙江省,杭州市,浦阳江,浙闽片河流,浦阳江出口,2022/1/27 0:00,Ⅱ,12.12,7.78,10.481,3.4,0.0381,0.0435,2.908,4,0.6
浙江省,杭州市,浦阳江,浙闽片河流,浦阳江出口,2022/1/27 4:00,Ⅱ,10.16,7.44,11.517,3.4,0.0377,0.0457,2.937,382.3,25.7
浙江省,杭州市,浦阳江,浙闽片河流,浦阳江出口,2022/1/27 8:00,Ⅱ,9.99,7.45,11.579,3,0.0409,0.0433,3.259,373.6,26.3
浙江省,杭州市,浦阳江,浙闽片河流,浦阳江出口,2022/1/27 12:00,Ⅱ,10.06,7.43,11.594,3.4,0.0475,0.0452,3.081,355.9,22.8
浙江省,杭州市,浦阳江,浙闽片河流,浦阳江出口,2022/1/27 16:00,Ⅱ,9.93,7.44,11.647,3.2,0.0468,0.0453,3.299,349.2,23.7
浙江省,杭州市,浦阳江,浙闽片河流,浦阳江出口,2022/1/27 20:00,Ⅱ,9.84,7.45,11.729,3.1,0.0628,0.044,3.166,337.7,25.6
浙江省,杭州市,浦阳江,浙闽片河流,浦阳江出口,2022/1/28 0:00,Ⅱ,9.73,7.46,11.76,3.1,0.0583,0.0454,3.273,334.9,24.5
浙江省,杭州市,浦阳江,浙闽片河流,浦阳江出口,2022/1/28 4:00,Ⅱ,9.14,7.5,11.945,3.2,0.0628,0.0446,3.293,344.4,25.3
浙江省,杭州市,浦阳江,浙闽片河流,浦阳江出口,2022/1/28 8:00,Ⅱ,9.03,7.48,11.995,2.8,0.0458,0.0426,3.535,336.5,26.3
浙江省,杭州市,浦阳江,浙闽片河流,浦阳江出口,2022/1/28 12:00,Ⅱ,9.14,7.48,11.976,3,0.0585,0.0443,3.308,318.4,22.7
浙江省,杭州市,浦阳江,浙闽片河流,浦阳江出口,2022/1/28 16:00,Ⅱ,8.89,7.46,12.068,2.9,0.0454,0.0432,3.554,294.7,25.5
浙江省,杭州市,浦阳江,浙闽片河流,浦阳江出口,2022/1/28 20:00,Ⅱ,8.59,7.47,12.201,2.9,0.0597,0.0425,3.326,285.5,29.5
浙江省,杭州市,浦阳江,浙闽片河流,浦阳江出口,2022/1/29 0:00,Ⅱ,8.52,7.47,12.192,2.9,0.0597,0.0425,3.326,289.6,28.9
浙江省,杭州市,浦阳江,浙闽片河流,浦阳江出口,2022/1/29 4:00,Ⅱ,8.31,7.48,12.198,2.9,0.0575,0.0426,3.453,300.8,25.3
浙江省,杭州市,浦阳江,浙闽片河流,浦阳江出口,2022/1/29 8:00,Ⅱ,8.17,7.48,12.252,2.6,0.0567,0.0447,3.576,303.5,25.5
浙江省,杭州市,浦阳江,浙闽片河流,浦阳江出口,2022/1/29 12:00,Ⅱ,8.24,7.47,12.229,2.8,0.0474,0.0446,3.308,308.5,22.5
浙江省,杭州市,浦阳江,浙闽片河流,浦阳江出口,2022/1/29 16:00,Ⅱ,8.28,7.47,12.194,2.9,0.0357,0.0438,3.422,307.6,29.1
浙江省,杭州市,浦阳江,浙闽片河流,浦阳江出口,2022/1/29 20:00,Ⅱ,8.07,7.48,12.296,2.9,0.0513,0.0447,3.38,309.4,23.6
浙江省,杭州市,浦阳江,浙闽片河流,浦阳江出口,2022/1/30 0:00,Ⅱ,9.38,7.81,11.276,2.9,0.0476,0.0437,3.394,0.7,0.6
浙江省,杭州市,浦阳江,浙闽片河流,浦阳江出口,2022/1/30 4:00,Ⅱ,7.78,7.47,12.354,3,0.0406,0.0423,3.354,319.7,22
浙江省,杭州市,浦阳江,浙闽片河流,浦阳江出口,2022/1/30 8:00,Ⅱ,7.77,7.49,12.406,2.6,0.042,0.0442,3.591,313.6,22.4
浙江省,杭州市,浦阳江,浙闽片河流,浦阳江出口,2022/1/30 12:00,Ⅱ,8.6,7.45,12.169,2.7,0.0548,0.0455,3.588,308.6,19.5
浙江省,杭州市,浦阳江,浙闽片河流,浦阳江出口,2022/1/30 16:00,Ⅱ,8.62,7.42,12.174,2.8,0.0346,0.0451,3.586,309.2,20.7
浙江省,杭州市,浦阳江,浙闽片河流,浦阳江出口,2022/1/30 20:00,Ⅱ,8.18,7.47,12.331,2.9,0.0443,0.0447,3.438,305.5,22.9
浙江省,杭州市,浦阳江,浙闽片河流,浦阳江出口,2022/1/31 0:00,Ⅱ,7.77,7.49,12.443,3,0.036,0.0444,3.381,304.9,21.2
浙江省,杭州市,浦阳江,浙闽片河流,浦阳江出口,2022/1/31 4:00,Ⅱ,7.51,7.5,12.515,2.9,0.0417,0.0443,3.292,309.8,21.6
浙江省,杭州市,浦阳江,浙闽片河流,浦阳江出口,2022/1/31 8:00,Ⅱ,7.5,7.5,12.555,2.5,0.05,0.0436,3.404,305.2,21.1
浙江省,杭州市,浦阳江,浙闽片河流,浦阳江出口,2022/1/31 12:00,Ⅱ,8.73,7.45,12.181,2.8,0.0468,0.0441,3.374,300.7,25.2
浙江省,杭州市,浦阳江,浙闽片河流,浦阳江出口,2022/1/31 16:00,Ⅱ,9.21,7.41,12.025,2.7,0.0653,0.0444,3.303,303.2,19.2
浙江省,杭州市,浦阳江,浙闽片河流,浦阳江出口,2022/1/31 20:00,Ⅱ,8.74,7.44,12.169,2.8,0.0472,0.0464,3.092,302.9,19.5
浙江省,杭州市,浦阳江,浙闽片河流,浦阳江出口,2022/2/1 0:00,Ⅱ,8.52,7.41,12.167,2.8,0.0616,0.0447,3.24,305.7,20.9
浙江省,杭州市,浦阳江,浙闽片河流,浦阳江出口,2022/2/1 4:00,Ⅱ,8.43,7.44,12.213,2.8,0.0433,0.0462,3.23,316.2,18.8
浙江省,杭州市,浦阳江,浙闽片河流,浦阳江出口,2022/2/1 8:00,Ⅱ,8.38,7.44,12.265,2.3,0.0338,0.0447,3.336,313.6,21.1
浙江省,杭州市,浦阳江,浙闽片河流,浦阳江出口,2022/2/1 12:00,Ⅱ,8.27,7.42,12.336,2.7,0.0406,0.0457,3.353,311.3,18.5
浙江省,杭州市,浦阳江,浙闽片河流,浦阳江出口,2022/2/1 16:00,Ⅱ,8.73,7.55,12.26,2.2,0.0473,0.0283,1.455,303,15
浙江省,杭州市,浦阳江,浙闽片河流,浦阳江出口,2022/2/1 20:00,Ⅱ,9.38,7.49,12.134,1.8,0.042,0.0475,3.152,282,12.2
浙江省,杭州市,浦阳江,浙闽片河流,浦阳江出口,2022/2/2 0:00,Ⅱ,9.19,7.53,12.199,1.9,0.0453,0.0472,2.904,279.7,10.6
浙江省,杭州市,浦阳江,浙闽片河流,浦阳江出口,2022/2/2 4:00,Ⅱ,8.93,7.55,12.28,1.9,0.0372,0.047,2.826,282.9,9.9
浙江省,杭州市,浦阳江,浙闽片河流,浦阳江出口,2022/2/2 8:00,Ⅱ,8.69,7.53,12.274,1.6,0.0409,0.0463,3.215,287.9,10.7
浙江省,杭州市,浦阳江,浙闽片河流,浦阳江出口,2022/2/2 12:00,Ⅱ,10.07,7.76,11.131,2.3,0.0432,0.0461,3.051,2.8,0.4
浙江省,杭州市,浦阳江,浙闽片河流,浦阳江出口,2022/2/2 16:00,Ⅱ,7.92,7.49,12.425,2.8,0.049,0.0469,2.902,314,15.7
浙江省,杭州市,浦阳江,浙闽片河流,浦阳江出口,2022/2/2 20:00,Ⅱ,8.85,7.55,12.344,1.9,0.048,0.0485,2.726,284.6,9.7
浙江省,杭州市,浦阳江,浙闽片河流,浦阳江出口,2022/2/3 0:00,Ⅱ,8.8,7.56,12.349,1.7,0.0585,0.0477,2.727,285.2,10.8
浙江省,杭州市,浦阳江,浙闽片河流,浦阳江出口,2022/2/3 8:00,Ⅱ,7.95,7.52,12.503,1.9,0.0339,0.0484,2.923,301.7,14.2
浙江省,杭州市,浦阳江,浙闽片河流,浦阳江出口,2022/2/3 12:00,Ⅱ,7.72,7.49,12.529,2.6,0.0435,0.0465,2.435,307.4,14.3
浙江省,杭州市,浦阳江,浙闽片河流,浦阳江出口,2022/2/3 16:00,Ⅱ,7.67,7.5,12.523,2.6,0.0438,0.0477,2.584,306.9,15.5
浙江省,杭州市,浦阳江,浙闽片河流,浦阳江出口,2022/2/3 20:00,Ⅱ,8.8,7.56,12.345,2,0.0372,0.0466,2.545,316.6,9.9
浙江省,杭州市,浦阳江,浙闽片河流,浦阳江出口,2022/2/4 0:00,Ⅱ,8.83,7.56,12.355,1.8,0.0473,0.0479,2.634,314.1,11
浙江省,杭州市,浦阳江,浙闽片河流,浦阳江出口,2022/2/4 4:00,Ⅱ,8.2,7.5,12.432,2.2,0.0307,0.0468,2.466,316.2,13.7
浙江省,杭州市,浦阳江,浙闽片河流,浦阳江出口,2022/2/4 8:00,Ⅱ,7.69,7.47,12.538,2.2,0.031,0.0482,2.833,306.5,14.9
浙江省,杭州市,浦阳江,浙闽片河流,浦阳江出口,2022/2/4 12:00,Ⅱ,8.38,7.44,12.338,2.7,0.0401,0.048,2.688,318.9,14.4
浙江省,杭州市,浦阳江,浙闽片河流,浦阳江出口,2022/2/4 16:00,Ⅱ,8.59,7.43,12.258,2.6,0.0397,0.0466,2.737,314.9,14.6
浙江省,杭州市,浦阳江,浙闽片河流,浦阳江出口,2022/2/4 20:00,Ⅱ,8.61,7.49,12.291,2.5,0.038,0.0471,2.672,324.7,12.2
浙江省,杭州市,浦阳江,浙闽片河流,浦阳江出口,2022/2/5 0:00,Ⅱ,8.59,7.55,12.363,2.5,0.038,0.0471,2.672,323.8,10.6
浙江省,杭州市,浦阳江,浙闽片河流,浦阳江出口,2022/2/5 4:00,Ⅱ,7.6,7.5,12.591,2.3,0.0372,0.0471,2.587,322.1,12.2
浙江省,杭州市,浦阳江,浙闽片河流,浦阳江出口,2022/2/5 8:00,Ⅱ,7.47,7.49,12.641,2.4,0.0509,0.0461,2.823,317,14.1
浙江省,杭州市,浦阳江,浙闽片河流,浦阳江出口,2022/2/5 12:00,Ⅱ,8.35,7.45,12.39,2.5,0.0365,0.0488,2.69,314.1,12.5
浙江省,杭州市,浦阳江,浙闽片河流,浦阳江出口,2022/2/5 16:00,Ⅱ,8.72,7.44,12.286,2.8,0.035,0.048,2.723,305.4,12.6
浙江省,杭州市,浦阳江,浙闽片河流,浦阳江出口,2022/2/5 20:00,Ⅱ,8.8,7.57,12.391,2.1,0.0412,0.049,2.737,335.7,10.3
浙江省,杭州市,浦阳江,浙闽片河流,浦阳江出口,2022/2/6 0:00,Ⅱ,8.89,7.62,12.409,2.1,0.0412,0.049,2.737,344.6,8.7
浙江省,杭州市,浦阳江,浙闽片河流,浦阳江出口,2022/2/6 4:00,Ⅱ,8.23,7.59,12.593,2,0.0446,0.0488,2.68,336.8,8.7
浙江省,杭州市,浦阳江,浙闽片河流,浦阳江出口,2022/2/6 8:00,Ⅱ,7.42,7.5,12.694,2.1,0.0302,0.048,2.885,311.9,11.9
浙江省,杭州市,浦阳江,浙闽片河流,浦阳江出口,2022/2/6 12:00,Ⅱ,8.42,7.4,12.376,2.5,0.0403,0.0479,2.833,306,11.2
浙江省,杭州市,浦阳江,浙闽片河流,浦阳江出口,2022/2/6 16:00,Ⅱ,8.27,7.46,12.39,2.4,0.0373,0.0486,2.768,306.1,12
浙江省,杭州市,浦阳江,浙闽片河流,浦阳江出口,2022/2/6 20:00,Ⅱ,8.65,7.57,12.385,2.2,0.0334,0.0478,2.792,327.8,11.2
浙江省,杭州市,浦阳江,浙闽片河流,浦阳江出口,2022/2/7 0:00,Ⅱ,8.82,7.66,12.385,1.9,0.032,0.0498,2.742,341.7,7.3
浙江省,杭州市,浦阳江,浙闽片河流,浦阳江出口,2022/2/7 4:00,Ⅱ,8.53,7.67,12.433,1.7,0.032,0.0482,2.584,340.8,6.7
浙江省,杭州市,浦阳江,浙闽片河流,浦阳江出口,2022/2/7 8:00,Ⅱ,7.41,7.55,12.639,2.2,0.0298,0.0486,2.82,310.2,11
浙江省,杭州市,浦阳江,浙闽片河流,浦阳江出口,2022/2/7 12:00,Ⅱ,6.97,7.52,12.741,2.3,0.025,0.0495,2.676,296.2,10.3
浙江省,杭州市,浦阳江,浙闽片河流,浦阳江出口,2022/2/7 16:00,Ⅱ,7.22,7.5,12.645,2.5,0.039,0.0496,2.136,298.6,12.7
浙江省,杭州市,浦阳江,浙闽片河流,浦阳江出口,2022/2/7 20:00,Ⅱ,6.84,7.49,12.859,2.6,0.0452,0.0492,2.162,276.7,17.4
浙江省,杭州市,浦阳江,浙闽片河流,浦阳江出口,2022/2/8 0:00,Ⅱ,6.87,7.5,12.819,2.6,0.0546,0.0486,2.724,270.3,19.6
浙江省,杭州市,浦阳江,浙闽片河流,浦阳江出口,2022/2/8 4:00,Ⅱ,6.81,7.48,12.834,2.6,0.0376,0.0498,2.713,255.4,21.8
浙江省,杭州市,浦阳江,浙闽片河流,浦阳江出口,2022/2/8 8:00,Ⅱ,6.94,7.45,12.902,2.1,0.0312,0.048,3.026,262.7,19.4
浙江省,杭州市,浦阳江,浙闽片河流,浦阳江出口,2022/2/8 12:00,Ⅱ,7.22,7.45,12.723,2.3,0.0356,0.0507,2.813,264.7,21
浙江省,杭州市,浦阳江,浙闽片河流,浦阳江出口,2022/2/8 16:00,Ⅱ,7.38,7.44,12.643,2.5,0.0323,0.0513,2.82,262.5,21.7
浙江省,杭州市,浦阳江,浙闽片河流,浦阳江出口,2022/2/8 20:00,Ⅱ,7.3,7.44,12.71,2.5,0.0339,0.0501,2.785,258.2,21.1
浙江省,杭州市,浦阳江,浙闽片河流,浦阳江出口,2022/2/9 0:00,Ⅱ,7.35,7.42,12.666,2.5,0.0339,0.0501,2.785,258.7,20.2
浙江省,杭州市,浦阳江,浙闽片河流,浦阳江出口,2022/2/9 4:00,Ⅱ,7.36,7.42,12.624,2.6,0.0425,0.0488,2.214,258.7,20.5
浙江省,杭州市,浦阳江,浙闽片河流,浦阳江出口,2022/2/9 8:00,Ⅱ,7.33,7.38,12.631,2.3,0.0372,0.0482,2.866,250.9,22.6
浙江省,杭州市,浦阳江,浙闽片河流,浦阳江出口,2022/2/9 12:00,Ⅱ,7.26,7.44,12.608,2.9,0.0308,0.0502,2.811,257.2,20.8
浙江省,杭州市,浦阳江,浙闽片河流,浦阳江出口,2022/2/9 16:00,Ⅱ,7.53,7.41,12.546,2.6,0.025,0.0498,2.775,244.9,23.2
浙江省,杭州市,浦阳江,浙闽片河流,浦阳江出口,2022/2/9 20:00,Ⅱ,7.46,7.4,12.573,2.6,0.027,0.0509,2.826,244.6,24.1
浙江省,杭州市,浦阳江,浙闽片河流,浦阳江出口,2022/2/10 0:00,Ⅱ,7.46,7.4,12.582,2.6,0.027,0.0509,2.826,241,23.4
浙江省,杭州市,浦阳江,浙闽片河流,浦阳江出口,2022/2/10 4:00,Ⅱ,7.35,7.4,12.614,2.7,0.025,0.0505,2.804,243.2,22.5
浙江省,杭州市,浦阳江,浙闽片河流,浦阳江出口,2022/2/10 8:00,Ⅱ,7.46,7.4,12.614,2.1,0.0304,0.0518,3.119,239.2,20.2
浙江省,杭州市,浦阳江,浙闽片河流,浦阳江出口,2022/2/10 12:00,Ⅱ,8.19,7.37,12.381,2.4,0.0284,0.0511,2.463,238.7,20.4
浙江省,杭州市,浦阳江,浙闽片河流,浦阳江出口,2022/2/10 16:00,Ⅱ,8.35,7.36,12.302,2.5,0.0289,0.0514,2.976,240.6,18.8
浙江省,杭州市,浦阳江,浙闽片河流,浦阳江出口,2022/2/10 20:00,Ⅱ,7.92,7.39,12.446,2.5,0.0404,0.0507,2.928,238.8,18
浙江省,杭州市,浦阳江,浙闽片河流,浦阳江出口,2022/2/11 0:00,Ⅱ,7.82,7.39,12.476,2.5,0.0404,0.0507,2.928,238.2,19.2
浙江省,杭州市,浦阳江,浙闽片河流,浦阳江出口,2022/2/11 4:00,Ⅱ,7.77,7.39,12.48,2.5,0.0502,0.0511,2.981,236.3,18.1
浙江省,杭州市,浦阳江,浙闽片河流,浦阳江出口,2022/2/11 8:00,Ⅱ,7.94,7.33,12.396,2.2,0.0273,0.0513,3.065,237.7,18.5
浙江省,杭州市,浦阳江,浙闽片河流,浦阳江出口,2022/2/11 12:00,Ⅱ,8,7.37,12.391,2.5,0.0379,0.0512,2.429,242.8,18.5
浙江省,杭州市,浦阳江,浙闽片河流,浦阳江出口,2022/2/11 16:00,Ⅱ,8.21,7.37,12.29,2.4,0.0423,0.0504,2.954,244.3,18.8
浙江省,杭州市,浦阳江,浙闽片河流,浦阳江出口,2022/2/11 20:00,Ⅱ,10.67,7.64,10.775,2.6,0.0363,0.0504,2.889,1.8,0.5
浙江省,杭州市,浦阳江,浙闽片河流,浦阳江出口,2022/2/12 0:00,Ⅱ,8.19,7.4,12.277,2.6,0.0363,0.0504,2.889,246.6,20.6
浙江省,杭州市,浦阳江,浙闽片河流,浦阳江出口,2022/2/12 4:00,Ⅱ,8.26,7.37,12.226,2.7,0.0522,0.0548,2.866,241.2,19.7
浙江省,杭州市,浦阳江,浙闽片河流,浦阳江出口,2022/2/12 8:00,Ⅱ,8.43,7.33,12.241,2,0.037,0.0519,2.95,224,20.7
浙江省,杭州市,浦阳江,浙闽片河流,浦阳江出口,2022/2/12 12:00,Ⅱ,8.56,7.32,12.377,2.2,0.0343,0.0331,1.805,225.7,19.1
浙江省,杭州市,浦阳江,浙闽片河流,浦阳江出口,2022/2/12 16:00,Ⅱ,8.75,7.29,12.12,2.5,0.029,0.0529,2.776,229.2,20.6
浙江省,杭州市,浦阳江,浙闽片河流,浦阳江出口,2022/2/12 20:00,Ⅱ,8.71,7.29,12.154,2.6,0.0405,0.0536,2.815,230.5,19.7
浙江省,杭州市,浦阳江,浙闽片河流,浦阳江出口,2022/2/13 0:00,Ⅱ,8.57,7.32,12.204,2.6,0.0405,0.0536,2.815,232.3,21.3
浙江省,杭州市,浦阳江,浙闽片河流,浦阳江出口,2022/2/13 4:00,Ⅱ,8.55,7.3,12.174,2.5,0.0278,0.0546,2.922,234.5,19
浙江省,杭州市,浦阳江,浙闽片河流,浦阳江出口,2022/2/13 8:00,Ⅱ,8.63,7.32,12.173,2.1,0.0413,0.0545,2.834,228.8,19.9
浙江省,杭州市,浦阳江,浙闽片河流,浦阳江出口,2022/2/13 12:00,Ⅱ,8.77,7.29,12.104,2.3,0.0404,0.0521,1.931,223.5,20.7
浙江省,杭州市,浦阳江,浙闽片河流,浦阳江出口,2022/2/13 16:00,Ⅱ,8.81,7.28,12.069,2.6,0.0427,0.0542,2.762,223.9,22.6
浙江省,杭州市,浦阳江,浙闽片河流,浦阳江出口,2022/2/13 20:00,Ⅱ,8.7,7.27,12.119,2.6,0.0412,0.0552,2.755,225.6,22.9
浙江省,杭州市,浦阳江,浙闽片河流,浦阳江出口,2022/2/14 0:00,Ⅱ,8.63,7.3,12.132,2.6,0.0412,0.0552,2.755,230.5,24.1
浙江省,杭州市,浦阳江,浙闽片河流,浦阳江出口,2022/2/14 4:00,Ⅱ,8.42,7.31,12.221,2.7,0.0371,0.0537,2.75,224.8,21.4
浙江省,杭州市,浦阳江,浙闽片河流,浦阳江出口,2022/2/14 8:00,Ⅱ,8.34,7.31,12.284,2.1,0.0399,0.0556,2.809,222.6,24.3
浙江省,杭州市,浦阳江,浙闽片河流,浦阳江出口,2022/2/14 12:00,Ⅱ,10.13,7.2,11.715,2.5,0.0531,0.0533,1.59,221.5,21.1
浙江省,杭州市,浦阳江,浙闽片河流,浦阳江出口,2022/2/14 16:00,Ⅱ,10,7.2,11.743,2.4,0.0423,0.0564,2.708,216.3,19.3
浙江省,杭州市,浦阳江,浙闽片河流,浦阳江出口,2022/2/14 20:00,Ⅱ,9.47,7.24,11.926,2.3,0.0343,0.0549,1.468,216.1,18.2
浙江省,杭州市,浦阳江,浙闽片河流,浦阳江出口,2022/2/15 0:00,Ⅱ,9.2,7.25,12.029,2.3,0.0343,0.0549,1.468,216.9,18.2
浙江省,杭州市,浦阳江,浙闽片河流,浦阳江出口,2022/2/15 4:00,Ⅱ,8.84,7.27,12.112,2.5,0.0385,0.0562,2.703,222.1,18.6
浙江省,杭州市,浦阳江,浙闽片河流,浦阳江出口,2022/2/15 8:00,Ⅱ,8.85,7.27,12.122,2,0.0538,0.0548,2.685,220.5,16.3
浙江省,杭州市,浦阳江,浙闽片河流,浦阳江出口,2022/2/15 12:00,Ⅱ,9.76,7.23,11.873,2.3,0.0478,0.0546,2.699,219.9,17.6
浙江省,杭州市,浦阳江,浙闽片河流,浦阳江出口,2022/2/15 16:00,Ⅱ,9.69,7.25,11.886,2.5,0.0453,0.0559,2.723,216.9,17.1
浙江省,杭州市,浦阳江,浙闽片河流,浦阳江出口,2022/2/15 20:00,Ⅱ,8.94,7.32,12.186,2.2,0.0424,0.0556,2.74,201.8,11.6
浙江省,杭州市,浦阳江,浙闽片河流,浦阳江出口,2022/2/16 0:00,Ⅱ,8.69,7.34,12.269,2,0.0486,0.0555,2.727,201.4,11.8
浙江省,杭州市,浦阳江,浙闽片河流,浦阳江出口,2022/2/16 4:00,Ⅱ,8.88,7.33,12.159,2.3,0.0438,0.0559,1.422,219.6,15.5
浙江省,杭州市,浦阳江,浙闽片河流,浦阳江出口,2022/2/16 8:00,Ⅱ,8.86,7.28,12.129,2.2,0.0356,0.0549,2.752,222.2,16.8
浙江省,杭州市,浦阳江,浙闽片河流,浦阳江出口,2022/2/16 12:00,Ⅱ,9.3,7.3,12,2.3,0.0479,0.0581,2.672,224.3,17.4
浙江省,杭州市,浦阳江,浙闽片河流,浦阳江出口,2022/2/16 16:00,Ⅱ,9.65,7.28,11.867,2.5,0.0366,0.0548,2.679,224.9,15.5
浙江省,杭州市,浦阳江,浙闽片河流,浦阳江出口,2022/2/16 20:00,Ⅱ,9.03,7.33,12.207,1.9,0.0481,0.0567,1.456,185.7,10.6
浙江省,杭州市,浦阳江,浙闽片河流,浦阳江出口,2022/2/17 0:00,Ⅱ,8.74,7.37,12.339,1.9,0.0481,0.0567,1.456,186.3,8.9
浙江省,杭州市,浦阳江,浙闽片河流,浦阳江出口,2022/2/17 4:00,Ⅱ,8.4,7.38,12.464,2.1,0.0456,0.0556,1.411,196.6,10.7
浙江省,杭州市,浦阳江,浙闽片河流,浦阳江出口,2022/2/17 8:00,Ⅱ,8,7.4,12.641,1.7,0.0272,0.0557,2.636,206.1,13.3
浙江省,杭州市,浦阳江,浙闽片河流,浦阳江出口,2022/2/17 12:00,Ⅱ,7.72,7.46,12.669,2.8,0.048,0.0561,2.575,221.8,14.1
浙江省,杭州市,浦阳江,浙闽片河流,浦阳江出口,2022/2/17 16:00,Ⅱ,7.48,7.59,12.771,3.3,0.0318,0.0558,2.245,229.4,16
浙江省,杭州市,浦阳江,浙闽片河流,浦阳江出口,2022/2/17 20:00,Ⅱ,7.93,7.42,12.6,2.1,0.0485,0.0547,1.531,185.9,11
浙江省,杭州市,浦阳江,浙闽片河流,浦阳江出口,2022/2/18 0:00,Ⅱ,8.04,7.39,12.582,2.1,0.0485,0.0547,1.531,185.1,10.5
浙江省,杭州市,浦阳江,浙闽片河流,浦阳江出口,2022/2/18 4:00,Ⅱ,7.84,7.41,12.579,1.8,0.0357,0.056,2.498,202.5,12.2
浙江省,杭州市,浦阳江,浙闽片河流,浦阳江出口,2022/2/18 8:00,Ⅱ,7.95,7.37,12.431,1.8,0.0413,0.055,2.396,216.7,15.4
浙江省,杭州市,浦阳江,浙闽片河流,浦阳江出口,2022/2/18 12:00,Ⅱ,8.24,7.32,12.298,2.1,0.0405,0.0554,2.297,226.8,17
浙江省,杭州市,浦阳江,浙闽片河流,浦阳江出口,2022/2/18 16:00,Ⅱ,8.38,7.28,12.188,2.3,0.0536,0.0545,2.316,236.7,16.4
浙江省,杭州市,浦阳江,浙闽片河流,浦阳江出口,2022/2/18 20:00,Ⅱ,8.49,7.34,12.381,1.7,0.0374,0.0546,2.51,186.9,11
浙江省,杭州市,浦阳江,浙闽片河流,浦阳江出口,2022/2/19 0:00,Ⅱ,8.27,7.33,12.365,1.7,0.0374,0.0546,2.51,213.3,14.4
浙江省,杭州市,浦阳江,浙闽片河流,浦阳江出口,2022/2/19 4:00,Ⅱ,8.08,7.33,12.243,2.3,0.0285,0.0556,2.332,238.7,21
浙江省,杭州市,浦阳江,浙闽片河流,浦阳江出口,2022/2/19 8:00,Ⅱ,7.9,7.35,12.37,2.1,0.025,0.0573,2.499,235.6,19.2
浙江省,杭州市,浦阳江,浙闽片河流,浦阳江出口,2022/2/19 12:00,Ⅱ,7.89,7.35,12.394,2.6,0.0471,0.0556,2.557,235.7,20.1
浙江省,杭州市,浦阳江,浙闽片河流,浦阳江出口,2022/2/19 16:00,Ⅲ,7.93,7.37,12.386,5,0.3413,0.0556,2.557,233.4,19
浙江省,杭州市,浦阳江,浙闽片河流,浦阳江出口,2022/2/19 20:00,Ⅱ,7.82,7.37,12.459,2.5,0.2727,0.0542,2.724,223.9,17.6
浙江省,杭州市,浦阳江,浙闽片河流,浦阳江出口,2022/2/20 0:00,Ⅱ,7.63,7.36,12.492,2.4,0.384,0.0546,3.001,233,17.8
浙江省,杭州市,浦阳江,浙闽片河流,浦阳江出口,2022/2/20 4:00,Ⅱ,7.29,7.37,12.729,2.4,0.4567,0.0551,3.168,229.2,17.8
浙江省,杭州市,浦阳江,浙闽片河流,浦阳江出口,2022/2/20 8:00,Ⅱ,7.12,7.39,12.819,2.1,0.3708,0.0541,3.241,229.3,18.6
浙江省,杭州市,浦阳江,浙闽片河流,浦阳江出口,2022/2/20 12:00,Ⅱ,7.82,7.42,12.469,2.4,0.3347,0.0551,2.687,229,16.4
浙江省,杭州市,浦阳江,浙闽片河流,浦阳江出口,2022/2/20 16:00,Ⅱ,8.11,7.32,12.521,2.2,0.4356,0.0563,2.689,225.6,18
浙江省,杭州市,浦阳江,浙闽片河流,浦阳江出口,2022/2/20 20:00,Ⅱ,8.05,7.36,12.464,2.4,0.2506,0.0548,2.565,209,16.2
浙江省,杭州市,浦阳江,浙闽片河流,浦阳江出口,2022/2/21 0:00,Ⅱ,7.77,7.35,12.513,2.2,0.3361,0.0563,2.511,211.4,16.8
浙江省,杭州市,浦阳江,浙闽片河流,浦阳江出口,2022/2/21 4:00,Ⅱ,7.52,7.34,12.571,2.3,0.3652,0.0534,2.577,218.4,17.1
浙江省,杭州市,浦阳江,浙闽片河流,浦阳江出口,2022/2/21 8:00,Ⅱ,7.16,7.38,12.714,2.5,0.191,0.0544,2.64,215.4,20
浙江省,杭州市,浦阳江,浙闽片河流,浦阳江出口,2022/2/21 12:00,Ⅱ,8.64,7.34,12.198,2.7,0.1984,0.0556,2.684,219,18.3
浙江省,杭州市,浦阳江,浙闽片河流,浦阳江出口,2022/2/21 16:00,Ⅱ,8.89,7.28,12.127,2.5,0.291,0.0582,2.627,216.5,18.3
浙江省,杭州市,浦阳江,浙闽片河流,浦阳江出口,2022/2/21 20:00,Ⅱ,8.88,7.3,12.207,2.2,0.2998,0.0551,2.47,201,14.1
浙江省,杭州市,浦阳江,浙闽片河流,浦阳江出口,2022/2/22 0:00,Ⅱ,8.95,7.26,12.176,2,0.2092,0.0565,2.55,190.8,11.3
浙江省,杭州市,浦阳江,浙闽片河流,浦阳江出口,2022/2/22 4:00,Ⅱ,8.15,7.31,12.433,2.3,0.2057,0.0555,2.49,212.3,16.5
浙江省,杭州市,浦阳江,浙闽片河流,浦阳江出口,2022/2/22 8:00,Ⅱ,8.03,7.3,12.464,2.1,0.1891,0.0499,2.697,212.2,17
浙江省,杭州市,浦阳江,浙闽片河流,浦阳江出口,2022/2/22 12:00,Ⅱ,8.29,7.3,12.528,2.3,0.1901,0.0577,2.536,211.9,15.8
浙江省,杭州市,浦阳江,浙闽片河流,浦阳江出口,2022/2/22 16:00,Ⅱ,8.56,7.32,12.313,2.4,0.2462,0.0569,2.603,214,17.9
浙江省,杭州市,浦阳江,浙闽片河流,浦阳江出口,2022/2/22 20:00,Ⅱ,8.36,7.33,12.496,2.1,0.2855,0.056,2.598,201.3,14.3
浙江省,杭州市,浦阳江,浙闽片河流,浦阳江出口,2022/2/23 0:00,Ⅱ,8.73,7.29,12.34,2.1,0.2855,0.056,2.598,184.6,10.6
浙江省,杭州市,浦阳江,浙闽片河流,浦阳江出口,2022/2/23 4:00,Ⅱ,7.67,7.34,12.802,2.1,0.2279,0.0548,2.479,201.5,13.1
浙江省,杭州市,浦阳江,浙闽片河流,浦阳江出口,2022/2/23 8:00,Ⅱ,7.11,7.37,13.037,1.9,0.2401,0.0559,2.564,208.9,15
浙江省,杭州市,浦阳江,浙闽片河流,浦阳江出口,2022/2/23 12:00,Ⅱ,8.42,7.35,12.429,2.7,0.2907,0.0565,2.507,216.2,17.6
浙江省,杭州市,浦阳江,浙闽片河流,浦阳江出口,2022/2/23 16:00,Ⅱ,8.87,7.29,12.254,2,0.1831,0.0548,2.537,211,15.3
浙江省,杭州市,浦阳江,浙闽片河流,浦阳江出口,2022/2/23 20:00,Ⅱ,8.2,7.31,12.543,2.3,0.2419,0.0571,2.496,212.9,15.3
浙江省,杭州市,浦阳江,浙闽片河流,浦阳江出口,2022/2/24 0:00,Ⅱ,7.9,7.35,12.597,2.3,0.2419,0.0571,2.496,210.7,14.5
浙江省,杭州市,浦阳江,浙闽片河流,浦阳江出口,2022/2/24 4:00,Ⅱ,7.59,7.35,12.781,2.2,0.4104,0.0557,2.465,220.5,13.9
浙江省,杭州市,浦阳江,浙闽片河流,浦阳江出口,2022/2/24 8:00,Ⅱ,7.53,7.34,12.873,1.7,0.3172,0.057,2.633,221.5,15.7
浙江省,杭州市,浦阳江,浙闽片河流,浦阳江出口,2022/2/24 12:00,Ⅱ,9.29,7.27,12.139,2.3,0.2072,0.0572,1.827,223.9,16
浙江省,杭州市,浦阳江,浙闽片河流,浦阳江出口,2022/2/24 16:00,Ⅱ,9.75,7.21,11.852,2.1,0.2347,0.0553,2.618,225.9,13.7
浙江省,杭州市,浦阳江,浙闽片河流,浦阳江出口,2022/2/24 20:00,Ⅱ,8.91,7.28,12.1,2.3,0.1823,0.0548,2.547,228,13.7
浙江省,杭州市,浦阳江,浙闽片河流,浦阳江出口,2022/2/25 0:00,Ⅱ,8.35,7.35,12.274,2.3,0.1823,0.0548,2.547,229.6,14.4
浙江省,杭州市,浦阳江,浙闽片河流,浦阳江出口,2022/2/25 4:00,Ⅱ,7.79,7.32,12.566,2.3,0.1885,0.0556,2.483,232.2,13.3
浙江省,杭州市,浦阳江,浙闽片河流,浦阳江出口,2022/2/25 8:00,Ⅱ,7.84,7.32,12.55,1.9,0.2551,0.0577,2.685,232.2,14.3
浙江省,杭州市,浦阳江,浙闽片河流,浦阳江出口,2022/2/25 12:00,Ⅱ,10.16,7.16,11.61,2,0.1775,0.0592,2.475,231.4,15.7
浙江省,杭州市,浦阳江,浙闽片河流,浦阳江出口,2022/2/25 16:00,Ⅱ,10.9,7.15,11.431,2.4,0.2964,0.0567,2.554,231.3,20.4
浙江省,杭州市,浦阳江,浙闽片河流,浦阳江出口,2022/2/25 20:00,Ⅱ,9.93,7.24,11.706,2.4,0.2777,0.0565,2.514,232.3,16.8
浙江省,杭州市,浦阳江,浙闽片河流,浦阳江出口,2022/2/26 0:00,Ⅱ,9.53,7.25,11.732,2.3,0.2016,0.0567,2.603,232,16.3
浙江省,杭州市,浦阳江,浙闽片河流,浦阳江出口,2022/2/26 4:00,Ⅱ,9.13,7.27,11.935,2.2,0.2676,0.0581,2.597,234.3,17.6
浙江省,杭州市,浦阳江,浙闽片河流,浦阳江出口,2022/2/26 8:00,Ⅱ,9.05,7.27,11.948,1.9,0.1729,0.058,2.628,236.1,15.4
浙江省,杭州市,浦阳江,浙闽片河流,浦阳江出口,2022/2/26 12:00,Ⅱ,11.31,7.13,11.217,2.3,0.1848,0.0554,2.177,238.2,18
浙江省,杭州市,浦阳江,浙闽片河流,浦阳江出口,2022/2/26 16:00,Ⅱ,12.54,7.02,10.869,2.4,0.1697,0.0564,2.638,234.3,20.7
浙江省,杭州市,浦阳江,浙闽片河流,浦阳江出口,2022/2/26 20:00,Ⅱ,10.96,7.13,11.295,2.5,0.3173,0.0563,2.589,233.6,19.7
浙江省,杭州市,浦阳江,浙闽片河流,浦阳江出口,2022/2/27 0:00,Ⅱ,10.18,7.2,11.523,2.5,0.2147,0.0578,2.567,236.8,18.7
浙江省,杭州市,浦阳江,浙闽片河流,浦阳江出口,2022/2/27 4:00,Ⅱ,9.91,7.22,11.659,2.3,0.2781,0.0592,2.489,236.7,16.9
浙江省,杭州市,浦阳江,浙闽片河流,浦阳江出口,2022/2/27 8:00,Ⅱ,9.97,7.25,11.556,2,0.4469,0.0587,2.555,250.7,17.5
浙江省,杭州市,浦阳江,浙闽片河流,浦阳江出口,2022/2/27 12:00,Ⅱ,12.11,7.13,10.934,2.3,0.2271,0.0562,2.616,245.3,16.3
浙江省,杭州市,浦阳江,浙闽片河流,浦阳江出口,2022/2/27 16:00,Ⅱ,13.69,7.07,10.599,2.4,0.2117,0.0554,2.603,239.6,17.6
浙江省,杭州市,浦阳江,浙闽片河流,浦阳江出口,2022/2/27 20:00,Ⅱ,12.2,7.19,11.013,2.3,0.281,0.0591,2.472,234.1,14.8
浙江省,杭州市,浦阳江,浙闽片河流,浦阳江出口,2022/2/28 0:00,Ⅱ,11.01,7.19,11.335,2.2,0.2148,0.0599,2.531,206.4,13.3
浙江省,杭州市,浦阳江,浙闽片河流,浦阳江出口,2022/2/28 4:00,Ⅱ,11.14,7.2,11.26,2.3,0.2771,0.0606,2.53,236.3,15.6
浙江省,杭州市,浦阳江,浙闽片河流,浦阳江出口,2022/2/28 8:00,Ⅱ,11.16,7.19,11.266,1.7,0.2894,0.0556,2.615,240.7,16
浙江省,杭州市,浦阳江,浙闽片河流,浦阳江出口,2022/2/28 12:00,Ⅱ,13.53,6.99,10.495,2.4,0.1695,0.0536,2.657,240.9,17.5
浙江省,杭州市,浦阳江,浙闽片河流,浦阳江出口,2022/2/28 16:00,Ⅱ,14.49,6.78,10.33,2.3,0.1942,0.0578,2.655,203.4,16.7
浙江省,杭州市,浦阳江,浙闽片河流,浦阳江出口,2022/2/28 20:00,Ⅱ,12.3,6.95,11.04,2.1,0.1873,0.0615,2.496,181.9,10.3
浙江省,杭州市,浦阳江,浙闽片河流,浦阳江出口,2022/3/1 0:00,Ⅱ,11.68,7.02,11.203,2,0.1509,0.0602,2.431,183,12
浙江省,杭州市,浦阳江,浙闽片河流,浦阳江出口,2022/3/1 4:00,Ⅱ,11.97,7.07,11.099,1.8,0.1779,0.061,2.3,199.5,12.4
浙江省,杭州市,浦阳江,浙闽片河流,浦阳江出口,2022/3/1 8:00,Ⅱ,12.52,7.08,10.916,1.9,0.1925,0.0604,1.701,228.1,14
浙江省,杭州市,浦阳江,浙闽片河流,浦阳江出口,2022/3/1 12:00,Ⅱ,14.5,6.97,10.45,2.4,0.2286,0.0611,2.376,236.7,15.2
浙江省,杭州市,浦阳江,浙闽片河流,浦阳江出口,2022/3/1 16:00,Ⅱ,13.67,6.84,10.634,2.5,0.1533,0.0618,2.101,193.9,13
浙江省,杭州市,浦阳江,浙闽片河流,浦阳江出口,2022/3/1 20:00,Ⅱ,12.1,7.04,11.218,2.1,0.1281,0.0647,2.26,185.8,10.3
浙江省,杭州市,浦阳江,浙闽片河流,浦阳江出口,2022/3/2 0:00,Ⅱ,11.31,7.11,11.428,1.8,0.1597,0.0622,0.764,183.4,10.6
浙江省,杭州市,浦阳江,浙闽片河流,浦阳江出口,2022/3/2 4:00,Ⅱ,11.01,7.12,11.547,2,0.1388,0.0621,2.173,188.1,9.7
浙江省,杭州市,浦阳江,浙闽片河流,浦阳江出口,2022/3/2 8:00,Ⅱ,11.1,7.13,11.486,1.4,0.1706,0.0614,2.236,188,10.6
浙江省,杭州市,浦阳江,浙闽片河流,浦阳江出口,2022/3/2 12:00,Ⅱ,12.72,7.06,10.942,1.9,0.1975,0.0606,2.163,204.7,13.5
浙江省,杭州市,浦阳江,浙闽片河流,浦阳江出口,2022/3/2 16:00,Ⅱ,13.02,7.01,10.92,1.9,0.1402,0.0634,2.279,186.7,10.6
浙江省,杭州市,浦阳江,浙闽片河流,浦阳江出口,2022/3/2 20:00,Ⅱ,11.83,7.02,11.283,1.9,0.1672,0.0604,2.16,180,9.6
浙江省,杭州市,浦阳江,浙闽片河流,浦阳江出口,2022/3/3 0:00,Ⅱ,11.25,7.08,11.432,1.9,0.165,0.0609,0.668,180.6,9.2
浙江省,杭州市,浦阳江,浙闽片河流,浦阳江出口,2022/3/3 4:00,Ⅱ,11.03,7.1,11.449,1.9,0.1396,0.0617,0.523,183.4,10.6
浙江省,杭州市,浦阳江,浙闽片河流,浦阳江出口,2022/3/3 8:00,Ⅱ,11.17,7.09,11.418,1.4,0.1375,0.061,1.6,184,11.6
浙江省,杭州市,浦阳江,浙闽片河流,浦阳江出口,2022/3/3 12:00,Ⅱ,13.28,7,10.944,1.8,0.1515,0.0598,0.864,185.5,13.4
浙江省,杭州市,浦阳江,浙闽片河流,浦阳江出口,2022/3/3 16:00,Ⅱ,14.32,6.91,10.608,2,0.1532,0.0587,2.104,191.8,15.2
浙江省,杭州市,浦阳江,浙闽片河流,浦阳江出口,2022/3/4 8:00,Ⅱ,11.92,7.01,11.22,1.4,0.1449,0.0633,2.012,177.2,10.5
浙江省,杭州市,浦阳江,浙闽片河流,浦阳江出口,2022/3/4 12:00,Ⅱ,13.01,6.99,10.979,1.4,0.1685,0.059,2.199,178.5,14.6
浙江省,杭州市,浦阳江,浙闽片河流,浦阳江出口,2022/3/4 16:00,Ⅱ,13.93,6.91,10.65,1.7,0.1608,0.0577,1.758,188.5,14.2
浙江省,杭州市,浦阳江,浙闽片河流,浦阳江出口,2022/3/4 20:00,Ⅱ,12.66,6.98,11.086,2.1,0.1228,0.0597,1.802,175.1,11.9
浙江省,杭州市,浦阳江,浙闽片河流,浦阳江出口,2022/3/5 0:00,Ⅱ,12.13,7.04,11.273,1.9,0.1156,0.0629,1.741,175.3,10.2
浙江省,杭州市,浦阳江,浙闽片河流,浦阳江出口,2022/3/5 4:00,Ⅱ,12.22,7.05,11.163,1.8,0.1279,0.0609,1.825,181.1,10.9
浙江省,杭州市,浦阳江,浙闽片河流,浦阳江出口,2022/3/5 8:00,Ⅱ,12.48,7.04,11.107,1.3,0.1366,0.0609,1.743,181.7,12.7
浙江省,杭州市,浦阳江,浙闽片河流,浦阳江出口,2022/3/5 12:00,Ⅱ,14.14,6.95,10.743,1.9,0.16,0.0577,1.316,185,14
浙江省,杭州市,浦阳江,浙闽片河流,浦阳江出口,2022/3/5 16:00,Ⅱ,15.06,6.95,10.461,2.2,0.1934,0.0626,1.384,192.2,12.1
浙江省,杭州市,浦阳江,浙闽片河流,浦阳江出口,2022/3/5 20:00,Ⅱ,12.3,7.04,11.29,1.9,0.1356,0.0623,1.75,171.8,11.6
浙江省,杭州市,浦阳江,浙闽片河流,浦阳江出口,2022/3/6 0:00,Ⅱ,11.79,7.12,11.46,1.8,0.1241,0.0627,1.101,172.1,11.6
浙江省,杭州市,浦阳江,浙闽片河流,浦阳江出口,2022/3/6 4:00,Ⅱ,11.62,7.14,11.516,1.8,0.1343,0.0623,1.788,176.7,10.6
浙江省,杭州市,浦阳江,浙闽片河流,浦阳江出口,2022/3/6 8:00,Ⅱ,11.49,7.14,11.543,1.4,0.1287,0.0603,1.727,173.3,11.5
浙江省,杭州市,浦阳江,浙闽片河流,浦阳江出口,2022/3/6 12:00,Ⅱ,11.85,7.15,11.446,1.7,0.1273,0.0607,1.904,173.9,10.6
浙江省,杭州市,浦阳江,浙闽片河流,浦阳江出口,2022/3/6 16:00,Ⅱ,11.64,7.18,11.542,1.7,0.1156,0.0608,1.844,174.4,9.6
浙江省,杭州市,浦阳江,浙闽片河流,浦阳江出口,2022/3/6 20:00,Ⅱ,11.23,7.16,11.603,1.6,0.1181,0.0575,1.78,171.1,11.1
浙江省,杭州市,浦阳江,浙闽片河流,浦阳江出口,2022/3/7 0:00,Ⅱ,10.92,7.21,11.719,1.7,0.1185,0.0594,1.061,171.3,9.9
浙江省,杭州市,浦阳江,浙闽片河流,浦阳江出口,2022/3/7 4:00,Ⅱ,10.96,7.2,11.73,1.7,0.1396,0.0595,1.089,175.9,12.5
浙江省,杭州市,浦阳江,浙闽片河流,浦阳江出口,2022/3/7 8:00,Ⅱ,10.95,7.2,11.721,1.5,0.1321,0.0604,1.739,178.2,11.7
浙江省,杭州市,浦阳江,浙闽片河流,浦阳江出口,2022/3/7 12:00,Ⅱ,11.88,7.19,11.43,1.8,0.1776,0.0576,1.783,184.5,14.7
浙江省,杭州市,浦阳江,浙闽片河流,浦阳江出口,2022/3/7 16:00,Ⅱ,13.4,7.1,10.892,1.9,0.2099,0.0579,1.628,195.3,13.7
浙江省,杭州市,浦阳江,浙闽片河流,浦阳江出口,2022/3/7 20:00,Ⅱ,12.29,7.16,11.223,1.9,0.1347,0.0607,1.738,183.7,10.5
浙江省,杭州市,浦阳江,浙闽片河流,浦阳江出口,2022/3/8 0:00,Ⅱ,11.65,7.21,11.437,1.9,0.1347,0.0607,1.738,185.4,10.5
浙江省,杭州市,浦阳江,浙闽片河流,浦阳江出口,2022/3/8 4:00,Ⅱ,12.42,7.17,10.974,2.1,0.2093,0.0589,1.71,234.8,12
浙江省,杭州市,浦阳江,浙闽片河流,浦阳江出口,2022/3/8 8:00,Ⅱ,12.82,7.12,10.782,1.9,0.201,0.0583,1.86,244.5,12.9
浙江省,杭州市,浦阳江,浙闽片河流,浦阳江出口,2022/3/8 12:00,Ⅱ,14.54,6.98,10.432,2.2,0.171,0.0583,1.813,225.1,11.2
浙江省,杭州市,浦阳江,浙闽片河流,浦阳江出口,2022/3/8 16:00,Ⅱ,15.99,6.81,9.908,2.7,0.2254,0.0559,1.768,249.9,15.2
浙江省,杭州市,浦阳江,浙闽片河流,浦阳江出口,2022/3/8 20:00,Ⅱ,14.2,6.97,10.467,2.1,0.1495,0.058,1.828,209.9,10.2
浙江省,杭州市,浦阳江,浙闽片河流,浦阳江出口,2022/3/9 0:00,Ⅱ,12.69,7.07,11.13,2.1,0.1495,0.058,1.828,181.2,8.4
浙江省,杭州市,浦阳江,浙闽片河流,浦阳江出口,2022/3/9 4:00,Ⅱ,13.67,7.05,10.492,2.6,0.2493,0.0584,1.753,248.8,12.4
浙江省,杭州市,浦阳江,浙闽片河流,浦阳江出口,2022/3/9 8:00,Ⅱ,14.06,7.02,10.373,1.9,0.26,0.058,2.04,252.8,12.9
浙江省,杭州市,浦阳江,浙闽片河流,浦阳江出口,2022/3/9 12:00,Ⅱ,14.84,6.89,10.466,2.2,0.1292,0.058,1.59,198.7,10.6
浙江省,杭州市,浦阳江,浙闽片河流,浦阳江出口,2022/3/9 16:00,Ⅱ,17.18,6.73,9.752,2.2,0.1292,0.058,1.59,247.8,14.7
浙江省,杭州市,浦阳江,浙闽片河流,浦阳江出口,2022/3/10 8:00,Ⅱ,14.72,7.01,10.22,2.6,0.2205,0.0584,1.886,264.8,12.9
浙江省,杭州市,浦阳江,浙闽片河流,浦阳江出口,2022/3/10 12:00,Ⅱ,16.29,6.72,9.793,1.8,0.1896,0.0569,2.015,233.9,11.2
浙江省,杭州市,浦阳江,浙闽片河流,浦阳江出口,2022/3/10 16:00,Ⅱ,16.48,6.84,10.01,2.4,0.1868,0.0585,2.024,247.1,14
浙江省,杭州市,浦阳江,浙闽片河流,浦阳江出口,2022/3/10 20:00,Ⅱ,15.05,6.9,10.349,2.4,0.1354,0.0585,1.934,209.8,11.3
浙江省,杭州市,浦阳江,浙闽片河流,浦阳江出口,2022/3/11 0:00,Ⅱ,14.09,7.01,10.709,2.4,0.1354,0.0585,1.934,193,9.2
浙江省,杭州市,浦阳江,浙闽片河流,浦阳江出口,2022/3/11 4:00,Ⅱ,14.79,7.06,10.342,2.4,0.19,0.0571,1.36,258.3,12.6
浙江省,杭州市,浦阳江,浙闽片河流,浦阳江出口,2022/3/11 8:00,Ⅱ,15.26,7.01,10.098,2.2,0.2056,0.0568,2.059,275.9,13.8
浙江省,杭州市,浦阳江,浙闽片河流,浦阳江出口,2022/3/11 12:00,Ⅱ,16.98,6.76,9.785,2.5,0.1853,0.0533,2.057,244.1,11.8
浙江省,杭州市,浦阳江,浙闽片河流,浦阳江出口,2022/3/11 16:00,Ⅱ,17.89,6.49,9.743,2.9,0.1527,0.0576,2.101,220.3,12.3
浙江省,杭州市,浦阳江,浙闽片河流,浦阳江出口,2022/3/11 20:00,Ⅱ,20.92,6.89,8.777,2.7,0.1575,0.0578,2.203,9.9,0.4
浙江省,杭州市,浦阳江,浙闽片河流,浦阳江出口,2022/3/12 0:00,Ⅱ,15.08,6.95,10.524,2.7,0.1575,0.0578,2.203,199.8,10.5
浙江省,杭州市,浦阳江,浙闽片河流,浦阳江出口,2022/3/12 4:00,Ⅱ,14.71,6.99,10.594,2.1,0.134,0.06,2.029,193.1,12.4
浙江省,杭州市,浦阳江,浙闽片河流,浦阳江出口,2022/3/12 8:00,Ⅱ,15.36,7,10.451,1.7,0.1341,0.0574,1.887,208.6,13.5
浙江省,杭州市,浦阳江,浙闽片河流,浦阳江出口,2022/3/12 12:00,Ⅱ,17.87,7.36,9.994,1.9,0.1833,0.0605,1.978,245.7,17.3
浙江省,杭州市,浦阳江,浙闽片河流,浦阳江出口,2022/3/12 16:00,Ⅱ,18.67,6.94,9.466,2.4,0.1035,0.0596,1.919,207.8,11.2
浙江省,杭州市,浦阳江,浙闽片河流,浦阳江出口,2022/3/12 20:00,Ⅱ,16.96,7.04,9.841,2.7,0.0939,0.059,1.878,196.2,11.8
浙江省,杭州市,浦阳江,浙闽片河流,浦阳江出口,2022/3/13 0:00,Ⅱ,16.54,7.08,9.978,2.7,0.0939,0.059,1.878,184.8,10.7
浙江省,杭州市,浦阳江,浙闽片河流,浦阳江出口,2022/3/13 4:00,Ⅱ,17.47,7.16,9.701,2.6,0.1379,0.0589,1.813,241.1,13.1
浙江省,杭州市,浦阳江,浙闽片河流,浦阳江出口,2022/3/13 8:00,Ⅱ,17.87,7.17,9.494,2.3,0.1716,0.0591,1.931,261,16.7
浙江省,杭州市,浦阳江,浙闽片河流,浦阳江出口,2022/3/13 12:00,Ⅱ,17.32,7.03,9.572,2.6,0.1269,0.0571,1.82,208.4,11.5
浙江省,杭州市,浦阳江,浙闽片河流,浦阳江出口,2022/3/13 16:00,Ⅱ,20.4,7.1,9.117,3.1,0.1339,0.0577,1.873,237.5,12
浙江省,杭州市,浦阳江,浙闽片河流,浦阳江出口,2022/3/13 20:00,Ⅱ,17.39,6.98,9.661,2.8,0.0863,0.0618,1.993,189.7,13
浙江省,杭州市,浦阳江,浙闽片河流,浦阳江出口,2022/3/14 0:00,Ⅱ,16.45,7.13,9.992,2.8,0.0863,0.0618,1.993,180.3,10.8
浙江省,杭州市,浦阳江,浙闽片河流,浦阳江出口,2022/3/14 4:00,Ⅱ,16.12,7.17,10.115,2,0.1054,0.0616,1.834,194.1,15.9
浙江省,杭州市,浦阳江,浙闽片河流,浦阳江出口,2022/3/14 8:00,Ⅱ,16.68,7.16,9.98,1.5,0.1194,0.0589,1.916,200.7,15.9
浙江省,杭州市,浦阳江,浙闽片河流,浦阳江出口,2022/3/14 12:00,Ⅱ,20.24,6.95,9.199,2.8,0.1397,0.0561,1.74,216.2,18.6
浙江省,杭州市,浦阳江,浙闽片河流,浦阳江出口,2022/3/14 16:00,Ⅱ,19.31,6.88,9.41,3.1,0.1001,0.0572,1.685,193.4,11.2
浙江省,杭州市,浦阳江,浙闽片河流,浦阳江出口,2022/3/14 20:00,Ⅱ,17.35,7.07,9.822,2.4,0.1086,0.0588,1.653,196.7,10.7
浙江省,杭州市,浦阳江,浙闽片河流,浦阳江出口,2022/3/15 0:00,Ⅱ,16.71,7.12,9.961,2.4,0.107,0.0596,1.657,191.7,13.4
浙江省,杭州市,浦阳江,浙闽片河流,浦阳江出口,2022/3/15 4:00,Ⅱ,16.27,7.19,10.117,2.1,0.142,0.0594,1.724,195,19.8
浙江省,杭州市,浦阳江,浙闽片河流,浦阳江出口,2022/3/15 8:00,Ⅱ,16.84,7.25,9.95,1.5,0.1786,0.0602,1.48,206.3,20.7
浙江省,杭州市,浦阳江,浙闽片河流,浦阳江出口,2022/3/15 12:00,Ⅱ,19.97,7.03,9.197,2.6,0.1806,0.0579,1.59,230.8,22.2
浙江省,杭州市,浦阳江,浙闽片河流,浦阳江出口,2022/3/15 16:00,Ⅱ,19.72,6.75,9.145,2.8,0.1135,0.062,1.644,201.7,22.1
浙江省,杭州市,浦阳江,浙闽片河流,浦阳江出口,2022/3/15 20:00,Ⅱ,17.55,7.04,9.731,3.3,0.081,0.0598,1.413,195.7,10.4
浙江省,杭州市,浦阳江,浙闽片河流,浦阳江出口,2022/3/16 0:00,Ⅱ,16.8,7.11,9.978,2.2,0.1112,0.0613,1.575,195.4,12.6
浙江省,杭州市,浦阳江,浙闽片河流,浦阳江出口,2022/3/16 4:00,Ⅱ,16.36,7.16,10.069,2.4,0.0967,0.061,1.555,194.4,13.1
浙江省,杭州市,浦阳江,浙闽片河流,浦阳江出口,2022/3/16 8:00,Ⅱ,16.77,7.11,9.941,1.2,0.1077,0.0605,1.454,191.4,13.8
浙江省,杭州市,浦阳江,浙闽片河流,浦阳江出口,2022/3/16 12:00,Ⅱ,19.08,6.83,9.411,2.2,0.1069,0.0583,1.432,201.5,13.7
浙江省,杭州市,浦阳江,浙闽片河流,浦阳江出口,2022/3/16 16:00,Ⅱ,20.11,6.55,9.094,2.4,0.112,0.066,1.656,196.3,10.4
浙江省,杭州市,浦阳江,浙闽片河流,浦阳江出口,2022/3/16 20:00,Ⅱ,18.26,6.95,9.547,1.8,0.0684,0.063,1.442,198.6,13.7
浙江省,杭州市,浦阳江,浙闽片河流,浦阳江出口,2022/3/17 0:00,Ⅱ,17.56,7.07,9.836,1.8,0.0684,0.063,1.442,199.9,29
浙江省,杭州市,浦阳江,浙闽片河流,浦阳江出口,2022/3/17 4:00,Ⅱ,17.68,6.96,9.659,2.1,0.0816,0.0633,1.531,197.8,29.3
浙江省,杭州市,浦阳江,浙闽片河流,浦阳江出口,2022/3/17 8:00,Ⅱ,17.35,7,9.724,1.4,0.0734,0.064,1.882,199.2,15.3
浙江省,杭州市,浦阳江,浙闽片河流,浦阳江出口,2022/3/17 12:00,Ⅱ,17.42,6.99,9.661,1.6,0.1319,0.062,1.67,197.4,20.6
浙江省,杭州市,浦阳江,浙闽片河流,浦阳江出口,2022/3/17 16:00,Ⅱ,17.06,7.03,9.758,2.8,0.0948,0.063,1.579,194.3,18.2
浙江省,杭州市,浦阳江,浙闽片河流,浦阳江出口,2022/3/17 20:00,Ⅱ,15.83,7.18,10.115,1.8,0.0687,0.0608,1.351,192.4,18.7
浙江省,杭州市,浦阳江,浙闽片河流,浦阳江出口,2022/3/18 0:00,Ⅱ,15.1,7.29,10.4,1.8,0.0687,0.0608,1.351,195.4,14.4
浙江省,杭州市,浦阳江,浙闽片河流,浦阳江出口,2022/3/18 4:00,Ⅱ,14.55,7.29,10.349,1.8,0.1236,0.0605,1.242,197.6,24.3
浙江省,杭州市,浦阳江,浙闽片河流,浦阳江出口,2022/3/18 8:00,Ⅱ,14.67,7.29,10.334,1.5,0.159,0.0593,1.294,202.1,16
浙江省,杭州市,浦阳江,浙闽片河流,浦阳江出口,2022/3/18 12:00,Ⅱ,15.99,7.19,9.892,2.4,0.159,0.0571,1.376,216.4,22.7
浙江省,杭州市,浦阳江,浙闽片河流,浦阳江出口,2022/3/18 16:00,Ⅱ,16.95,7.13,9.66,2.4,0.2155,0.0604,1.119,205.7,28.5
浙江省,杭州市,浦阳江,浙闽片河流,浦阳江出口,2022/3/18 20:00,Ⅱ,16.13,7.15,10.123,1.6,0.1208,0.0575,1.333,186.3,20.1
浙江省,杭州市,浦阳江,浙闽片河流,浦阳江出口,2022/3/19 0:00,Ⅱ,15.72,7.19,10.239,1.5,0.0951,0.0572,1.151,191.1,17.9
浙江省,杭州市,浦阳江,浙闽片河流,浦阳江出口,2022/3/19 4:00,Ⅱ,15.61,7.22,10.225,1.6,0.1562,0.0578,1.321,193.6,33.7
浙江省,杭州市,浦阳江,浙闽片河流,浦阳江出口,2022/3/19 8:00,Ⅱ,15.65,7.2,10.232,1.4,0.1123,0.057,1.281,188.1,27.8
浙江省,杭州市,浦阳江,浙闽片河流,浦阳江出口,2022/3/19 12:00,Ⅱ,15.91,7.2,10.186,1.4,0.1159,0.0555,1.265,191.2,13.5
浙江省,杭州市,浦阳江,浙闽片河流,浦阳江出口,2022/3/19 16:00,Ⅱ,15.91,7.2,10.183,1.4,0.1159,0.0555,1.265,190.7,46.4
浙江省,杭州市,浦阳江,浙闽片河流,浦阳江出口,2022/3/20 8:00,Ⅱ,14.6,7.32,10.519,1.1,0.1164,0.0581,1.249,189.4,20.6
浙江省,杭州市,浦阳江,浙闽片河流,浦阳江出口,2022/3/20 12:00,Ⅱ,14.45,7.35,10.581,1.5,0.1185,0.0527,1.372,193.7,13.7
浙江省,杭州市,浦阳江,浙闽片河流,浦阳江出口,2022/3/20 16:00,Ⅱ,14.09,7.35,10.622,1.4,0.1215,0.0554,1.252,192.5,14.7
浙江省,杭州市,浦阳江,浙闽片河流,浦阳江出口,2022/3/20 20:00,Ⅱ,14.43,7.32,10.62,0.9,0.0878,0.0552,1.17,187.6,12.1
浙江省,杭州市,浦阳江,浙闽片河流,浦阳江出口,2022/3/21 0:00,Ⅱ,14.41,7.33,10.629,1.2,0.087,0.0633,1.426,184.5,16.8
浙江省,杭州市,浦阳江,浙闽片河流,浦阳江出口,2022/3/21 4:00,Ⅱ,14.26,7.33,10.646,1.4,0.1123,0.0553,1.472,191.2,16.4
浙江省,杭州市,浦阳江,浙闽片河流,浦阳江出口,2022/3/21 8:00,Ⅱ,14.25,7.32,10.635,0.9,0.0932,0.0544,1.48,187.2,16.3
浙江省,杭州市,浦阳江,浙闽片河流,浦阳江出口,2022/3/21 20:00,Ⅱ,14.18,7.32,10.476,1.4,0.1226,0.0555,1.327,187.1,16
浙江省,杭州市,浦阳江,浙闽片河流,浦阳江出口,2022/3/22 0:00,Ⅱ,14.07,7.34,10.547,1.3,0.172,0.0546,1.363,212.8,19.5
浙江省,杭州市,浦阳江,浙闽片河流,浦阳江出口,2022/3/22 4:00,Ⅱ,13.81,7.35,10.387,2.4,0.2271,0.0553,1.347,250.6,36.7
浙江省,杭州市,浦阳江,浙闽片河流,浦阳江出口,2022/3/22 8:00,Ⅱ,14.21,7.3,10.124,2.2,0.3104,0.0542,1.465,265.5,42.6
浙江省,杭州市,浦阳江,浙闽片河流,浦阳江出口,2022/3/22 12:00,Ⅱ,13.87,7.3,10.069,2.4,0.3123,0.0568,1.264,265.6,38.3
浙江省,杭州市,浦阳江,浙闽片河流,浦阳江出口,2022/3/22 16:00,Ⅱ,13.26,7.35,10.291,2,0.2984,0.055,1.302,262.2,39.8
浙江省,杭州市,浦阳江,浙闽片河流,浦阳江出口,2022/3/22 20:00,Ⅱ,13.27,7.33,10.25,2.8,0.4171,0.0549,1.424,261,41.2
浙江省,杭州市,浦阳江,浙闽片河流,浦阳江出口,2022/3/23 0:00,Ⅱ,12.93,7.3,10.379,2.7,0.3844,0.0553,1.277,244.1,41.3
浙江省,杭州市,浦阳江,浙闽片河流,浦阳江出口,2022/3/23 4:00,Ⅲ,12.43,7.26,10.511,2.9,0.5451,0.0528,1.614,211.9,41
浙江省,杭州市,浦阳江,浙闽片河流,浦阳江出口,2022/3/23 8:00,Ⅱ,12.25,7.23,10.633,2.3,0.2982,0.0525,1.86,200.6,41.3
浙江省,杭州市,浦阳江,浙闽片河流,浦阳江出口,2022/3/23 12:00,Ⅱ,13.7,7.05,10.266,2.8,0.1929,0.0533,1.12,217.4,36.3
浙江省,杭州市,浦阳江,浙闽片河流,浦阳江出口,2022/3/23 16:00,Ⅱ,14.04,7.04,10.195,2.9,0.2222,0.0531,0.871,215.8,32.8
浙江省,杭州市,浦阳江,浙闽片河流,浦阳江出口,2022/3/23 20:00,Ⅱ,13.41,7.07,10.32,3,0.213,0.054,0.504,209.4,30.1
浙江省,杭州市,浦阳江,浙闽片河流,浦阳江出口,2022/3/24 0:00,Ⅱ,13.07,7.11,10.339,2.5,0.372,0.0524,0.806,214.4,30.1
浙江省,杭州市,浦阳江,浙闽片河流,浦阳江出口,2022/3/24 4:00,Ⅱ,12.56,7.15,10.642,2.6,0.3424,0.0524,1.861,203.5,32.7
浙江省,杭州市,浦阳江,浙闽片河流,浦阳江出口,2022/3/24 8:00,Ⅱ,12.82,7.15,10.659,2,0.1888,0.0519,1.863,202.8,30.8
浙江省,杭州市,浦阳江,浙闽片河流,浦阳江出口,2022/3/24 12:00,Ⅱ,14.72,6.98,10.049,2.5,0.1432,0.053,1.957,216,27.4
浙江省,杭州市,浦阳江,浙闽片河流,浦阳江出口,2022/3/24 16:00,Ⅱ,15.99,6.86,9.786,2.8,0.1322,0.0529,2.103,214.6,27.6
浙江省,杭州市,浦阳江,浙闽片河流,浦阳江出口,2022/3/24 20:00,Ⅱ,15.13,6.95,9.994,2.8,0.1392,0.0543,1.941,218.6,26.6
浙江省,杭州市,浦阳江,浙闽片河流,浦阳江出口,2022/3/25 0:00,Ⅱ,14.82,6.99,10.042,2.8,0.1411,0.0539,1.025,214.3,27.2
浙江省,杭州市,浦阳江,浙闽片河流,浦阳江出口,2022/3/25 4:00,Ⅱ,14.6,7,9.99,2.7,0.1979,0.0561,1.104,209.4,27.3
浙江省,杭州市,浦阳江,浙闽片河流,浦阳江出口,2022/3/25 8:00,Ⅱ,14.67,6.99,9.959,2.1,0.164,0.0559,2.125,214.2,25.6
浙江省,杭州市,浦阳江,浙闽片河流,浦阳江出口,2022/3/25 12:00,Ⅱ,15.57,6.91,9.728,2.7,0.1746,0.0522,2.122,213.6,25.6
浙江省,杭州市,浦阳江,浙闽片河流,浦阳江出口,2022/3/25 16:00,Ⅱ,16.07,6.85,9.602,3,0.1559,0.0539,1.767,215.5,25.2
浙江省,杭州市,浦阳江,浙闽片河流,浦阳江出口,2022/3/25 20:00,Ⅱ,15.74,6.89,9.636,2.8,0.1664,0.058,1.942,222.6,26.8
浙江省,杭州市,浦阳江,浙闽片河流,浦阳江出口,2022/3/26 0:00,Ⅱ,15.4,6.94,9.686,3.2,0.2645,0.058,1.681,220.8,26.9
浙江省,杭州市,浦阳江,浙闽片河流,浦阳江出口,2022/3/26 4:00,Ⅱ,15.06,6.99,9.832,3,0.2229,0.0592,1.979,214.5,26.2
浙江省,杭州市,浦阳江,浙闽片河流,浦阳江出口,2022/3/26 8:00,Ⅱ,15.21,7,9.861,2.2,0.1895,0.0615,1.966,225.8,26.5
浙江省,杭州市,浦阳江,浙闽片河流,浦阳江出口,2022/3/26 12:00,Ⅱ,15.93,6.93,9.734,2.7,0.1505,0.0584,1.658,218.9,26
浙江省,杭州市,浦阳江,浙闽片河流,浦阳江出口,2022/3/26 16:00,Ⅱ,15.97,6.91,9.648,3,0.1985,0.0593,2.463,214.2,24.2
浙江省,杭州市,浦阳江,浙闽片河流,浦阳江出口,2022/3/26 20:00,Ⅱ,15.81,6.94,9.705,2.9,0.1591,0.06,2.261,208.8,24.2
浙江省,杭州市,浦阳江,浙闽片河流,浦阳江出口,2022/3/27 0:00,Ⅱ,15.73,6.94,9.687,2.9,0.3025,0.0684,1.557,217.3,25.3
浙江省,杭州市,浦阳江,浙闽片河流,浦阳江出口,2022/3/27 4:00,Ⅱ,15.52,6.97,9.725,2.6,0.3016,0.0682,1.288,211.9,24
浙江省,杭州市,浦阳江,浙闽片河流,浦阳江出口,2022/3/27 8:00,Ⅱ,15.58,6.95,9.784,2.4,0.1413,0.0611,2.138,204.3,27.3
浙江省,杭州市,浦阳江,浙闽片河流,浦阳江出口,2022/3/27 12:00,Ⅱ,16.11,6.88,9.667,2.8,0.151,0.0588,1.674,207.1,26.4
浙江省,杭州市,浦阳江,浙闽片河流,浦阳江出口,2022/3/27 16:00,Ⅱ,16.3,6.85,9.601,2.8,0.1497,0.0654,1.818,199.3,27.3
浙江省,杭州市,浦阳江,浙闽片河流,浦阳江出口,2022/3/27 20:00,Ⅱ,15.87,6.9,9.764,2.8,0.1967,0.0647,2.155,202,24.2
浙江省,杭州市,浦阳江,浙闽片河流,浦阳江出口,2022/3/28 0:00,Ⅱ,15.55,6.93,9.822,2.6,0.1376,0.0883,2.18,198.2,23.8
浙江省,杭州市,浦阳江,浙闽片河流,浦阳江出口,2022/3/28 4:00,Ⅱ,15.27,6.95,9.87,2.4,0.1355,0.0569,1.448,201.3,24.9
浙江省,杭州市,浦阳江,浙闽片河流,浦阳江出口,2022/3/28 8:00,Ⅱ,15,6.98,10.073,2.2,0.128,0.0607,1.929,198.2,25
浙江省,杭州市,浦阳江,浙闽片河流,浦阳江出口,2022/3/28 12:00,Ⅱ,15.35,6.94,9.967,2.5,0.1238,0.0574,1.23,195.8,22.4
浙江省,杭州市,浦阳江,浙闽片河流,浦阳江出口,2022/3/28 16:00,Ⅱ,16.4,6.85,9.645,2.5,0.1569,0.0563,2.406,193.8,24.1
浙江省,杭州市,浦阳江,浙闽片河流,浦阳江出口,2022/3/28 20:00,Ⅱ,15.63,6.9,9.872,2.6,0.2924,0.0595,2.091,187.8,22.1
浙江省,杭州市,浦阳江,浙闽片河流,浦阳江出口,2022/3/29 0:00,Ⅱ,15.09,6.97,10.043,2.6,0.1522,0.0582,1.931,202.2,23.2
浙江省,杭州市,浦阳江,浙闽片河流,浦阳江出口,2022/3/29 4:00,Ⅱ,14.68,7.02,10.184,2.4,0.1458,0.0583,0.72,202.4,20.7
浙江省,杭州市,浦阳江,浙闽片河流,浦阳江出口,2022/3/29 8:00,Ⅱ,14.68,7.03,10.187,2.2,0.287,0.0601,1.811,201.4,22.5
浙江省,杭州市,浦阳江,浙闽片河流,浦阳江出口,2022/3/29 12:00,Ⅱ,16.99,6.8,9.536,2.9,0.1215,0.0565,1.562,207,23
浙江省,杭州市,浦阳江,浙闽片河流,浦阳江出口,2022/3/29 16:00,Ⅱ,17.74,6.68,9.36,2.8,0.2473,0.0581,2.081,181.3,20.7
浙江省,杭州市,浦阳江,浙闽片河流,浦阳江出口,2022/3/29 20:00,Ⅱ,16.49,6.83,9.824,2.2,0.2234,0.0606,2.152,171.5,20.2
浙江省,杭州市,浦阳江,浙闽片河流,浦阳江出口,2022/3/30 0:00,Ⅱ,15.65,6.91,9.977,2.2,0.2252,0.0608,1.457,165.6,21.1
浙江省,杭州市,浦阳江,浙闽片河流,浦阳江出口,2022/3/30 4:00,Ⅱ,16.16,6.9,9.687,2.5,0.1526,0.0606,1.987,203.3,22
浙江省,杭州市,浦阳江,浙闽片河流,浦阳江出口,2022/3/30 8:00,Ⅱ,16.23,6.86,9.645,2.2,0.2468,0.0586,2.109,201.5,21.2
浙江省,杭州市,浦阳江,浙闽片河流,浦阳江出口,2022/3/30 12:00,Ⅱ,17.86,6.69,9.222,2.6,0.1398,0.0593,1.751,214.4,25.8
浙江省,杭州市,浦阳江,浙闽片河流,浦阳江出口,2022/3/30 16:00,Ⅱ,18.34,6.55,9.193,2.6,0.1398,0.0593,1.751,177.6,20.5
浙江省,杭州市,浦阳江,浙闽片河流,浦阳江出口,2022/3/30 20:00,Ⅱ,17.19,6.75,9.652,2.7,0.2171,0.0636,1.984,167.5,19.6
浙江省,杭州市,浦阳江,浙闽片河流,浦阳江出口,2022/3/31 0:00,Ⅱ,16.73,6.82,9.751,2.5,0.2218,0.0649,1.139,170.9,41.9
浙江省,杭州市,浦阳江,浙闽片河流,浦阳江出口,2022/3/31 4:00,Ⅱ,16.69,6.85,9.608,2.9,0.2608,0.063,0.42,194.2,20
浙江省,杭州市,浦阳江,浙闽片河流,浦阳江出口,2022/3/31 8:00,Ⅱ,16.53,6.88,9.585,2.2,0.241,0.0645,1.539,213.4,20.7
浙江省,杭州市,浦阳江,浙闽片河流,浦阳江出口,2022/3/31 12:00,Ⅱ,16.49,6.89,9.726,2.3,0.2533,0.0634,0.484,209.5,21.9
浙江省,杭州市,浦阳江,浙闽片河流,浦阳江出口,2022/3/31 16:00,Ⅱ,15.71,6.91,9.945,2.2,0.264,0.0631,0.541,181.9,25.6
浙江省,杭州市,浦阳江,浙闽片河流,浦阳江出口,2022/3/31 20:00,Ⅱ,15.26,6.97,10.255,2.3,0.2472,0.0633,1.664,165.6,21.3
