监测时间,水质类别,水温(℃),pH(无量纲),溶解氧(mg/L),电导率(μS/cm),浊度(NTU),高锰酸盐指数(mg/L),氨氮(mg/L),总磷(mg/L),总氮(mg/L)
2024/1/16 12:00,Ⅰ,4.2,7.89,11.72,642.9,2.7,1.4,0.048,0.009,4.69
2024/1/16 12:00,Ⅱ,3.5,7.94,13.24,1085,4.3,2.14,0.045,0.023,14.16
2024/1/16 12:00,Ⅲ,6.5,7.38,11.5,913.6,4.5,4.3,0.575,0.102,8.05
2024/1/16 12:00,Ⅳ,9.7,7.34,10.13,855.6,1.6,6.68,0.037,0.06,14.71
2024/1/16 12:00,Ⅱ,12.7,8,10.51,1230.9,3.5,2.89,0.088,0.062,10.48
2024/1/16 12:00,Ⅲ,5.1,8.43,13.95,1391.3,2.2,4.44,0.025,0.017,0.84
2024/1/16 12:00,Ⅲ,8.5,7.22,9.53,931.6,8.2,2.6,0.035,0.121,8.42
2024/1/16 12:00,Ⅱ,12.3,7.8,12.23,956,1.5,2.18,0.025,0.072,9.01
2024/1/16 12:00,Ⅰ,5.7,7.71,11.8,696.6,2.4,1.32,0.114,0.02,7.25
2024/1/16 12:00,Ⅱ,0.8,7.77,14.1,1232.1,3.4,2.6,0.159,0.037,6.66
2024/1/16 12:00,Ⅱ,2.5,7.81,14.63,1380.7,4.1,3.27,0.156,0.045,8.14
2024/1/16 12:00,Ⅲ,2.6,8.15,10.93,1307,1.9,3.48,0.995,0.168,9.18
2024/1/16 12:00,Ⅲ,1.1,8.1,11.89,1350.7,12.1,3.58,0.704,0.159,9.72
2024/1/16 12:00,Ⅰ,3.9,8.28,12.85,414.2,1.4,1.63,0.025,0.005,1.17
2024/1/16 12:00,Ⅱ,1,8.3,12.71,490.5,1,2.26,0.025,0.005,1.9
2024/1/16 12:00,Ⅰ,1.6,8.15,12.92,509.7,1.2,0.93,0.025,0.005,3.11
2024/1/16 12:00,Ⅰ,0.8,8.29,12.55,776.7,2.2,0.85,0.025,0.005,9.21
2024/1/16 12:00,Ⅱ,4.4,7.97,10.05,689.5,2.5,1.02,0.393,0.03,12.45
2024/1/16 12:00,Ⅱ,5.1,8.4,13.29,877.6,2.7,3.25,0.251,0.041,2.1
2024/1/16 12:00,Ⅱ,6.5,8.49,15.09,782.1,4.4,3.08,0.139,0.017,1.45
2024/1/16 12:00,Ⅱ,4.7,8.61,15.94,774,2.5,3.86,0.094,0.082,1.99
2024/1/16 12:00,Ⅲ,6.9,8.3,13.65,1252.2,2.9,4.5,0.25,0.036,1.55
2024/1/16 12:00,Ⅰ,5.2,8.17,13.77,256.3,1.1,1.24,0.039,0.005,1.23
2024/1/16 12:00,Ⅱ,4.8,8.4,12.55,889.8,4,3.63,0.152,0.041,2.62
2024/1/16 12:00,Ⅱ,2.3,8.56,13.89,1187.3,6.4,3.97,0.087,0.072,9.25
2024/1/16 12:00,Ⅲ,1.4,8.18,11.79,651.6,6.7,4.21,0.194,0.02,2.51
2024/1/16 12:00,Ⅱ,2.6,8.34,14.4,1061.7,3.2,3.77,0.143,0.044,9.3
2024/1/16 12:00,Ⅲ,2.7,8.85,28.88,1054.7,3.2,4.18,0.104,0.037,10.08
2024/1/16 12:00,Ⅲ,6.1,8.16,13.5,1778.4,5.5,4.71,0.222,0.089,4.92
2024/1/16 12:00,Ⅳ,5.8,8.74,15.67,13691.6,12.1,8.76,0.556,0.139,2.53
2024/1/16 12:00,Ⅳ,1.6,8.05,10.48,11515.1,29.6,9.45,0.938,0.143,2.29
2024/1/16 12:00,Ⅳ,3.6,8.49,12.84,1677.4,12.6,6.88,0.312,0.061,3.86
2024/1/16 12:00,Ⅳ,5.7,8.87,16.68,6479.5,14.9,8.47,0.255,0.115,2.88
2024/1/16 12:00,Ⅲ,4,8.69,14.81,1998.8,15.2,4.9,0.211,0.057,6.74
2024/1/16 12:00,Ⅳ,7.7,8.8,13.96,1941.5,18.6,6.38,0.662,0.086,7.71
2024/1/16 12:00,Ⅱ,4.6,8.22,11.39,600.6,1.6,2.58,0.272,0.017,2.5
2024/1/16 12:00,Ⅰ,2.7,8.12,14.22,732.4,4.7,0.76,0.025,0.019,12.19
2024/1/16 12:00,Ⅱ,4.2,7.63,11.97,978.4,1.8,2.59,0.203,0.06,12.26
2024/1/16 12:00,Ⅱ,4,8.05,13.52,770.4,14.2,1.06,0.025,0.022,12.23
2024/1/16 12:00,Ⅱ,2.3,7.89,18.19,850.7,8.4,2.19,0.07,0.029,3.24
2024/1/16 12:00,Ⅱ,3,8.56,13.26,739.6,91.9,1.02,0.234,0.025,3.92
2024/1/16 12:00,Ⅱ,11.5,8.31,10.57,1470.3,10.5,0.65,0.482,0.045,5.01
2024/1/16 12:00,Ⅱ,6.3,8.57,11.82,1122.2,11.2,1.38,0.465,0.027,9.37
2024/1/16 12:00,Ⅰ,3.6,8.65,11.59,599.4,2.9,1.36,0.032,0.012,2.8
2024/1/16 12:00,Ⅳ,7.6,7.88,10.17,1683.8,15,7.27,0.988,0.202,11.18
2024/1/16 12:00,Ⅱ,2.3,8.15,12.6,631.9,3.7,2.25,0.038,0.02,5.13
2024/1/16 12:00,Ⅲ,2.9,8.22,14.13,1584.7,4.3,4.17,0.982,0.143,11.42
2024/1/16 12:00,Ⅲ,2.9,8.44,19.27,1508.2,1.2,4.2,0.057,0.024,3.12
2024/1/16 12:00,Ⅱ,3.1,8.27,10.43,745.5,2.5,1.74,0.362,0.043,5.68
2024/1/16 12:00,Ⅳ,1.5,7.83,13.81,12814.2,3.3,9.2,0.275,0.054,8.17
2024/1/16 12:00,Ⅰ,8.1,8.31,13.56,588.8,0.6,0.75,0.025,0.012,5.72
2024/1/16 12:00,Ⅱ,4,8.06,17.61,734,1.2,2.59,0.025,0.005,3.62
2024/1/16 12:00,Ⅱ,3.5,8.3,17.2,1110.2,4.1,2.37,0.164,0.044,6.13
2024/1/16 12:00,Ⅱ,3.2,8.5,19.3,1155.2,4.3,3.34,0.043,0.037,10.58
2024/1/16 12:00,Ⅳ,2,8.01,13.49,3537.4,7.7,4.06,1.356,0.13,9.4
2024/1/16 12:00,Ⅲ,6.4,6.04,8.17,40271.4,31.6,5.5,0.258,0.031,2.04
2024/1/16 12:00,Ⅰ,6,8.5,11.13,640.4,4.7,1.97,0.028,0.005,4.33
2024/1/16 12:00,Ⅱ,3.8,8.57,15.83,1174.6,9.3,3.69,0.221,0.046,5.69
2024/1/16 12:00,Ⅲ,3.2,8.74,15.39,1925.2,24.4,3.9,0.954,0.058,8.38
2024/1/16 12:00,Ⅲ,3.4,8.54,12.47,1595.3,22,5.55,0.769,0.111,10.01
2024/1/16 12:00,Ⅲ,5.7,8.06,12.63,872.4,9.2,2.65,0.178,0.108,10.51
2024/1/16 12:00,Ⅱ,3.7,8.08,11.68,1759.3,11.7,2.49,0.067,0.044,5.07
2024/1/16 12:00,Ⅱ,4.1,8.38,12.09,1633.1,8.8,2.84,0.025,0.054,5.43
2024/1/16 12:00,Ⅰ,4,8.53,14.04,694.1,3.8,1.97,0.025,0.01,5.07
2024/1/16 12:00,Ⅱ,3.4,8.64,12.88,581.5,8.6,0.44,0.025,0.02,7.19
2024/1/16 12:00,Ⅱ,2.2,8.19,10.4,1150.3,11.1,1.32,0.498,0.005,7.56
2024/1/16 12:00,Ⅲ,0.4,8.84,10.98,1515,7.8,2.55,0.668,0.151,8.65
2024/1/16 12:00,Ⅱ,2.5,8.05,7.73,947.8,21.4,1.76,0.475,0.082,7.26
2024/1/16 12:00,Ⅰ,2,8.31,13.78,705.7,1.3,1.32,0.025,0.012,8.47
2024/1/16 12:00,Ⅰ,1.1,8.56,13.65,552.2,0.5,0.76,0.025,0.005,2.93
2024/1/16 12:00,Ⅰ,2.6,8.34,12.98,1198.6,0.3,0.72,0.025,0.005,2.56
2024/1/16 12:00,Ⅱ,2.7,8.54,13.53,1033.4,3,1.51,0.307,0.052,8.27
2024/1/16 12:00,Ⅰ,0.4,7.9,10.96,536.5,1.7,1.07,0.031,0.005,4.9
2024/1/16 12:00,Ⅲ,1.6,8.02,11.74,1027.2,9.5,3.17,0.609,0.078,9.22
2024/1/16 12:00,Ⅱ,3.4,8.23,14.91,1046.7,1.2,1.43,0.214,0.06,14.99
2024/1/16 12:00,Ⅰ,0.4,7.96,11.43,697.7,3.7,0.92,0.025,0.005,8.29
2024/1/16 12:00,Ⅳ,2.9,7.56,4.15,692.9,3.5,1.13,0.102,0.03,11.42
2024/1/16 12:00,Ⅰ,0.8,8.04,12.55,993.1,5.4,1.28,0.074,0.011,8.41
2024/1/16 12:00,Ⅲ,6.8,7.77,6.89,2431.7,16.6,5.05,0.135,0.041,0.9
2024/1/16 12:00,Ⅲ,3.5,8.89,30,2248.7,15.5,5.65,0.096,0.087,2.56
2024/1/16 12:00,Ⅲ,9.5,7.8,8.41,1474.2,11.9,4.5,0.108,0.03,1.32
2024/1/16 12:00,Ⅳ,3.8,8.91,25.44,10141.2,22.2,9.7,0.602,0.13,2.67
2024/1/16 12:00,Ⅱ,3.6,7.63,10.94,706.6,6,2.44,0.035,0.018,1.22
2024/1/16 12:00,Ⅱ,3.1,8.17,12.63,1179.2,4.6,3.5,0.094,0.069,9.51
2024/1/16 12:00,Ⅱ,3.2,8.14,15.34,1034,2.7,3.88,0.101,0.086,10.29
2024/1/16 12:00,Ⅲ,4.5,8.43,16.1,1361.8,4,4.8,0.231,0.045,2.14
2024/1/16 12:00,Ⅱ,5.2,8.04,11.32,983.7,3,2.92,0.067,0.037,4.85
2024/1/16 12:00,Ⅳ,1.5,7.62,11.26,1208.5,1.6,4.94,1.476,0.107,11.94
2024/1/16 12:00,Ⅱ,4.7,8.54,12.93,758.4,13,2.75,0.106,0.021,3.15
2024/1/16 12:00,Ⅰ,2.8,8.77,11.75,686.3,8.1,1.67,0.025,0.009,3.8
2024/1/16 12:00,Ⅲ,5.6,8.38,9.4,1047.7,2,5.3,0.025,0.015,0.69
2024/1/16 12:00,Ⅲ,2.7,8.03,12.24,1378.5,14.8,4.06,0.454,0.097,7.12
2024/1/16 12:00,Ⅰ,1.7,8.35,12.5,780.7,6.4,1.49,0.09,0.005,2.05
2024/1/16 12:00,Ⅳ,1.7,8.18,9.86,1116.9,9.1,2.63,0.762,0.225,13.84
2024/1/16 12:00,Ⅱ,3.6,8.4,11.98,567.5,6.2,1.07,0.217,0.058,6.89
2024/1/16 12:00,Ⅱ,6.4,8.3,9.59,1444,2,1.95,0.025,0.06,0.67
2024/1/16 12:00,Ⅱ,1.2,8.39,11.01,1086.2,10.5,1.99,0.149,0.048,9.16
2024/1/16 12:00,Ⅲ,1.9,8.18,8.06,1251.8,21.7,3.05,0.662,0.165,4.43
2024/1/16 12:00,Ⅱ,0.9,8.02,8.59,2033,2.6,3.9,0.319,0.048,7.35
2024/1/16 12:00,Ⅱ,1.8,8.34,12.58,627.6,18.1,1.04,0.292,0.046,5.27
2024/1/16 12:00,Ⅱ,2.6,8.07,11.75,780.7,9.4,1.79,0.058,0.021,5.08
2024/1/16 12:00,Ⅱ,4.6,7.6,7.92,819.4,4.6,1.96,0.057,0.022,6.1
2024/1/16 12:00,Ⅱ,6.5,7.88,10.28,701.5,2.3,2.73,0.116,0.025,1.43
2024/1/16 12:00,Ⅱ,4.2,8.01,9.86,1146.5,7,2.77,0.415,0.064,10.8
2024/1/16 12:00,Ⅱ,4.3,8.15,12.45,521.2,1.4,2.52,0.03,0.013,1.28
2024/1/16 12:00,Ⅱ,2.9,7.76,9.31,898.2,11.3,1.28,0.193,0.033,5.97
2024/1/16 12:00,Ⅳ,1.2,8.71,27.48,992.1,24.4,9.55,0.025,0.204,6.18
2024/1/16 12:00,Ⅱ,0.7,7.63,7.93,858.9,1.7,1.87,0.104,0.022,3.71
2024/1/16 12:00,Ⅰ,2,8.08,12.7,699.6,6.6,0.66,0.025,0.011,3.97
2024/1/16 12:00,Ⅳ,0.5,8.13,9.68,2933.9,48,6.6,1.424,0.104,14.77
2024/1/16 12:00,Ⅲ,0.8,8.32,12.26,1622.6,26.1,4.43,0.987,0.134,8.71
2024/1/16 12:00,Ⅱ,1.4,8.41,11.99,969.9,59.2,3.62,0.231,0.054,3.63
2024/1/16 12:00,Ⅱ,4,8.2,12.77,907.7,17.4,1.54,0.262,0.043,5.92
2024/1/16 12:00,劣Ⅴ,5.1,7.62,8.32,2160.4,54.2,6.5,3.165,0.316,11.63
2024/1/16 12:00,Ⅰ,9,8.24,9.73,750.9,4.7,0.87,0.098,0.017,2.39
2024/1/16 12:00,Ⅳ,0.9,8.31,9.79,822.3,26,1.8,1.129,0.11,7.07
2024/1/16 12:00,Ⅳ,0.5,7.97,9.1,1043.6,30.2,2.14,1.364,0.137,8.09
2024/1/16 12:00,Ⅱ,4,8.07,11.86,579.3,14.3,1.25,0.464,0.059,5.27
2024/1/16 12:00,Ⅰ,8.1,8.22,11.69,501.4,2.9,1,0.025,0.005,3.92
2024/1/16 12:00,劣Ⅴ,3.7,8.55,13.06,1534.8,47.3,4.8,2.101,0.107,8.42
2024/1/16 12:00,Ⅲ,1.7,8.34,12.02,1171.9,19.5,1.79,0.561,0.051,10.08
2024/1/16 12:00,Ⅴ,0.4,8.17,8.45,752.8,23.4,2.69,1.559,0.168,6.91
2024/1/16 12:00,Ⅱ,0.4,8.21,11.22,739,15.6,0.85,0.156,0.049,6.77
2024/1/16 12:00,Ⅲ,0.6,8.39,11.13,1620.2,9.9,0.73,0.026,0.109,14.8
2024/1/16 12:00,Ⅳ,0.6,7.96,11.5,1108.3,57.7,2.77,1.165,0.138,7.53
2024/1/16 12:00,劣Ⅴ,1.4,8.4,9.21,1541.1,6.9,3.25,2.634,0.066,15.24
2024/1/16 12:00,Ⅳ,0.7,7.8,11.81,1497.9,20,4.36,1.065,0.107,7.97
2024/1/16 12:00,Ⅰ,2.4,8.36,10.6,1081.3,156.1,1.2,0.076,0.011,3.38
2024/1/16 12:00,Ⅰ,0.8,8.4,10.91,1056.9,104.4,1.85,0.093,0.013,3.24
2024/1/16 12:00,Ⅱ,2.8,7.76,8.68,1832.8,2.6,3.31,0.284,0.038,3.46
2024/1/16 12:00,Ⅰ,2.6,7.68,11.3,1057.3,121.3,1.44,0.067,*,*
2024/1/16 12:00,Ⅱ,0.5,8.3,12.66,971.6,83.3,1.88,0.025,0.03,2.88
2024/1/16 8:00,Ⅱ,2.1,8.61,11.44,1031.5,18.8,1.98,0.36,*,*
2024/1/16 12:00,Ⅱ,3.7,6.55,9.6,98.9,2.2,0.77,0.173,0.009,0.8
2024/1/16 12:00,Ⅱ,0.7,8.29,12.49,974.1,62.3,1.82,0.025,0.076,3.64
2024/1/16 12:00,Ⅰ,2.6,7.94,9.09,989.9,12.2,1.03,0.025,0.006,5.91
2024/1/16 12:00,Ⅰ,0.8,8.47,9.98,983.9,38.2,0.83,0.078,0.014,3.24
2024/1/16 12:00,Ⅲ,10,7.19,9.6,989.3,1,4.98,0.363,0.066,10.05
2024/1/16 8:00,Ⅲ,7.2,7.47,12.62,945.4,3.1,3.24,0.633,0.134,6.98
2024/1/16 12:00,Ⅲ,3.6,7.24,10.71,690.8,11.4,2.87,0.628,0.048,8.59
2024/1/16 12:00,Ⅲ,4,7.35,11.52,701.5,15.3,1.88,0.602,0.079,6.6
2024/1/16 12:00,Ⅱ,2,7.44,12.59,473.4,0.2,1.43,0.046,0.032,3.03
2024/1/16 12:00,Ⅰ,3.5,7.39,11.77,276.3,6.2,1.24,0.028,0.013,5.11
2024/1/16 12:00,Ⅳ,2.1,7.79,13.59,598.7,3.5,2.69,1.04,0.083,8.92
2024/1/16 12:00,Ⅲ,0.6,7.83,12.69,571.1,9,2.98,0.454,0.11,10.19
2024/1/16 12:00,Ⅰ,4,7.41,11.13,125,1.1,1.91,0.025,0.01,2.65
2024/1/16 12:00,Ⅲ,2.9,7.4,13.89,239.4,3.2,0.73,0.217,0.111,6.24
2024/1/16 8:00,Ⅲ,1,7.82,9.11,784.4,6.2,2.27,0.939,0.063,6.47
2024/1/16 12:00,Ⅰ,1.8,7.83,12.95,349.3,0.8,0.97,0.086,0.014,4.79
2024/1/16 12:00,Ⅱ,1.4,8.49,10.81,935.9,39.3,2.51,0.2,0.075,11.45
2024/1/16 12:00,Ⅰ,1.4,7.85,13,402.9,0.9,0.48,0.025,0.014,5.24
2024/1/16 12:00,Ⅱ,3.6,7.36,13.22,228.1,1.3,2.25,0.025,0.027,3.34
2024/1/16 12:00,Ⅱ,1.9,7.74,9.32,606.8,421.4,0.64,0.096,0.061,8.12
2024/1/16 12:00,Ⅲ,1.1,7.56,13,630.9,4.1,2.25,0.954,0.099,5.56
2024/1/16 8:00,Ⅱ,2.8,7.41,8.9,264,1.4,2.02,0.025,0.015,3.82
2024/1/16 8:00,Ⅰ,1.6,7.5,16.91,266.9,1.2,0.51,0.025,0.02,5.09
2024/1/16 8:00,Ⅰ,2.5,7.54,11.27,307.4,2.6,1.14,0.025,0.016,3.49
2024/1/16 8:00,Ⅲ,4.6,7.62,12.57,431.1,4.3,2.81,0.85,0.046,5.04
2024/1/16 12:00,Ⅱ,1.5,7.69,9.6,317.2,1.1,2.04,0.025,0.01,2.37
2024/1/16 12:00,Ⅰ,1.4,7.27,12.96,107.5,1.3,0.26,0.025,0.005,3.34
2024/1/16 12:00,Ⅱ,5.9,7.52,11.3,137.4,1.8,2.49,0.044,0.018,1.79
2024/1/16 12:00,Ⅰ,1,7.73,13.01,284.4,2.8,0.4,0.034,0.014,3.78
2024/1/16 12:00,Ⅰ,1.8,7.52,12.01,267.1,5.7,0.35,0.025,0.013,3.45
2024/1/16 12:00,Ⅱ,1.6,8.15,12.16,808.9,7.3,2.31,0.059,0.022,6.02
2024/1/16 12:00,Ⅱ,2.3,8.03,10.2,822,17.8,1.96,0.297,0.046,8.57
2024/1/16 12:00,Ⅱ,3.3,7.78,12.47,924,4.4,1.56,0.171,0.02,22.76
2024/1/16 12:00,Ⅰ,3.2,7.9,10.48,450.1,1.4,1.03,0.039,0.014,2.23
2024/1/16 8:00,Ⅱ,1.9,8.45,12.66,1339.7,3.4,2.75,0.273,0.005,12.32
2024/1/16 12:00,劣Ⅴ,4.5,7.34,0.92,1373,10.1,3.87,1.62,0.107,18.79
2024/1/16 12:00,Ⅰ,1.4,6.61,14.59,295.4,3.3,0.71,0.025,0.013,8.49
2024/1/16 12:00,Ⅱ,3.8,7.53,14.31,469,6.1,2.2,0.042,0.005,13.35
2024/1/16 12:00,劣Ⅴ,2.4,7.48,11.15,1058.1,11.5,6.08,2.036,0.105,8.17
2024/1/16 12:00,Ⅰ,1.1,7.89,9.26,491.5,1.2,0.25,0.025,0.006,4.75
2024/1/16 12:00,Ⅲ,1.7,7.77,11.14,633.8,7.6,1.58,0.62,0.03,6.12
2024/1/16 12:00,Ⅰ,1.6,8.14,11.24,525,3,0.85,0.025,0.013,7.04
2024/1/16 12:00,Ⅳ,2.6,7.62,19.42,1438.7,9.7,8.81,0.374,0.227,5.5
2024/1/16 8:00,Ⅲ,3,7.91,12.49,1260,23.1,3.85,0.765,0.072,10.93
2024/1/16 8:00,Ⅲ,2.3,7.73,12.42,794.4,14,3.99,0.582,0.058,6.78
2024/1/16 12:00,Ⅲ,3.5,7.72,11.36,890.3,25.2,3.26,0.566,0.051,6.95
2024/1/16 12:00,Ⅲ,1.6,8.14,14.83,1532.4,9.6,3.15,0.705,0.081,20.65
2024/1/16 8:00,Ⅲ,3.2,8.04,13.01,635.9,5.2,2.06,0.607,0.096,10.18
2024/1/16 12:00,Ⅲ,1.8,7.25,6.13,922.2,13.1,2.61,0.817,0.08,10.61
2024/1/16 8:00,Ⅲ,0.6,7.54,12.74,774.7,28.5,2.57,0.666,0.049,7.5
2024/1/16 12:00,Ⅰ,2.4,8.22,13.5,371,5.3,1.99,0.043,0.018,6.03
2024/1/16 12:00,Ⅱ,2.8,7.3,9.88,441.9,2.8,0.98,0.041,0.025,7.52
2024/1/16 8:00,Ⅰ,1.7,8.42,17.78,565,8.2,1.7,0.05,0.019,9.34
2024/1/16 12:00,Ⅱ,0.4,7.07,10.44,495.2,10.2,1.56,0.362,0.058,9.11
2024/1/16 12:00,Ⅴ,1,7.63,9.91,664.8,7.3,4.65,1.952,0.136,9.99
2024/1/16 12:00,Ⅱ,2,6.9,10.35,295.7,3.3,0.51,0.025,0.049,7.87
2024/1/16 8:00,Ⅰ,1.3,8.13,13.37,916.3,2.3,1.92,0.03,0.017,13.65
2024/1/16 4:00,Ⅲ,9.4,8.48,10.69,6.1,15.9,2.04,0.44,0.105,11.73
2024/1/16 12:00,Ⅱ,0.9,8.12,13.49,1200.8,7.6,1.77,0.406,0.057,22.71
2024/1/16 12:00,Ⅰ,6.2,7.95,12.4,502.2,2.8,0.87,0.025,0.013,4.88
2024/1/16 8:00,Ⅳ,0.7,7.55,10.29,726.3,4.1,3.24,1.076,0.144,12.84
2024/1/16 12:00,Ⅱ,2.8,7.83,12.76,748.2,1,1.48,0.025,0.021,14.53
2024/1/16 8:00,Ⅱ,2.4,8.1,13.66,321.3,15.6,3.22,0.04,0.059,2.91
2024/1/16 8:00,Ⅲ,0.8,7.56,9.62,898.2,108,4.82,0.499,0.134,8.47
2024/1/16 12:00,Ⅱ,2.7,7.68,10.27,635.1,11.3,1.45,0.025,0.093,4.07
2024/1/16 12:00,Ⅱ,7.4,7.45,7.74,304.1,9.8,3.28,0.167,0.056,3.22
2024/1/16 12:00,Ⅱ,2.7,7.92,12.39,349.7,2.7,2.94,0.094,0.026,2
2024/1/16 12:00,Ⅲ,5.3,7.15,5.51,540.2,10.9,2.33,0.551,0.08,4.44
2024/1/16 12:00,Ⅱ,3.6,7.12,10.63,244.9,4.4,2.9,0.174,0.053,3.06
2024/1/16 12:00,Ⅲ,5.1,7.23,7.78,111.4,3,4.61,0.025,0.026,1.49
2024/1/16 12:00,Ⅲ,1.6,7.15,11.18,116.7,1.5,5.13,0.025,0.025,1.54
2024/1/16 12:00,Ⅱ,1.2,6.98,6.81,454.7,4.4,1.16,0.366,0.042,5.57
2024/1/16 12:00,Ⅱ,3.5,7.81,10.62,226.2,2.9,3.39,0.025,0.033,2.6
2024/1/16 12:00,Ⅲ,7.1,7.23,9.08,201.3,6.9,3.56,0.025,0.034,2.38
2024/1/16 12:00,Ⅱ,2.6,7.39,10.89,226.5,7.5,2.35,0.097,0.04,3.14
2024/1/16 12:00,Ⅱ,0.3,7.97,12.22,244.4,4.4,3,0.133,0.042,2.92
2024/1/16 12:00,Ⅲ,0.5,6.46,8.31,253.1,3.2,1.23,0.578,0.042,3.74
2024/1/16 12:00,Ⅱ,3.1,7.41,8.75,407.1,3,1.21,0.151,0.049,5.5
2024/1/16 12:00,Ⅱ,4.1,7.74,11.95,683.6,22.1,2.58,0.362,0.077,7.29
2024/1/16 12:00,Ⅲ,1,7.45,6.77,992.3,3.8,2.93,0.526,0.106,13.67
2024/1/16 12:00,Ⅲ,0.9,7.69,10.52,1193.3,15.6,4.74,0.657,0.15,11.2
2024/1/16 12:00,Ⅲ,4.3,7.42,6.71,1154,8.5,4.53,0.873,0.074,6.9
2024/1/16 12:00,Ⅱ,5.8,7.17,10.44,123.6,3.1,2.43,0.025,0.012,1.42
2024/1/16 12:00,Ⅰ,3.9,7.6,11.9,117.3,2.2,1.76,0.025,0.01,1.72
2024/1/16 12:00,Ⅰ,8.1,8.14,10.61,257.2,1.2,0.25,0.025,0.017,1.15
2024/1/16 12:00,Ⅱ,1.2,7.2,10.57,269.8,10,3.68,0.216,0.048,2.98
2024/1/16 8:00,Ⅱ,2.3,6.94,10.85,204.1,33.8,3.24,0.14,0.086,2.51
2024/1/16 12:00,Ⅳ,5.3,8.02,11.53,586.2,6.8,6.73,0.113,0.059,0.85
2024/1/16 12:00,Ⅱ,2.1,7.24,12.02,267,4.2,2.73,0.09,0.049,2.55
2024/1/16 12:00,Ⅱ,2,6.89,9.33,208.7,5.8,2.79,0.14,0.051,2.61
2024/1/16 12:00,Ⅲ,3.5,7.6,10.86,97.7,4.5,0.85,0.025,0.133,0.81
2024/1/16 12:00,Ⅱ,2.8,7.06,12.85,259.2,2.3,1.56,0.223,0.049,3.38
2024/1/16 12:00,Ⅲ,5,7.48,13.36,430.6,5.1,3.74,0.728,0.101,5.03
2024/1/16 12:00,Ⅱ,2.2,7.05,9.86,218.7,18.7,2.86,0.164,0.043,2.62
2024/1/16 12:00,Ⅲ,1.6,7.45,14.78,353.9,2.9,1.88,0.801,0.084,3.78
2024/1/16 12:00,Ⅲ,1.4,8.12,8.96,136.7,4.8,0.79,0.025,0.103,0.96
2024/1/16 12:00,Ⅳ,3.2,7.21,4.29,353.9,8.9,2.44,0.346,0.062,2.4
2024/1/16 12:00,Ⅲ,3.8,7.18,10.43,71.4,0.6,4.32,0.026,0.018,1.54
2024/1/16 12:00,Ⅱ,0.7,7.29,9.53,356.8,16.6,3.14,0.21,0.044,3.14
2024/1/16 12:00,Ⅳ,0.6,7.1,8.03,567.4,12.2,2.36,1.253,0.147,5.7
2024/1/16 12:00,Ⅲ,2.7,7.06,5.3,850.2,17.7,3.75,0.656,0.09,5.46
2024/1/16 12:00,Ⅱ,4,7.48,9.33,321.5,14.9,3.32,0.201,0.05,3.52
2024/1/16 12:00,Ⅲ,2.2,6.84,7.01,153.4,5.1,2.2,0.026,0.115,1.69
2024/1/16 12:00,Ⅱ,1.3,6.58,10.39,175.6,48.3,3.16,0.025,0.074,1.13
2024/1/16 12:00,Ⅳ,1.4,6.82,6.68,563,23.4,6.86,0.033,0.053,4.22
2024/1/16 12:00,Ⅱ,3.3,7.64,9.22,432.7,22.6,3.49,0.056,0.079,1.15
2024/1/16 12:00,Ⅳ,2.9,6.65,8.17,125.9,3,7.49,0.026,0.013,0.51
2024/1/16 12:00,Ⅱ,1.3,6.95,7.62,159.3,8.1,1.87,0.112,0.045,0.96
2024/1/16 12:00,Ⅱ,2,7.36,13.22,325.6,12.5,3.26,0.206,0.09,3.04
2024/1/16 12:00,Ⅱ,4.1,7.23,9.73,357,33.7,3.91,0.162,0.071,1.93
2024/1/16 12:00,Ⅲ,0.7,6.51,5.18,170.3,10.8,4.53,0.063,0.033,1.71
2024/1/16 12:00,Ⅲ,3,6.24,6.21,181.7,7.5,1.47,0.651,0.067,3.04
2024/1/16 12:00,Ⅱ,1.8,7.01,10.23,323.7,8,2.8,0.163,0.046,3.12
2024/1/16 12:00,Ⅱ,2.8,7.28,9.88,360.2,7.7,3.24,0.204,0.047,3.3
2024/1/16 8:00,Ⅲ,0.7,7.53,11.43,242.3,5.8,4.92,0.122,0.035,2.21
2024/1/16 12:00,Ⅲ,2.5,7.41,9.12,376,8.6,4.72,0.166,0.048,3.19
2024/1/16 12:00,Ⅲ,3.2,6.98,9.7,320.1,9.3,4.6,0.39,0.06,1.94
2024/1/16 12:00,Ⅱ,1,6.86,10.28,182.1,3.6,2.75,0.086,0.06,3
2024/1/16 12:00,Ⅳ,4,7.41,10.75,136.2,7.2,4.07,0.025,0.054,1.98
2024/1/16 12:00,Ⅲ,3,7.48,11.63,127.3,3.4,3.98,0.078,0.039,1.25
2024/1/16 12:00,Ⅱ,0.4,6.83,13.55,158.2,0.9,2.08,0.143,0.059,2.83
2024/1/16 12:00,Ⅱ,10.5,6.89,7.73,326.8,16.1,3.58,0.025,0.013,1.06
2024/1/16 12:00,Ⅲ,5.8,7.17,5.54,307.2,3.7,3.42,0.025,0.013,0.87
2024/1/16 12:00,Ⅱ,0.7,6.58,6.8,88.2,0.6,3.62,0.025,0.006,0.35
2024/1/16 12:00,Ⅰ,2.7,6.59,8.99,84,7.1,0.26,0.025,0.005,0.42
2024/1/16 12:00,Ⅲ,10.8,7.65,8.9,691.6,37.4,5.39,0.549,0.117,4.61
2024/1/16 8:00,Ⅱ,9.5,7.89,9.87,631.2,35.3,3.74,0.376,0.091,4.13
2024/1/16 8:00,Ⅲ,9.8,7.56,6.58,803.8,38.5,3.53,0.286,0.118,4.06
2024/1/16 12:00,Ⅲ,9.8,7.54,9.58,608.7,15.2,4.01,0.217,0.101,2.41
2024/1/16 12:00,Ⅱ,9.6,7.34,8.72,631.5,102.2,2.63,0.279,0.091,3.12
2024/1/16 8:00,Ⅲ,9.2,7.8,9.36,592.9,15.6,2.85,0.342,0.111,3.64
2024/1/16 8:00,Ⅲ,11.7,8.43,7.84,440,30.7,3.74,0.465,0.123,2.64
2024/1/16 8:00,Ⅲ,13.3,7.52,6.74,951.7,127.5,4.63,0.445,0.103,2.77
2024/1/16 8:00,Ⅱ,12.2,7.66,10.12,786.7,48.9,3.53,0.22,0.053,0.05
2024/1/16 12:00,Ⅳ,8,8.35,10.15,649,50.9,3.39,0.185,0.082,2.48
2024/1/16 8:00,Ⅲ,10.2,8.6,10.2,622.9,105.6,4.52,0.068,0.124,2.93
2024/1/16 8:00,Ⅱ,8.7,7.65,10.71,303.1,43.2,3.9,0.336,0.071,1.36
2024/1/16 8:00,Ⅲ,10,7.4,8.65,729.8,31.1,4.85,0.436,0.027,2.69
2024/1/16 8:00,Ⅲ,5.7,7.88,11.22,1169.4,27.2,5.61,0.29,0.025,2.08
2024/1/16 8:00,Ⅲ,7.1,7.84,11.31,830.9,25,4.98,0.253,0.043,1.74
2024/1/16 8:00,Ⅱ,9,7.72,10.83,853.3,15.2,3.38,0.325,0.046,4.66
2024/1/16 8:00,Ⅱ,8.8,7.22,10.57,476.8,11,2.52,0.062,0.075,2.02
2024/1/16 12:00,Ⅱ,8.2,8.3,12.08,449.5,11.3,1.44,0.034,0.048,1.88
2024/1/16 12:00,Ⅱ,9.7,7.87,9.88,394.3,15.5,1.13,0.212,0.091,2.79
2024/1/16 12:00,Ⅱ,11.1,8.23,10.56,386.7,22.7,1.94,0.075,0.088,1.89
2024/1/16 8:00,Ⅲ,6.4,8.54,11.5,444.2,34.3,2.68,0.025,0.046,20.6
2024/1/16 12:00,Ⅴ,5,8.01,12.09,423.3,125.6,3.02,1.596,0.055,0.85
2024/1/16 8:00,Ⅱ,7.3,8.27,10.62,519.5,23.5,2.7,0.056,0.056,1.34
2024/1/16 12:00,Ⅲ,8.5,7.73,9.56,636.5,30.4,4.01,0.181,0.148,3.43
2024/1/16 12:00,Ⅲ,8.1,7.54,9.93,460.6,39.4,3.97,0.234,0.107,2.74
2024/1/16 8:00,Ⅲ,7.3,7.85,11.41,566,32,4.18,0.313,0.138,2.82
2024/1/16 12:00,Ⅳ,6.8,7.76,12.18,456.2,137.9,3.11,0.026,0.079,0.05
2024/1/16 12:00,Ⅱ,13.5,7.92,10.63,394.6,32.7,1.67,0.142,0.097,2.29
2024/1/16 8:00,Ⅱ,8,7.12,6.84,225.1,15.4,2.8,0.115,0.043,2.65
2024/1/16 12:00,Ⅱ,8.5,8.02,9.69,576.3,190.1,3.97,0.495,0.089,3.45
2024/1/16 12:00,Ⅳ,11.5,7.59,6.36,517,38.8,2.6,1.354,0.17,3.52
2024/1/16 8:00,Ⅱ,9.8,8.27,10.4,393.3,51.5,1.19,0.059,0.095,1.69
2024/1/16 12:00,Ⅱ,5,8.14,11.48,784.6,8,3.41,0.178,0.054,4.47
2024/1/16 12:00,Ⅲ,5.3,8.54,13.2,961.2,26.6,4.91,0.057,0.064,2.48
2024/1/16 8:00,Ⅳ,4.9,8.03,10.56,1283.8,15.3,6.02,0.177,0.117,5.48
2024/1/16 12:00,Ⅲ,6.5,8.16,11.44,1112.2,7.3,4.91,0.036,0.048,1.62
2024/1/16 12:00,Ⅲ,9.6,7.93,8.85,1016.3,11.3,4.44,0.073,0.041,1.16
2024/1/16 12:00,Ⅲ,3.8,8.14,11.87,1368.6,5.6,4.35,0.067,0.032,1.03
2024/1/16 12:00,Ⅱ,6,8.49,11.95,823.3,7.2,3,0.025,0.037,1.64
2024/1/16 12:00,Ⅲ,6.2,8.2,14.05,929.7,3.5,4.12,0.067,0.034,0.7
2024/1/16 12:00,Ⅱ,4.3,8.4,11.2,901.5,7,3.03,0.038,0.037,10.16
2024/1/16 12:00,Ⅱ,5.1,7.7,10.4,876.1,18.6,3.13,0.025,0.015,9.67
2024/1/16 8:00,Ⅱ,9.9,7.9,10.51,389.8,31.7,1.49,0.08,0.092,2.15
2024/1/16 8:00,Ⅲ,8.3,7.99,12.07,616.5,29,3.09,0.569,0.115,3.58
2024/1/16 12:00,Ⅲ,10.4,8.2,9.29,414.5,63.6,2.06,0.217,0.118,2.25
2024/1/16 12:00,Ⅱ,9.8,8.07,9.66,430.2,27.6,1.67,0.083,0.095,1.6
2024/1/16 12:00,Ⅳ,6.4,8.15,11.44,430.7,112.2,4.04,0.025,0.065,0.64
2024/1/16 12:00,Ⅳ,6,8.38,12.03,467.5,177.6,3.8,0.025,0.066,2.09
2024/1/16 8:00,劣Ⅴ,9.6,9.14,8.31,659.4,101.4,3.7,0.545,0.137,2.95
2024/1/16 12:00,Ⅱ,7.6,8.58,9.82,591.2,49.8,3.32,0.335,0.093,2.71
2024/1/16 12:00,Ⅱ,7.9,7.92,10.53,653.4,33.2,2.82,0.336,0.06,2.69
2024/1/16 12:00,Ⅱ,11.6,8.27,10.38,408.9,37.8,1.92,0.096,0.082,1.57
2024/1/16 12:00,Ⅱ,10.4,7.84,10.3,380.1,32.7,1.49,0.064,0.076,2.06
2024/1/16 8:00,Ⅱ,8,7.95,9.99,456.5,12.3,2.56,0.044,0.024,0.73
2024/1/16 8:00,Ⅱ,9,8.03,9.03,492,44.1,2.94,0.04,0.021,0.53
2024/1/16 12:00,Ⅴ,8.9,7.17,7.65,395.1,9.9,4.31,1.526,0.148,3.78
2024/1/16 8:00,Ⅱ,7.8,8.07,12.08,401.1,26,1.61,0.025,0.061,2.09
2024/1/16 12:00,Ⅲ,6.7,8.28,11.82,387.4,35.8,2.5,0.025,0.05,1.59
2024/1/16 12:00,Ⅲ,9,7.44,8.75,713.5,32.9,3.66,0.56,0.114,3.21
2024/1/16 12:00,Ⅲ,9.1,8.38,9.92,1304.4,21.9,4.95,0.202,0.134,2.22
2024/1/16 12:00,Ⅱ,9.9,8.22,8.96,395.7,45.7,1.39,0.033,0.084,2.09
2024/1/16 12:00,Ⅲ,8.3,8.47,9.3,910.7,17.1,3.92,0.165,0.108,1.71
2024/1/16 12:00,Ⅱ,8.1,8.22,10.18,608.8,9.2,3.93,0.065,0.045,1.81
2024/1/16 12:00,Ⅲ,8.3,8.18,9.92,548.3,103.6,1.72,0.278,0.117,2.75
2024/1/16 12:00,Ⅲ,9.6,8.47,10.58,2745.8,14.2,5.86,0.469,0.123,3.3
2024/1/16 12:00,Ⅲ,9.4,7.96,7.58,1179.4,14.2,3.75,0.329,0.105,2.59
2024/1/16 12:00,Ⅲ,7.8,8.37,10.82,1819.2,17.7,3.91,0.166,0.132,2.94
2024/1/16 12:00,Ⅲ,8.7,7.83,8.67,2595.6,9.8,5.34,0.345,0.165,3.46
2024/1/16 8:00,Ⅲ,4.6,8.39,11.41,951.9,4.8,4.74,0.234,0.1,3.42
2024/1/16 8:00,Ⅲ,5.4,7.71,9.99,809.5,19.8,4.38,0.719,0.105,3.21
2024/1/16 8:00,Ⅲ,4.4,8.36,12.64,1175.3,19.7,5.5,0.142,0.094,5.85
2024/1/16 8:00,Ⅳ,5.4,8.33,6.98,850,221.2,6.81,0.415,0.201,3.39
2024/1/16 8:00,Ⅲ,5.2,7.67,10.25,741,3.4,3.42,0.323,0.115,3.93
2024/1/16 8:00,Ⅱ,3.4,8.58,13.97,740.5,16.8,3.78,0.031,0.067,1.32
2024/1/16 8:00,Ⅲ,4.3,7.72,10.67,1474,4.4,4.89,0.571,0.066,6.36
2024/1/16 8:00,Ⅲ,5.7,7.86,10.23,832.7,34.6,3.67,0.744,0.078,3.44
2024/1/16 8:00,Ⅲ,4.4,8.36,12.53,648.2,15.9,4.04,0.025,0.053,1.68
2024/1/16 8:00,Ⅳ,5.1,8.29,9.98,1606.7,208,7.75,0.669,0.189,6.27
2024/1/16 8:00,Ⅳ,4,8.58,14.23,2185.1,11.3,6.07,0.048,0.076,4
2024/1/16 8:00,Ⅱ,3.5,7.74,10.59,794.2,13.4,3.45,0.16,0.069,4.75
2024/1/16 8:00,Ⅱ,4,8.05,11.91,683.2,9,3.6,0.048,0.03,2.4
2024/1/16 8:00,Ⅲ,4.5,8.07,12.85,607.6,22.1,4.09,0.429,0.067,3.5
2024/1/16 8:00,Ⅲ,4.9,7.6,9.82,689.9,11.2,4.82,0.97,0.107,4.73
2024/1/16 8:00,Ⅳ,4.6,7.93,9.23,1119.7,13.1,6.28,1.123,0.146,6.12
2024/1/16 8:00,Ⅲ,3.7,8.28,9.97,1418.7,13.7,4.31,0.275,0.066,4.27
2024/1/16 8:00,Ⅲ,6.1,8.13,10.5,2456.4,79.6,5.15,0.154,0.086,3.68
2024/1/16 8:00,Ⅲ,4.1,7.96,10.59,1151,25.3,4.57,0.644,0.121,4.31
2024/1/16 12:00,Ⅲ,6.9,8.53,12.82,701.9,11.2,4.19,0.039,0.061,2.18
2024/1/16 12:00,Ⅲ,5,8.51,11.33,648,15.2,3.98,0.055,0.047,1.31
2024/1/16 12:00,Ⅴ,3.2,7.72,13.43,566.1,160.8,4.4,0.025,0.129,1.45
2024/1/16 12:00,Ⅳ,2.9,7.91,11.54,783.9,35.8,5.54,0.025,0.052,1.43
2024/1/16 8:00,Ⅱ,6.1,7.63,11.76,546.3,46,2.82,0.083,0.06,1.85
2024/1/16 8:00,Ⅱ,4.8,8.36,11.17,534.7,23.4,3.22,0.031,0.053,2.05
2024/1/16 8:00,Ⅱ,11.9,7.71,11.66,567.7,31.6,2.69,0.084,0.053,1.73
2024/1/16 12:00,Ⅲ,6.4,7.91,9.11,484.8,28.9,3.24,0.774,0.128,2.26
2024/1/16 8:00,Ⅲ,4,8.03,12.96,2155.6,80,4.69,0.175,0.122,3.04
2024/1/16 8:00,Ⅱ,5.8,8.01,8.42,772.9,18.1,3.35,0.126,0.069,2.54
2024/1/16 8:00,Ⅲ,6.1,7.99,8.72,795.5,68,4.18,0.303,0.166,1.53
2024/1/16 8:00,Ⅱ,5.4,7.88,11.68,642.8,27,3.13,0.174,0.071,2.2
2024/1/16 8:00,Ⅲ,4.9,7.85,12.04,880,8.7,4.92,0.204,0.147,2.4
2024/1/16 8:00,Ⅲ,8.3,8,9.91,475.3,55,2.15,0.2,0.121,2.42
2024/1/16 8:00,Ⅲ,6.7,8.16,8.62,752.7,43.1,3.49,0.482,0.105,2.8
2024/1/16 8:00,Ⅲ,5.4,8,11.53,892.1,37.3,5.42,0.218,0.158,2.69
2024/1/16 8:00,Ⅳ,5.7,8.11,12.82,1513.1,32,6.13,0.044,0.167,2.86
2024/1/16 8:00,Ⅲ,4.4,8.1,10.64,1309,32.4,3.91,0.159,0.107,3.03
2024/1/16 8:00,Ⅲ,5.3,8.02,10.71,4312.3,39.3,4.88,0.764,0.143,3.95
2024/1/16 8:00,Ⅲ,3.6,8.4,12.97,856,21.3,4.13,0.164,0.081,1.84
2024/1/16 8:00,Ⅲ,6.1,8.24,10.14,1866.4,17.5,4.3,0.191,0.116,2.79
2024/1/16 8:00,Ⅱ,10,7.79,10.69,376.1,27.7,1.34,0.085,0.087,2.03
2024/1/16 12:00,Ⅴ,4.9,8.32,11.82,593.5,163.6,7.05,0.025,0.141,1.67
2024/1/16 12:00,Ⅱ,9,8.19,10.16,438.2,35.1,3.32,0.087,0.045,1.55
2024/1/16 12:00,Ⅲ,8.5,7.92,11.12,366.8,87.2,2.9,0.14,0.114,1.76
2024/1/16 8:00,Ⅲ,7.5,7.76,8.11,516.5,21.2,2.77,0.701,0.141,3.45
2024/1/16 8:00,Ⅱ,9.6,8.08,10.64,369.7,33.6,1.33,0.089,0.091,2.1
2024/1/16 12:00,Ⅱ,6.9,7.91,10.97,552,12.8,3.04,0.266,0.073,2.01
2024/1/16 12:00,Ⅱ,11.1,8.04,10.67,391.2,14.2,1.42,0.089,0.085,1.72
2024/1/16 12:00,Ⅱ,9.2,8.05,10.45,402.9,20.3,1.73,0.136,0.096,2.05
2024/1/16 12:00,Ⅱ,11.5,8.1,9.98,399.7,27.7,1.86,0.137,0.09,1.81
2024/1/16 8:00,Ⅱ,23.8,8.35,8.83,0.3,0.4,1.57,0.034,0.079,1.45
2024/1/16 12:00,Ⅱ,8.2,8.56,11.38,378.5,10.5,2.69,0.039,0.057,1.2
2024/1/16 12:00,Ⅱ,6.5,8.5,9.77,375.8,3.7,2.9,0.025,0.023,0.6
2024/1/16 12:00,Ⅱ,7.5,8.04,7.95,452.3,7.1,2.83,0.026,0.027,0.8
2024/1/16 8:00,Ⅲ,9.4,8.09,10.67,421.9,67,2.08,0.125,0.113,2.02
2024/1/16 8:00,Ⅱ,8.6,7.69,8.86,613.8,25.4,2.94,0.469,0.097,2.67
2024/1/16 12:00,Ⅱ,9.6,8.1,9.52,418,17.6,1.29,0.092,0.086,1.96
2024/1/16 12:00,Ⅲ,10,7.81,9.72,372.3,34.2,0.25,0.217,0.103,2.4
2024/1/16 12:00,劣Ⅴ,9,7.99,8.39,447.3,50.4,4.62,1.454,0.671,4.03
2024/1/16 8:00,Ⅲ,8.6,7.94,9.11,665.6,17.4,2.51,0.237,0.123,2.17
2024/1/16 12:00,Ⅴ,3.3,8.69,13.97,636.8,87.4,3.85,0.025,0.113,2.14
2024/1/16 12:00,Ⅳ,3.7,8.36,12.57,758.1,138.1,4.14,0.025,0.078,1.2
2024/1/16 12:00,Ⅱ,5.7,8.65,13.27,684.2,26.9,3.13,0.058,0.049,0.98
2024/1/16 12:00,Ⅲ,6.8,8.38,11.29,807.9,36.5,4.9,0.192,0.075,1.37
2024/1/16 12:00,Ⅱ,6.1,8.51,11.38,828.7,26.8,3.99,0.08,0.04,1.8
2024/1/16 12:00,Ⅲ,7.2,8.49,11.72,785.3,17.7,4.15,0.076,0.049,1.2
2024/1/16 12:00,Ⅱ,6.6,8.31,10.98,709.8,10.2,3.49,0.03,0.038,1.49
2024/1/16 12:00,Ⅲ,4.6,8.55,13.74,946.7,4.5,4.58,0.044,0.022,3.08
2024/1/16 12:00,Ⅰ,12.6,7.6,8.22,132,4.6,1,0.027,0.005,0.73
2024/1/16 12:00,Ⅰ,12.7,7.62,9.38,121.7,3,1.09,0.025,0.006,0.79
2024/1/16 12:00,Ⅰ,13,7.58,9.07,77,3,0.84,0.025,0.005,0.7
2024/1/16 12:00,Ⅱ,11.9,7.75,8.5,474.8,9,2.17,0.325,0.085,3.84
2024/1/16 12:00,Ⅳ,10.9,7.19,6.33,343.2,15.6,6.29,0.426,0.09,6.59
2024/1/16 12:00,Ⅱ,9.6,7.89,10.4,431.4,9.9,3.04,0.219,0.072,3.3
2024/1/16 12:00,Ⅱ,9.2,7.86,10.99,209.4,5.9,1.13,0.043,0.031,1.95
2024/1/16 12:00,Ⅱ,12.2,7.84,9.44,140.6,9,1.41,0.049,0.02,1.16
2024/1/16 12:00,Ⅱ,8.8,8.65,11.03,477.2,15.4,2.3,0.073,0.094,3.8
2024/1/16 12:00,Ⅲ,10.5,7.59,7.32,589,23.6,3.23,0.84,0.12,3.59
2024/1/16 12:00,Ⅱ,11.2,7.82,10.28,285.5,5.2,1.12,0.102,0.047,2.57
2024/1/16 8:00,Ⅰ,11.1,7.7,10.76,217.4,83.9,0.85,0.025,0.006,5.09
2024/1/16 8:00,Ⅰ,9.3,7.06,10.78,81.6,3.3,0.46,0.026,0.013,1.3
2024/1/16 12:00,Ⅱ,9.4,8.54,12.15,389.1,16,3.5,0.19,0.082,4.07
2024/1/16 8:00,Ⅰ,9.5,8.7,10.45,883.4,26.9,1.8,0.065,0.016,2.32
2024/1/16 8:00,Ⅱ,8.5,7.74,9.03,538.6,20,2.18,0.096,0.07,2.22
2024/1/16 8:00,Ⅱ,10.1,8.91,12.7,2981.9,24.2,3.96,0.058,0.09,2.05
2024/1/16 8:00,Ⅰ,9.3,7.12,9.89,119.2,5.5,1.22,0.064,0.019,2.11
2024/1/16 8:00,Ⅱ,11.3,6.74,10.12,81.5,6.5,1.54,0.1,0.05,1.94
2024/1/16 12:00,Ⅰ,14.2,6.94,10.98,50.9,2.7,0.25,0.052,0.011,0.71
2024/1/16 12:00,Ⅰ,12.5,7.61,10.2,127.9,23.5,0.8,0.025,0.01,1.26
2024/1/16 12:00,Ⅱ,11.9,8.4,10.63,25095,825,3.87,0.21,0.019,1.96
2024/1/16 12:00,Ⅱ,12.9,8.06,12.25,149.4,13.5,1.24,0.073,0.026,1.92
2024/1/16 12:00,Ⅰ,12,7.61,10.41,63,6.8,0.66,0.025,0.006,1.37
2024/1/16 12:00,Ⅲ,18,6.93,7.5,26444.6,1172.2,4.67,0.112,0.043,3.48
2024/1/16 12:00,Ⅱ,11.4,7.74,10.29,32580,1633,3.35,0.199,0.018,2.42
2024/1/16 8:00,Ⅲ,8.9,8.01,8.25,552,60.2,4.01,0.208,*,*
2024/1/16 8:00,Ⅱ,9.4,8.55,8.74,581.5,35.2,3.81,0.213,0.076,2.81
2024/1/16 8:00,Ⅱ,8.3,7.9,10.78,475.8,24.8,3.78,0.05,0.073,0.81
2024/1/16 8:00,Ⅱ,7.7,7.82,9.13,542.6,52.1,3.34,0.12,0.052,1.99
2024/1/16 8:00,Ⅲ,8.5,7.68,8.68,881.8,48.3,3.7,0.509,0.116,5.49
2024/1/16 8:00,Ⅱ,8.6,7.99,8.92,1785.8,47.6,3.17,0.162,0.07,4.1
2024/1/16 8:00,Ⅲ,9.2,7.64,9.13,1035.5,67.4,2.4,0.423,0.102,3.96
2024/1/16 12:00,Ⅲ,9.7,8.01,8.98,1201,92,5.3,0.272,0.107,3.41
2024/1/16 12:00,Ⅲ,9.1,7.84,10.04,741.7,21.4,4.5,0.338,0.092,3.88
2024/1/16 8:00,Ⅲ,8.6,7.84,10.61,706.4,70.9,4.06,0.299,0.071,3.56
2024/1/16 8:00,Ⅱ,9.3,7.57,9.27,584.1,43.2,3.88,0.185,0.066,3.37
2024/1/16 8:00,Ⅲ,7.8,7.46,8.06,614.4,69.2,4.22,0.519,0.134,3.65
2024/1/16 8:00,Ⅲ,9.4,7.49,7.93,739.3,40.7,3.75,0.354,0.101,5.05
2024/1/16 8:00,Ⅱ,11.1,7.7,6.17,544.1,26.2,3.08,0.056,0.065,2.63
2024/1/16 12:00,Ⅱ,7.3,7.72,11.5,421.3,69.2,3.27,0.204,0.051,1.46
2024/1/16 8:00,Ⅲ,4.2,7.82,12.54,426.7,225.6,4.9,0.025,0.146,5.09
2024/1/16 8:00,Ⅱ,8.7,7.77,8.7,453.2,30,2.93,0.224,0.062,1.46
2024/1/16 8:00,Ⅱ,9.2,7.73,8.31,392,10.7,3.28,0.25,0.051,3.76
2024/1/16 12:00,Ⅱ,9,7.6,7.95,472,118.2,2.95,0.278,0.063,1.76
2024/1/16 8:00,Ⅳ,4.7,7.89,12.43,427.4,357,4.6,0.052,0.222,1.38
2024/1/16 8:00,Ⅱ,9.4,7.36,9.8,175.4,34.3,3.64,0.182,0.066,3.15
2024/1/16 12:00,Ⅱ,10.2,7.38,10.74,307.8,11,2.51,0.131,0.05,3.08
2024/1/16 8:00,Ⅱ,9.2,7.81,10.27,363,15.8,2.95,0.059,0.029,3.54
2024/1/16 12:00,Ⅱ,7.8,7.48,10.21,421.7,99.8,2.88,0.144,0.07,2.38
2024/1/16 12:00,Ⅲ,8.8,7.84,8.55,558.8,139,4.47,0.726,0.029,3.31
2024/1/16 8:00,Ⅲ,9.6,7.44,7.25,559.8,74.7,4.59,0.887,0.083,5.15
2024/1/16 8:00,Ⅲ,8.3,7.6,7.22,542.3,50.8,4.21,0.596,0.034,5.06
2024/1/16 12:00,Ⅱ,9.2,8.37,11.39,545.6,11.3,3.5,0.068,0.028,3.33
2024/1/16 12:00,Ⅱ,10,7.78,10.76,189.4,10.3,1.76,0.21,0.055,2.57
2024/1/16 8:00,Ⅱ,9.4,6.99,10.25,505.8,24.3,3.54,0.218,0.074,3.74
2024/1/16 8:00,Ⅱ,9.1,7.37,7.82,233.8,5.2,3.18,0.125,0.045,2.61
2024/1/16 12:00,Ⅱ,10.3,7.06,9.16,59,7.4,0.69,0.063,0.023,1.01
2024/1/16 8:00,Ⅱ,9.1,7.92,11.91,305.2,9.7,2,0.064,0.037,3.26
2024/1/16 12:00,Ⅲ,11.4,7.9,7.75,443.8,7.3,3.45,0.475,0.126,4.59
2024/1/16 12:00,Ⅲ,12.2,7.55,7.21,617.4,9.1,4.15,0.204,0.112,4.93
2024/1/16 12:00,Ⅱ,11.5,7.84,10.2,639.2,21,3.44,0.166,0.099,5.82
2024/1/16 12:00,Ⅲ,9.1,8.21,11.6,218,62.1,3.18,0.079,0.113,2.27
2024/1/16 12:00,Ⅲ,9,8.19,13.28,746.9,14.3,5.38,0.878,0.09,4.87
2024/1/16 12:00,Ⅲ,8.5,7.44,8.18,558.8,14.8,5.29,0.164,0.144,4.39
2024/1/16 12:00,Ⅱ,9.2,8.24,11.83,373.5,6,2.21,0.131,0.044,2.91
2024/1/16 12:00,Ⅲ,13,8.66,11.41,348.8,20.6,3.99,0.67,0.163,5.55
2024/1/16 12:00,Ⅲ,8.6,7.51,9.99,251.9,9.9,4.76,0.225,0.157,4.23
2024/1/16 12:00,Ⅱ,11.9,8,10.69,519.5,13.8,2.2,0.137,0.014,3.23
2024/1/16 8:00,Ⅱ,12,7.67,9.29,314.8,46.1,2.74,0.028,0.04,2.58
2024/1/16 8:00,Ⅱ,11.2,7.65,8.82,289.7,8.6,2.2,0.112,0.034,2.67
2024/1/16 8:00,Ⅱ,11.8,7.61,9.09,165.6,19.3,1.96,0.149,0.06,1.85
2024/1/16 8:00,Ⅱ,11.6,7.03,8.88,187,18.5,2.35,0.155,0.071,2.03
2024/1/16 8:00,Ⅱ,10.6,6.86,9.74,158.4,7.5,1.33,0.169,0.026,1.92
2024/1/16 8:00,Ⅱ,10.8,7.64,9.13,318,7.3,1.51,0.046,0.026,1.86
2024/1/16 8:00,Ⅱ,10.2,7.61,11.72,633,14.1,2.78,0.17,0.052,2.98
2024/1/16 8:00,Ⅱ,9.9,7.17,9.26,103.6,5.6,1.02,0.025,0.018,0.82
2024/1/16 8:00,Ⅱ,11.2,6.96,7.62,83.3,16.3,1.45,0.136,0.084,1.57
2024/1/16 12:00,Ⅱ,11.3,7.07,10.32,68.2,13.1,2.8,0.025,0.019,2.3
2024/1/16 8:00,Ⅱ,8.8,7.89,11.21,969,12.1,3.33,0.039,0.062,1.94
2024/1/16 12:00,Ⅰ,12.5,7.39,9.49,61.2,7.9,0.67,0.039,0.01,0.32
2024/1/16 12:00,Ⅲ,10.3,7.72,10.42,27533.1,2336,4.95,0.276,0.084,2.38
2024/1/16 12:00,Ⅳ,13.7,8.51,7.58,4554,8.3,7.67,0.295,0.063,5.47
2024/1/16 12:00,Ⅱ,12.8,7.14,8.37,77.2,2.3,1.78,0.12,0.013,0.67
2024/1/16 12:00,Ⅱ,14.4,7.73,8.73,1941,11.4,3.79,0.453,0.092,5.03
2024/1/16 12:00,Ⅱ,10.5,8.36,9.95,787.4,5.7,3.01,0.142,0.031,2.42
2024/1/16 12:00,Ⅱ,10.8,7.7,10.82,213.7,22.3,2.67,0.086,0.027,2.42
2024/1/16 12:00,Ⅱ,12.8,7.59,10.37,231.5,6.1,2.04,0.055,0.033,2.35
2024/1/16 12:00,Ⅰ,11,7.12,10.18,63.6,34.3,1.2,0.025,0.01,1.01
2024/1/16 12:00,Ⅱ,13.6,7.37,10.96,144.9,13.4,1.65,0.078,0.051,1.93
2024/1/16 12:00,Ⅱ,12.7,7.32,10.66,52.1,15.4,1.83,0.105,0.047,1.86
2024/1/16 12:00,Ⅱ,14.1,7.36,9.16,221.1,9.4,1.18,0.025,0.023,2.08
2024/1/16 12:00,Ⅰ,12.9,7.27,11.31,32.3,7.6,0.96,0.082,0.009,0.35
2024/1/16 12:00,Ⅱ,14.1,7.22,9.93,40,4.1,1.62,0.169,0.012,0.4
2024/1/16 12:00,Ⅰ,13.4,7.1,9.69,70.6,6.6,0.44,0.074,0.012,0.47
2024/1/16 12:00,Ⅰ,11,7.62,10.42,75.9,5.6,1.23,0.064,0.014,1.28
2024/1/16 12:00,Ⅱ,8.7,7.99,10.96,438.3,11.1,3.34,0.083,0.031,1.28
2024/1/16 12:00,Ⅱ,7.8,7.83,10.53,493.5,19.6,3.53,0.14,0.06,1.75
2024/1/16 12:00,Ⅱ,10.1,7.38,10.21,795,25.6,3.18,0.337,0.073,6.36
2024/1/16 12:00,Ⅲ,7.3,7.68,11.73,396.2,8.6,4.02,0.138,0.046,3.06
2024/1/16 12:00,Ⅱ,9.4,7.42,9.37,498.8,20.8,3.42,0.158,0.068,5.66
2024/1/16 12:00,Ⅲ,7.5,7.38,10.32,307.7,44.2,4.18,0.223,0.09,2.48
2024/1/16 12:00,Ⅱ,8,8.59,10.68,401,23.2,2.54,0.123,0.038,0.86
2024/1/16 12:00,Ⅱ,8.5,8.08,10.57,365.4,7.3,3.97,0.21,0.062,3.47
2024/1/16 12:00,Ⅱ,8.3,7.93,10.61,234.3,16.9,3.1,0.085,0.033,2.57
2024/1/16 12:00,Ⅲ,9.7,8.27,9.69,830.8,38.7,3.97,0.338,0.124,6.5
2024/1/16 12:00,Ⅱ,7.8,7.8,10.61,90,14.9,2.22,0.025,0.015,0.71
2024/1/16 12:00,Ⅳ,5.5,8.17,11.84,460.9,113.2,6.22,0.025,0.079,1.84
2024/1/16 12:00,Ⅲ,6.4,8.17,11.88,511.3,14.1,4.05,0.025,0.041,2.46
2024/1/16 12:00,Ⅳ,6,8.28,13.26,399.9,30,2.69,0.055,0.056,1.67
2024/1/16 12:00,Ⅳ,6.2,8.2,11.78,400.1,63.1,4.25,0.042,0.057,0.71
2024/1/16 12:00,Ⅴ,5.2,8.3,13.04,463.9,88.6,10.18,0.025,0.083,3.31
2024/1/16 12:00,Ⅱ,7.8,8.36,10.51,559.8,16.4,3.91,0.21,0.052,1.78
2024/1/16 12:00,Ⅱ,8.5,8,11.12,429.9,12.7,3.64,0.266,0.059,1.56
2024/1/16 12:00,Ⅱ,9.1,7.76,7.02,352.1,24,1.86,0.055,0.077,1.87
2024/1/16 12:00,Ⅱ,8.2,7.75,9.86,290.8,22.8,3.88,0.234,0.043,2.03
2024/1/16 12:00,Ⅲ,8.7,7.59,10.34,486.3,103.9,4.13,0.452,0.088,2.25
2024/1/16 12:00,Ⅱ,6.4,7.58,11.35,409.2,13.2,3.25,0.16,0.053,2.41
2024/1/16 12:00,Ⅱ,9.1,7.75,10.83,533.2,18.4,2.07,0.063,0.034,4.22
2024/1/16 12:00,Ⅱ,8.3,7.9,12.48,707.8,14.9,3.6,0.079,0.06,2.35
2024/1/16 12:00,Ⅲ,6,7.82,11.09,930.4,27.5,4.56,0.127,0.059,1.28
2024/1/16 12:00,Ⅲ,6.7,8.25,11.24,1475.2,14,4.29,0.103,0.079,1.83
2024/1/16 8:00,Ⅱ,7.4,8.19,11.81,728.1,17.9,2.77,0.056,0.067,2.68
2024/1/16 12:00,Ⅲ,9.1,8.28,9.23,1743.9,12,4.52,0.148,0.046,3.46
2024/1/16 12:00,Ⅱ,6.8,8.45,13.25,626.7,5.8,3.31,0.058,0.047,2.55
2024/1/16 12:00,Ⅱ,8.1,8.32,12.93,575.6,29.5,3.13,0.025,0.054,2.49
2024/1/16 12:00,Ⅱ,6.8,8.43,10.1,923.3,8.5,3.68,0.025,0.026,1.16
2024/1/16 12:00,Ⅱ,5.5,8.42,12.18,418.8,7.2,3.24,0.025,0.005,0.56
2024/1/16 12:00,Ⅱ,8.6,8.3,12.24,686.7,13.8,2.57,0.025,0.026,2.61
2024/1/16 12:00,Ⅲ,4.5,8.38,11.33,741.8,18.6,4.62,0.116,0.034,1
2024/1/16 12:00,Ⅱ,8.2,8.36,12.31,597.6,11.3,3.64,0.197,0.027,2.03
2024/1/16 12:00,Ⅲ,7.3,8.07,11.29,622.6,14.9,4.24,0.224,0.059,4.52
2024/1/16 12:00,Ⅱ,12.3,7.98,10.18,313.2,29.2,1.41,0.079,0.081,2.32
2024/1/16 12:00,Ⅳ,8.2,7.65,8.98,861.1,11.9,3.3,0.752,0.214,3.56
2024/1/16 12:00,Ⅱ,8.5,8.25,9.24,664.3,33.5,3.29,0.263,0.072,3.17
2024/1/16 12:00,Ⅱ,8.1,7.75,9.87,359.1,39.5,2.64,0.181,0.069,2.79
2024/1/16 12:00,Ⅱ,8.4,7.63,10.24,367.7,22.1,3.06,0.23,0.063,3.55
2024/1/16 12:00,Ⅲ,6.2,8.1,9.13,2244.3,5.9,4.5,0.101,0.045,1.84
2024/1/16 12:00,Ⅲ,6.6,7.8,10.14,1053.3,6.8,5.49,0.068,0.04,1.01
2024/1/16 12:00,Ⅱ,5.4,8.56,10.21,1543.8,3.5,3.07,0.047,0.021,0.41
2024/1/16 12:00,Ⅱ,10,7.3,10.55,691.6,15.1,2,0.078,0.081,1.89
2024/1/16 12:00,Ⅲ,6.6,8.34,11.64,241.6,27.1,3.34,0.058,0.043,0.73
2024/1/16 12:00,Ⅱ,9.6,8.14,11.24,376.6,14.9,3.28,0.052,0.063,1.64
2024/1/16 12:00,劣Ⅴ,5.9,8.14,11.88,283.9,347,8.26,0.025,0.276,0.96
2024/1/16 12:00,Ⅱ,7.1,7.49,11.46,159.6,24.2,2.34,0.025,0.016,0.57
2024/1/16 12:00,Ⅱ,11.1,7.95,10.9,385.8,27.5,2.14,0.062,0.081,1.79
2024/1/16 12:00,Ⅱ,7.7,7.8,11.18,218.6,47.8,2.61,0.037,0.02,0.65
2024/1/16 12:00,劣Ⅴ,4.8,8.18,12.64,287.7,429.1,4.08,0.025,0.462,0.07
2024/1/16 12:00,Ⅰ,9.7,7.86,12.71,155.2,8.1,1.45,0.025,0.018,0.99
2024/1/16 12:00,Ⅱ,7.5,7.12,12.27,185.7,10.5,1.53,0.091,0.027,1.77
2024/1/16 12:00,Ⅱ,11.4,7.59,12.09,167.4,12.2,1.89,0.123,0.089,3.29
2024/1/16 12:00,Ⅱ,7.4,6.97,11.66,74.1,10.7,1.7,0.025,0.03,3
2024/1/16 12:00,Ⅲ,10,7.08,11.53,244.6,10,4.15,0.26,0.08,3.58
2024/1/16 12:00,Ⅴ,9.1,7.66,9.98,294.5,19,3.69,1.824,0.111,4.67
2024/1/16 12:00,Ⅰ,10.6,7.51,9.94,102.3,1.8,1.35,0.035,0.008,0.32
2024/1/16 12:00,Ⅱ,8,7.78,12.18,239.4,5.9,2.18,0.055,0.049,3.26
2024/1/16 12:00,Ⅲ,8.5,7.69,8.64,1202.9,42.2,5.83,0.459,0.147,7.25
2024/1/16 12:00,Ⅲ,7.1,8.2,10.97,512.6,14.5,4.98,0.22,0.06,1.21
2024/1/16 8:00,Ⅱ,6.4,8.26,11.84,720.4,8.1,3.73,0.122,0.097,2.41
2024/1/16 12:00,劣Ⅴ,7.1,8.12,11.05,1080.8,19,7.42,2.654,0.177,7.6
2024/1/16 12:00,Ⅲ,9,7.74,10.78,1081.9,29.5,5.38,0.55,0.097,7.09
2024/1/16 12:00,劣Ⅴ,9.2,7.51,6.48,486.6,27.9,4.84,2.914,0.286,4.49
2024/1/16 12:00,Ⅲ,8.1,8.04,10.79,1023.1,17.2,4.7,0.127,0.055,7.98
2024/1/16 12:00,Ⅱ,6.9,8.14,11.4,995.6,4.6,3.65,0.415,0.094,6.69
2024/1/16 12:00,Ⅲ,7,8.36,11.82,942,7.7,4.61,0.334,0.078,4.48
2024/1/16 12:00,Ⅲ,5,8.6,13.26,2461.1,11.9,5.79,0.477,0.146,8.2
2024/1/16 12:00,Ⅱ,7.5,8.3,13.06,550.8,16.8,2.73,0.083,0.068,3.04
2024/1/16 12:00,Ⅲ,6.3,8.06,10.39,1086.8,4.8,3.72,0.627,0.113,7.67
2024/1/16 12:00,Ⅲ,7.2,7.99,9.1,591.4,4.5,4.16,0.043,0.031,0.93
2024/1/16 12:00,Ⅱ,8.5,8.08,10.61,1085.4,3.1,3.91,0.403,0.06,7.48
2024/1/16 12:00,Ⅲ,6.2,8.14,10.36,1884.3,7,4.56,0.124,0.041,3.44
2024/1/16 12:00,Ⅱ,6.9,8.14,10.43,1278.1,3.9,3.43,0.057,0.042,3.63
2024/1/16 12:00,Ⅲ,6.1,8.1,9.97,1147.9,10.1,5.35,0.166,0.045,1.2
2024/1/16 12:00,Ⅲ,6.7,7.56,10.73,1029,5.9,4.01,0.087,0.025,1.76
2024/1/16 12:00,Ⅱ,5.7,7.67,8.78,412.8,71.2,3,0.101,0.086,1.51
2024/1/16 12:00,Ⅱ,8.4,7.2,11.65,171.1,4.8,2.27,0.025,0.017,1.15
2024/1/16 12:00,Ⅱ,7.6,8.67,11.91,198.2,44.8,3.14,0.031,0.033,1.8
2024/1/16 12:00,Ⅱ,7.4,8.05,12.98,244.8,40.9,2.67,0.035,0.033,0.68
2024/1/16 12:00,Ⅱ,8.4,7.52,11.58,338.6,10.6,2.78,0.176,0.018,3.41
2024/1/16 12:00,Ⅰ,9.4,7.3,10.68,90.1,1.1,1.6,0.09,0.008,0.69
2024/1/16 12:00,劣Ⅴ,5.7,9.33,13.86,159.4,3,3.14,0.025,0.037,0.9
2024/1/16 12:00,Ⅱ,8.6,7.25,11.58,197.2,2.4,1.42,0.037,0.02,1.79
2024/1/16 8:00,Ⅲ,6.8,8.16,10.31,1405.6,23.5,4.34,0.23,0.056,2.58
2024/1/16 12:00,Ⅲ,6.4,8.09,7.8,1434.5,8.8,4.29,0.179,0.054,3.19
2024/1/16 12:00,Ⅲ,5.7,7.85,11.43,1769.2,11.8,3.96,0.433,0.101,6.48
2024/1/16 12:00,Ⅱ,7.4,8.22,10.27,1355.2,7.6,3.78,0.282,0.059,3.25
2024/1/16 12:00,Ⅲ,7.2,8.12,9.98,849.9,6.7,4.73,0.052,0.051,0.73
2024/1/16 8:00,Ⅳ,10.4,7.56,4.57,358.1,5.4,1.16,0.025,0.042,1.73
2024/1/16 12:00,Ⅰ,9.4,7.8,11.39,242.4,53.4,1.4,0.034,0.013,1.01
2024/1/16 12:00,Ⅲ,8.5,7.25,9.22,317.7,76,3.34,0.687,0.09,2.67
2024/1/16 12:00,Ⅰ,8.7,7.97,11.85,279.2,26.5,1.65,0.048,0.017,1.44
2024/1/16 12:00,Ⅰ,10.6,7.96,10.73,206.8,1.9,1.19,0.025,0.006,0.93
2024/1/16 12:00,Ⅱ,6.4,8,12.41,296.3,30.3,3.19,0.146,0.044,2.65
2024/1/16 12:00,Ⅲ,7.7,7.45,10.59,235.3,38.8,2.77,0.025,0.034,1.32
2024/1/16 12:00,Ⅱ,10,7.73,10.87,314.9,45.5,1.67,0.162,0.058,2.79
2024/1/16 12:00,Ⅱ,9.6,7.13,10.12,149.7,29.1,1.98,0.031,0.038,1.62
2024/1/16 12:00,Ⅲ,8.1,7.66,10.4,190.1,17.6,2.3,0.191,0.101,2.75
2024/1/16 12:00,Ⅳ,9.9,7.48,8.33,405.8,43.7,7.99,1.115,0.14,5.49
2024/1/16 12:00,Ⅲ,8.7,7.67,9.87,620.4,6.5,4.51,0.107,0.03,3.14
2024/1/16 12:00,Ⅱ,8.2,7.76,10.13,363.9,9.1,1.85,0.037,0.031,2.69
2024/1/16 8:00,Ⅲ,15,7.73,8.78,7993,92.2,2.31,0.187,0.138,3.09
2024/1/16 12:00,Ⅱ,14.7,7.57,8.76,7444.4,79.4,2.68,0.168,0.086,2.77
2024/1/16 8:00,Ⅳ,15.7,7.32,10.48,139.1,75.5,4.68,0.503,0.227,1.66
2024/1/16 8:00,Ⅲ,14.8,7.18,10.09,106.9,98.2,2.62,0.111,0.132,2.12
2024/1/16 12:00,Ⅱ,15.9,7.62,11.26,53,10.9,2.06,0.025,0.023,0.97
2024/1/16 12:00,Ⅱ,16.1,6.98,7.9,125.3,2.3,1.94,0.025,0.06,2.23
2024/1/16 12:00,Ⅱ,18.2,6.49,6.88,213.2,8.6,0.65,0.025,0.052,0.84
2024/1/16 8:00,Ⅲ,14.4,7.06,8.12,123.9,3.2,1.4,0.042,0.127,2.5
2024/1/16 8:00,Ⅱ,13.9,8.07,8.2,13292.2,16.7,1.98,0.31,0.079,2.18
2024/1/16 8:00,Ⅰ,11,6.53,10.53,81.7,10.5,1.24,0.086,0.019,0.87
2024/1/16 8:00,Ⅲ,12.1,7.3,9.7,106.9,10.9,2.61,0.332,0.116,1.88
2024/1/16 12:00,Ⅱ,14.7,6.96,7.72,208.8,2.4,1.2,0.283,0.061,2.61
2024/1/16 8:00,Ⅲ,14.4,6.58,7.48,330.6,4,1.9,0.468,0.143,2.68
2024/1/16 8:00,Ⅱ,7,6.58,12.7,50.9,2.8,1.26,0.055,0.04,1.16
2024/1/16 12:00,Ⅰ,17.2,7.05,7.79,118.4,3.5,0.78,0.075,0.01,0.72
2024/1/16 12:00,Ⅱ,14.4,7.17,7.54,129.5,3.3,1.97,0.215,0.057,1.73
2024/1/16 12:00,Ⅲ,16.8,7.19,8.79,191.3,2.2,1.49,0.549,0.118,2.83
2024/1/16 12:00,Ⅱ,18,7.11,7.36,167.6,2,1.31,0.025,0.015,1.93
2024/1/16 12:00,Ⅲ,18.1,6.46,7.15,207.7,8.7,2.34,0.37,0.159,4.78
2024/1/16 12:00,Ⅲ,17.4,6.72,5.34,181.9,24.2,2.56,0.508,0.139,4.3
2024/1/16 12:00,Ⅱ,16.1,7.18,8.78,315.9,21.1,1.41,0.205,0.087,2.38
2024/1/16 12:00,Ⅲ,18.3,6.91,9.37,246.7,2.5,1.9,0.055,0.113,2.23
2024/1/16 12:00,Ⅳ,18.1,6.6,3.19,281.2,20.3,1.58,0.123,0.298,12.71
2024/1/16 12:00,Ⅱ,16.7,7.2,9.33,203.8,26.8,1.27,0.063,0.079,1.69
2024/1/16 12:00,Ⅲ,19.4,6.35,7.37,429.8,117.4,4.08,0.548,0.135,4.49
2024/1/16 12:00,Ⅲ,16.6,7.28,5.16,5657.5,56.4,3.73,0.441,0.117,3.66
2024/1/16 12:00,Ⅲ,18.4,7.21,5.13,228.8,5.9,2.8,0.117,0.14,4.13
2024/1/16 12:00,Ⅳ,18.5,6.58,9.64,4089.3,9.7,5.05,1.437,0.263,5.58
2024/1/16 12:00,Ⅲ,14.9,7.06,7.27,366.1,9.7,2.12,0.363,0.144,2.62
2024/1/16 8:00,Ⅱ,14.3,7.08,8.23,139.2,14.2,1.48,0.267,0.094,2.31
2024/1/16 8:00,Ⅲ,11.8,6.72,10.34,62.8,11.2,1.61,0.524,0.102,1.62
2024/1/16 12:00,Ⅱ,13.8,7.2,10.08,63.6,14.4,1.53,0.186,0.048,2
2024/1/16 12:00,Ⅱ,14.4,6.37,9.85,76.3,30.7,1.96,0.149,0.058,1.6
2024/1/16 8:00,Ⅱ,14.3,7.09,8.68,168.2,11.9,1.5,0.465,0.053,1.98
2024/1/16 12:00,Ⅱ,14.4,7.01,8.96,88.5,8.9,1.48,0.07,0.03,0.87
2024/1/16 12:00,Ⅱ,13.2,6.96,10.18,117.5,7.2,1.87,0.159,0.067,1.69
2024/1/16 8:00,Ⅱ,13.9,7.35,9.34,124.6,7.9,2.13,0.245,0.091,2.01
2024/1/16 12:00,Ⅱ,13.1,7.34,10.59,67.7,30.6,1.8,0.119,0.035,1.37
2024/1/16 12:00,Ⅱ,12.1,7.42,11.27,253.9,14.3,2,0.103,0.072,1.71
2024/1/16 8:00,Ⅲ,16,6.97,8.51,475.7,107.4,2.51,0.155,0.138,1.96
2024/1/16 12:00,Ⅱ,16.1,6.54,9.56,53,7.1,1.13,0.025,0.065,1.36
2024/1/16 12:00,Ⅱ,13.4,7.31,10.32,51.7,12.3,1.31,0.027,0.059,1.7
2024/1/16 12:00,Ⅱ,15.9,7.17,8.3,148.1,2.5,2.44,0.078,0.091,1.8
2024/1/16 8:00,Ⅲ,14.1,6.8,9.41,60.9,11.3,1.61,0.053,0.139,1.81
2024/1/16 12:00,Ⅱ,10.3,7.4,10.69,121.7,37.3,2.46,0.025,0.031,2.04
2024/1/16 12:00,Ⅱ,11.5,7.49,12.13,183.9,34.5,3.4,0.027,0.03,1.22
2024/1/16 8:00,Ⅱ,5.4,7.21,6.78,263.7,68.1,1.91,0.08,0.041,1.88
2024/1/16 12:00,Ⅱ,10.6,7.06,9.65,281.6,19,2.14,0.248,0.034,3.22
2024/1/16 8:00,Ⅱ,6.4,7.27,11.74,159.7,13.6,1.93,0.025,0.06,2.18
2024/1/16 12:00,Ⅱ,10.2,7.98,10.76,166.1,32.6,3.07,0.197,0.067,1.74
2024/1/16 8:00,Ⅱ,12.6,7.56,8.67,197.4,59.1,2.79,0.153,0.065,2.06
2024/1/16 12:00,Ⅱ,12.7,7.46,9.89,499.3,16.3,3.67,0.222,0.055,2.17
2024/1/16 12:00,Ⅲ,12.2,7,8.71,1086.8,11.7,3.01,0.756,0.039,3.05
2024/1/16 8:00,Ⅲ,10.3,6.82,8.45,223.6,41.8,3.72,0.364,0.146,3
2024/1/16 8:00,Ⅱ,11.5,7.07,9.12,118,24.5,2.58,0.049,0.05,2.53
2024/1/16 12:00,Ⅱ,12.3,7.69,6.64,423.2,3.7,1.66,0.11,0.059,1
2024/1/16 12:00,Ⅴ,6.9,7.61,11.74,457.9,5.6,3.22,1.724,0.173,4.91
2024/1/16 12:00,Ⅱ,12.1,7.61,9.15,281.6,9.4,1.52,0.067,0.066,1.82
2024/1/16 12:00,Ⅳ,7.5,7.8,4.7,532.6,9.9,1.5,0.322,0.079,3.27
2024/1/16 12:00,Ⅱ,10.9,7.1,10.69,274.7,54.2,2.97,0.366,0.075,3.08
2024/1/16 12:00,Ⅱ,9,7.55,10.22,184,48.9,1.71,0.079,0.047,1.79
2024/1/16 8:00,Ⅱ,13.1,8.26,9.65,416,19.5,1.54,0.05,0.088,2.26
2024/1/16 8:00,Ⅱ,11.9,8.3,9.68,408,31.2,0.98,0.032,0.092,1.77
2024/1/16 8:00,Ⅲ,18.9,7.84,7.04,230,173.8,2.27,0.081,0.034,2.46
2024/1/16 8:00,Ⅲ,6.4,7.2,10.66,247.4,94.1,2.64,0.092,0.043,2.81
2024/1/16 12:00,Ⅱ,8.8,7.17,10.99,228.6,25.7,2.44,0.188,0.058,1.57
2024/1/16 8:00,Ⅰ,13.1,6.85,10.31,161.1,4.3,1.15,0.091,0.011,0.87
2024/1/16 12:00,Ⅰ,12.1,7.37,8.25,112.6,1,1.4,0.025,0.005,0.62
2024/1/16 12:00,Ⅰ,12.8,8.14,13.03,351.1,1.4,0.78,0.025,0.005,0.48
2024/1/16 12:00,Ⅲ,3.5,8.1,14.32,190.9,208.5,5.52,0.638,0.181,6.55
2024/1/16 12:00,Ⅳ,9.6,7.56,8.5,253.7,25.8,3.61,1.158,0.146,4.15
2024/1/16 12:00,Ⅱ,9,7.52,9.3,391.9,12.6,3.55,0.328,0.052,2.38
2024/1/16 12:00,Ⅱ,10.9,7.8,9.16,320.9,22,2.59,0.123,0.063,1.9
2024/1/16 12:00,Ⅱ,8.3,6.98,8.98,354.7,13.6,3.15,0.047,0.03,1.4
2024/1/16 12:00,Ⅱ,11.4,7.19,10.82,212.9,6,1.77,0.13,0.038,2.3
2024/1/16 12:00,Ⅱ,11,7.34,11.09,96.9,19,2.6,0.141,0.044,1.43
2024/1/16 12:00,Ⅱ,12.6,7.67,10.62,283.3,7.6,2.46,0.249,0.056,1.85
2024/1/16 12:00,Ⅱ,13.5,7.23,9.36,188.6,6.6,1.55,0.114,0.063,2.05
2024/1/16 12:00,Ⅱ,13.3,7.69,10.45,225.2,8.6,2.88,0.046,0.09,2.62
2024/1/16 12:00,Ⅱ,13.3,7.41,8.47,135.4,6.1,2.69,0.095,0.038,0.84
2024/1/16 12:00,Ⅱ,12.5,7.67,7.86,815.7,9.3,3.13,0.367,0.036,1.84
2024/1/16 12:00,Ⅱ,12.5,7.45,8.89,303,11.5,1.54,0.034,0.022,2.97
2024/1/16 12:00,Ⅱ,12.4,7.45,8.81,156.9,34,1.07,0.142,0.072,1.21
2024/1/16 8:00,Ⅱ,13.3,7.72,9.88,131.3,75.5,1.48,0.028,0.034,1.24
2024/1/16 12:00,Ⅱ,15.1,7.92,10,130.2,2.4,1.78,0.025,0.023,2.99
2024/1/16 12:00,Ⅱ,20.1,7.08,9.67,213.6,8.3,1.63,0.052,0.056,2.32
2024/1/16 12:00,Ⅱ,12.6,7.31,10.16,242.4,12,1.46,0.047,0.042,2.09
2024/1/16 12:00,Ⅱ,14.8,6.42,9.84,106.1,35,2.24,0.198,0.005,1.65
2024/1/16 12:00,Ⅱ,14.6,8.01,8.83,249.5,10.2,1.45,0.095,0.027,0.9
2024/1/16 12:00,Ⅱ,12.6,7.39,8.65,167,4.2,2.46,0.064,0.045,1.99
2024/1/16 12:00,Ⅱ,15,7.46,8.97,213.1,9.7,1.76,0.092,0.036,1.63
2024/1/16 12:00,Ⅱ,11.7,7.6,10.98,233.1,4,1.79,0.025,0.026,1.7
2024/1/16 8:00,Ⅳ,9,7.35,9.98,236.2,21.2,4.56,0.176,0.203,3.24
2024/1/16 8:00,劣Ⅴ,9.5,7.02,8.43,376.5,24,4.83,0.281,1.352,2.48
2024/1/16 8:00,Ⅲ,8.9,6.87,9.64,110,46.2,5.01,0.227,0.132,2.14
2024/1/16 8:00,Ⅲ,7.4,7.33,12.71,375.4,33.2,4.76,0.396,0.148,2.81
2024/1/16 8:00,Ⅰ,8.7,6.71,11.63,35.2,0.6,0.48,0.025,0.012,0.69
2024/1/16 12:00,Ⅱ,8.8,7.36,10.56,94.5,15.7,2.31,0.231,0.076,1.66
2024/1/16 12:00,Ⅱ,8,7.2,10.16,122.3,15,3.14,0.09,0.045,2.14
2024/1/16 12:00,Ⅱ,8.9,7.3,10.77,130.8,15.7,3.55,0.174,0.089,1.35
2024/1/16 12:00,Ⅲ,7.7,7.33,11.01,98.7,15.2,2.82,0.063,0.16,2.44
2024/1/16 12:00,Ⅲ,9.8,6.56,11.71,188.6,70.2,2.35,0.093,0.049,2.62
2024/1/16 12:00,Ⅲ,7,6.69,5.26,198.4,24.4,2.18,0.028,0.005,2.23
2024/1/16 8:00,Ⅱ,12.6,7.47,8.97,340.3,15.4,2.55,0.111,0.094,3.04
2024/1/16 8:00,Ⅱ,10.5,6.96,9.79,301.7,15.4,2.84,0.154,0.02,2.55
2024/1/16 8:00,Ⅱ,12.2,7.22,9.77,395.8,23.4,3.03,0.224,0.069,2.5
2024/1/16 12:00,Ⅱ,12.1,7.24,8.57,270.4,11.3,3.05,0.205,0.086,2.26
2024/1/16 8:00,Ⅲ,10.7,6.8,12.99,298.4,27.3,3.54,0.35,0.129,3.47
2024/1/16 12:00,Ⅲ,12.6,6.83,10.51,10.2,17.7,2.98,0.295,0.121,2.94
2024/1/16 8:00,Ⅲ,8.8,7.01,10.18,288.1,7.4,2.32,0.429,0.107,2.12
2024/1/16 8:00,Ⅲ,1.5,8.53,13.83,1080.7,221.4,2.94,0.22,0.118,4.19
2024/1/16 8:00,Ⅱ,3.7,8.28,17.96,753.5,11.7,3.3,0.038,0.041,5.57
2024/1/16 8:00,Ⅰ,3.7,8.34,12.38,619.3,4.9,1.79,0.042,0.005,7.08
2024/1/16 12:00,Ⅲ,1.2,8.47,13.73,1170.6,1.5,4.53,0.041,0.032,13.18
2024/1/16 8:00,Ⅱ,3.7,7.67,12.42,176.1,1.9,2.46,0.025,0.011,3.11
2024/1/16 8:00,Ⅱ,0.7,8.07,11.65,1079.1,2.7,1.67,0.052,0.023,30.32
2024/1/16 8:00,Ⅱ,2,8.13,12.1,372.2,3.6,3.31,0.14,0.019,1.94
2024/1/16 8:00,Ⅳ,1.6,8.03,12.46,2174.8,2.8,6.2,0.764,0.152,11.02
2024/1/16 12:00,Ⅱ,1.6,7.68,14.88,1030.6,2.1,1.97,0.05,0.024,28.82
2024/1/16 12:00,Ⅲ,5.2,8.26,13.02,907.9,20.8,4.02,0.025,0.061,3.02
2024/1/16 12:00,Ⅲ,3.2,8.17,14.87,2140.8,10.1,4.13,0.212,0.105,9.51
2024/1/16 12:00,Ⅲ,4.5,8.46,14.14,685.7,7.5,4.01,0.748,0.08,16.12
2024/1/16 12:00,Ⅱ,4.5,8.4,13,935.8,11,3.77,0.067,0.028,2.06
2024/1/16 12:00,Ⅴ,5,7.72,10.69,1761.6,5.9,4.59,1.552,0.08,12.82
2024/1/16 8:00,Ⅳ,3.6,8.06,11.04,7219,13.1,8.68,0.575,0.076,2
2024/1/16 8:00,Ⅲ,3.5,8.47,13.21,1402.5,39.3,4.9,0.161,0.074,26.86
2024/1/16 8:00,Ⅲ,5,8.31,11.94,2947.5,45.9,5.28,0.285,0.19,10.42
2024/1/16 8:00,Ⅲ,2.3,8.23,13.41,1731.1,5.9,3.77,0.335,0.16,10.48
2024/1/16 8:00,Ⅱ,5.5,8.29,12.92,1503.7,8,2.65,0.027,0.053,21.89
2024/1/16 12:00,Ⅳ,4,7.22,13.45,1078.5,14,6.46,0.193,0.068,3.15
2024/1/16 12:00,Ⅲ,4.8,7.11,11.56,1268.1,33.3,4.22,0.071,0.046,1.67
2024/1/16 12:00,Ⅱ,7.2,7.42,6.8,1474.7,8.7,2.78,0.06,0.035,0.72
2024/1/16 8:00,Ⅲ,4.7,7.98,10.32,1402.5,6.2,3.61,0.361,0.101,6.54
2024/1/16 12:00,Ⅲ,4.7,8.39,14.53,913.5,10.1,5.17,0.033,0.046,2.07
2024/1/16 8:00,Ⅲ,7.1,7.92,10.25,1314.8,12.7,4.1,0.055,0.03,1.71
2024/1/16 8:00,Ⅱ,4.8,7.46,12.4,1382.6,14.9,3.78,0.074,0.039,2.86
2024/1/16 12:00,Ⅱ,7.8,7.24,7.27,1342.4,4.4,3.61,0.056,0.03,0.94
2024/1/16 8:00,Ⅱ,3.9,8.17,9.76,1341.3,6.4,3.99,0.199,0.064,12.03
2024/1/16 8:00,Ⅲ,5.2,8.23,9.59,2008.1,9.9,5.56,0.072,0.044,1.18
2024/1/16 12:00,Ⅲ,4.3,8.03,11.31,1416.4,25,4.7,0.204,0.053,5.64
2024/1/16 12:00,Ⅲ,3.4,8.36,12.75,1094.7,6.7,4.47,0.025,0.029,1.43
2024/1/16 12:00,Ⅱ,5.1,8.08,11.27,669.5,4.9,3.8,0.027,0.04,2.3
2024/1/16 12:00,Ⅳ,4.9,8.23,9.2,2378.7,33.7,5.36,1.01,0.239,3.58
2024/1/16 12:00,Ⅲ,7.1,8.44,11.55,1844.7,4.4,3.52,0.052,0.113,9.29
2024/1/16 8:00,Ⅲ,10.9,7.9,7.53,2486.6,26.9,4.6,0.198,0.045,1.83
2024/1/16 8:00,Ⅳ,1.5,7.87,14.26,978,20,4.39,1.291,0.166,8.7
2024/1/16 12:00,Ⅲ,3.2,7.05,13.76,988.4,5.1,5.98,0.678,0.178,7.3
2024/1/16 12:00,Ⅱ,2.9,8.28,14.64,913.6,7.6,3.77,0.229,0.074,5.2
2024/1/16 8:00,Ⅱ,2.1,8.29,13.88,1279.2,2,3.3,0.025,0.026,9.64
2024/1/16 12:00,Ⅲ,4.9,8.89,15.16,628,10.2,4.73,0.192,*,*
2024/1/16 12:00,Ⅱ,4.4,8.08,9.89,893.5,7.6,3.43,0.173,0.057,12.37
2024/1/16 12:00,Ⅲ,3.5,8.02,13.49,1024.6,9.2,5.03,0.259,0.102,7.82
2024/1/16 12:00,Ⅱ,5,7.94,14.87,786.6,4,2.66,0.025,0.014,22.08
2024/1/16 12:00,Ⅲ,4.6,8.46,14.32,842.4,7.7,4.57,0.025,0.051,9.65
2024/1/16 12:00,Ⅱ,4.2,8.1,11.4,510.7,3.3,1.83,0.025,0.022,4.4
2024/1/16 8:00,Ⅱ,2.3,8.2,13.78,1186.5,11.6,2.94,0.077,0.04,4.34
2024/1/16 8:00,Ⅳ,4.4,8.58,13.66,2493.7,18.8,6.11,0.063,0.122,4.4
2024/1/16 8:00,Ⅲ,3.2,8.21,12.88,1540.1,28.9,4.24,0.584,0.097,10.09
2024/1/16 8:00,Ⅳ,0.7,8.56,13.2,1530.5,12.4,6.05,0.057,0.064,9.34
2024/1/16 8:00,Ⅱ,4.2,8.7,13.06,2802,41,3.95,0.138,0.061,5.34
2024/1/16 8:00,Ⅲ,8.9,8.11,9.19,3853,5.2,4.7,0.046,0.049,3.9
2024/1/16 8:00,Ⅱ,4,8.55,15.01,1347.9,12.6,2.1,0.025,0.017,2.36
2024/1/16 8:00,Ⅲ,3.3,8.1,12.39,1992.5,18,4.6,0.632,0.085,9.59
2024/1/16 8:00,Ⅲ,3.5,8.03,12.84,1991.9,14.1,3.34,0.779,0.046,10.61
2024/1/16 8:00,Ⅲ,1.9,8.39,12.88,3592.7,25.8,5.15,0.145,0.066,5.07
2024/1/16 12:00,Ⅲ,6.4,8.32,10.88,2529.8,12.4,4.86,0.171,0.04,3.43
2024/1/16 12:00,Ⅳ,5.2,8.18,14.4,898.5,60.1,6.81,0.852,0.149,5.16
2024/1/16 12:00,Ⅱ,4.4,8.13,11.06,302.8,4.7,2.16,0.194,0.02,0.54
2024/1/16 12:00,Ⅱ,4.9,8.32,12.3,1089.6,8.4,3.4,0.296,0.055,4.91
2024/1/16 12:00,Ⅲ,3.9,8.68,14.25,985.5,24.2,4.7,0.277,0.058,4.19
2024/1/16 12:00,Ⅳ,6.7,8.1,11.56,596.2,7.2,9,0.133,0.02,3.31
2024/1/16 12:00,Ⅱ,4.4,8.03,12.27,391,7.5,2.65,0.287,0.042,7.01
2024/1/16 12:00,Ⅱ,5.2,7.94,13.74,298.2,6.3,2.82,0.025,0.021,2.65
2024/1/16 12:00,Ⅲ,5.5,8.14,12.36,732.7,11.1,3.95,0.099,0.1,5.18
2024/1/16 12:00,Ⅰ,7.8,7.54,11.17,535.7,100.2,1.5,0.025,0.02,3.03
2024/1/16 12:00,Ⅰ,4.7,8.28,13.34,572.6,9.3,0.25,0.04,0.005,3.29
2024/1/16 12:00,Ⅱ,4.9,8.24,11.79,658.7,2.8,2.67,0.03,0.011,2.82
2024/1/16 12:00,Ⅱ,5.8,8.43,11.16,482.9,5.1,2.48,0.119,0.013,0.71
2024/1/16 12:00,Ⅱ,7.2,8.14,11.51,430,9.3,2.96,0.046,0.019,1.38
2024/1/16 12:00,Ⅰ,6.8,7.44,10.43,299,4.3,1.94,0.043,0.009,0.67
2024/1/16 12:00,Ⅰ,6.1,8.6,11.16,656.5,5.4,0.45,0.025,0.005,4.91
2024/1/16 12:00,Ⅱ,5.9,7.7,11.64,961,13.7,1.56,0.388,0.057,10.18
2024/1/16 12:00,Ⅰ,5.6,7.78,9.8,435.2,2.8,0.82,0.025,0.012,2.24
2024/1/16 12:00,Ⅰ,8.6,8.24,10.37,466.6,2.5,0.56,0.025,0.005,7
2024/1/16 12:00,Ⅳ,4.6,8.18,12.48,2144.1,11.8,4.15,1.03,0.204,14.52
2024/1/16 12:00,Ⅰ,5.5,8.13,12.87,674.7,6.5,1.14,0.069,0.018,8.75
2024/1/16 12:00,Ⅳ,5.7,7.73,6.72,2358.9,13.1,5,1.194,0.142,8.92
2024/1/16 12:00,Ⅳ,6.6,7.87,10.51,2611,17.3,5.01,1.235,0.227,9.31
2024/1/16 12:00,Ⅲ,3.5,8.11,11.16,1389.9,59.2,5.8,0.092,0.116,3.27
2024/1/16 12:00,Ⅲ,5.9,8.15,10.35,1726.8,11.7,4.18,0.025,0.034,3.49
2024/1/16 12:00,Ⅱ,3.6,8.32,12.18,1020.6,22.4,1.98,0.249,0.033,4.1
2024/1/16 12:00,Ⅱ,3.2,8.28,12.93,1082.4,20.2,2.95,0.109,0.041,5.79
2024/1/16 12:00,Ⅲ,5.8,7.64,6.29,2476.2,8.7,4.26,0.025,0.031,3.75
2024/1/16 12:00,Ⅲ,4.4,8.26,14.15,1750.9,45.7,5.86,0.807,0.174,11.73
2024/1/16 12:00,Ⅲ,4.2,7.93,10.46,946.3,29.7,4.51,0.144,0.058,3.5
2024/1/16 12:00,Ⅱ,4.8,8.23,12.84,846.4,7,1.5,0.025,0.024,2.46
2024/1/16 12:00,Ⅱ,5,8.61,10.16,1226.8,29.6,3.3,0.254,0.076,4.41
2024/1/16 12:00,Ⅰ,4.8,8.24,13.36,988,5.9,1.27,0.025,0.02,5.6
2024/1/16 12:00,Ⅱ,4.7,8.13,12.68,695.4,6.8,3.73,0.13,0.018,1.95
2024/1/16 12:00,Ⅱ,5.4,8.44,13.28,863.5,8.6,2.77,0.102,0.025,4.92
2024/1/16 12:00,Ⅲ,8.2,7.82,12.79,1614.4,4.8,3.84,0.986,0.123,7.16
2024/1/16 12:00,Ⅱ,4.5,8.01,11.79,504.5,5.4,1.84,0.16,0.019,3.73
2024/1/16 12:00,Ⅱ,6.8,7.91,11.86,941.1,11.5,3.79,0.4,0.059,4.02
2024/1/16 12:00,Ⅲ,5.5,8.6,15.2,854.8,9,3.03,0.72,0.064,7.44
2024/1/16 12:00,Ⅰ,4.9,8.32,11.34,483.8,2.7,0.68,0.119,0.007,1.9
2024/1/16 12:00,Ⅰ,6.8,8.25,12.61,459.6,0.8,0.75,0.027,0.01,3.12
2024/1/16 8:00,Ⅰ,7.2,8,12.07,496.7,7.9,0.87,0.025,0.011,2.9
2024/1/16 8:00,Ⅱ,5.2,8.24,10.92,581.3,11,2.99,0.032,0.036,3.66
2024/1/16 12:00,Ⅰ,11.3,8.17,10.15,289.3,16.6,0.84,0.025,0.01,1.35
2024/1/16 12:00,Ⅱ,11.2,7.87,10.72,311.1,6.9,1.06,0.025,0.012,1.25
2024/1/16 12:00,Ⅱ,6.3,8.32,10.14,423.1,1.7,2.01,0.025,0.017,2.09
2024/1/16 12:00,Ⅰ,4.5,7.48,12.35,553.2,10.4,0.72,0.037,0.005,3.28
2024/1/16 12:00,Ⅰ,4.9,8.33,13.95,269.7,8.1,1.26,0.025,0.005,1.26
2024/1/16 12:00,Ⅱ,9,8.05,15.41,364.9,3.6,2.04,0.498,0.026,2.64
2024/1/16 12:00,Ⅰ,8.4,7.95,11.14,576,2.5,1.33,0.025,0.008,4.62
2024/1/16 12:00,Ⅱ,4.9,7.98,10.12,1925.6,21,3.76,0.492,0.067,6.78
2024/1/16 12:00,Ⅳ,3.8,8.13,12.61,2195.9,37.5,5.28,1.03,0.181,6.82
2024/1/16 12:00,Ⅱ,5.5,8.25,10.96,369.4,3.1,2.85,0.025,0.017,1.14
2024/1/16 12:00,Ⅲ,12.1,7.19,5,468.2,160.7,4.3,0.111,0.075,5.37
2024/1/16 12:00,Ⅱ,7,7.25,8.82,321.7,12.4,2.87,0.045,0.033,2.61
2024/1/16 12:00,Ⅱ,7.5,8.02,12.57,251.6,18.5,2.19,0.025,0.015,1.7
2024/1/16 12:00,Ⅱ,8.1,7.31,9.29,186.9,2.9,3.03,0.025,0.008,0.86
2024/1/16 12:00,Ⅱ,9.1,7.59,10.59,117.3,1.5,2.12,0.026,0.013,0.54
2024/1/16 12:00,Ⅱ,7.9,8.26,12.62,258.1,8.7,1.61,0.025,0.036,0.73
2024/1/16 12:00,Ⅱ,6.7,7.18,9.52,282.9,9,1.75,0.053,0.025,2.04
2024/1/16 12:00,Ⅱ,5.7,7.74,6.04,1023.6,2.9,3.17,0.07,*,*
2024/1/16 12:00,Ⅲ,6.5,8.17,10.35,1236.7,4.7,4.2,0.242,0.06,4.57
2024/1/16 12:00,Ⅳ,4.2,8.74,14.74,1083.5,48.4,7.69,0.106,0.278,7.73
2024/1/16 12:00,Ⅲ,8.1,8.11,12.9,845.3,29.7,5.17,0.291,0.106,5.24
2024/1/16 12:00,Ⅱ,7,8.36,11.82,779.2,2.3,2.44,0.051,0.011,3.33
2024/1/16 12:00,Ⅳ,6.3,8.29,8.1,1632.8,4.3,7.08,0.404,0.027,1.08
2024/1/16 12:00,Ⅲ,5.2,7.99,12.62,922.7,3.6,4.48,0.41,0.068,4.55
2024/1/16 12:00,Ⅲ,5.6,8.83,13.96,1572.5,16.6,4.78,0.31,0.04,1.87
2024/1/16 12:00,Ⅲ,6.4,8.22,11.65,735.3,23.9,5.29,0.409,0.111,4.94
2024/1/16 12:00,Ⅱ,5.2,8.2,12.6,656.3,36,3.74,0.129,0.062,2.37
2024/1/16 12:00,Ⅲ,6.2,8.1,12.41,1906.6,3.4,4.91,0.34,0.058,7.36
2024/1/16 12:00,Ⅱ,6.3,7.89,11.38,287.1,12,2.67,0.316,0.008,1.11
2024/1/16 12:00,Ⅱ,8.1,7.53,9.69,296.9,2.9,2.06,0.066,0.012,0.59
2024/1/16 12:00,Ⅱ,5.4,7.93,11.8,917,19,3.5,0.145,0.061,5.54
2024/1/16 12:00,Ⅰ,3.3,8.36,12.2,968.3,8.2,1.93,0.03,0.008,5.52
2024/1/16 12:00,Ⅳ,8.3,7.44,10.03,696,29.7,5.04,0.797,0.207,4.46
2024/1/16 12:00,Ⅲ,7.2,8.16,11.28,320.9,16.6,4.38,0.025,0.039,0.63
2024/1/16 12:00,Ⅳ,6.4,7.14,11.44,204.4,87.7,3.64,0.025,0.058,1.34
2024/1/16 12:00,Ⅲ,6,7.82,11.48,204.6,35.8,3.13,0.025,0.039,0.58
2024/1/16 12:00,Ⅲ,6.6,7.65,11.49,201.6,74,2.82,0.025,0.044,1.09
2024/1/16 12:00,Ⅲ,7,7.19,11.33,198.4,50.5,3.3,0.025,0.041,1.04
2024/1/16 12:00,Ⅱ,8.6,8.32,11.95,365.7,28.5,2.02,0.102,0.062,1.26
2024/1/16 12:00,Ⅱ,12.3,8.3,10.4,421.5,42.7,1.22,0.049,0.066,1.55
2024/1/16 12:00,Ⅲ,8.8,7.08,8.89,290.7,26,4.09,0.795,0.098,3.24
2024/1/16 12:00,Ⅲ,7.9,8.01,9.65,428.2,37.9,5.5,0.678,0.056,2
2024/1/16 12:00,Ⅳ,5.3,6.91,10.98,285.9,13.7,6.19,0.406,0.107,3.8
2024/1/16 12:00,Ⅱ,6.6,7.8,10.7,178.3,21.1,1.58,0.411,0.056,1.37
2024/1/16 8:00,Ⅱ,6.7,8.03,16.4,724.1,16.7,0.25,0.051,0.066,2.17
2024/1/16 12:00,Ⅲ,5.6,7.87,12.07,595.2,64.4,2.93,0.839,0.065,3.44
2024/1/16 12:00,Ⅱ,12.9,8.25,9.42,310.9,36.6,1.12,0.026,0.064,1.72
2024/1/16 12:00,Ⅱ,9.8,8.09,9.63,547,12.9,2.66,0.143,0.05,0.87
2024/1/16 12:00,Ⅰ,8.5,8.12,10.47,338.7,1.5,1.15,0.025,0.006,1.59
2024/1/16 12:00,Ⅱ,5.3,8.25,13.12,512.1,5.2,1.93,0.306,0.084,2.42
2024/1/16 12:00,Ⅴ,7.2,7.42,9.27,724.7,2.7,2.82,1.659,0.08,6.83
2024/1/16 12:00,Ⅱ,5.3,7.35,12.24,203.6,3.2,1.29,0.29,0.025,2.55
2024/1/16 12:00,Ⅱ,11.1,7.74,8.64,289.2,6.3,3.54,0.101,0.025,1.29
2024/1/16 12:00,Ⅰ,12.1,7.63,7.74,220.3,1.3,0.82,0.025,0.005,0.94
2024/1/16 12:00,Ⅰ,11.2,7.63,9.83,258.8,12.8,1.5,0.058,0.016,1.4
2024/1/16 12:00,Ⅱ,6,7.99,13.69,640.7,2.9,2.06,0.138,0.061,5.51
2024/1/16 12:00,Ⅰ,7.1,8.1,12.22,457.4,5.4,0.57,0.038,0.006,1.58
2024/1/16 12:00,Ⅰ,12.5,7.8,8.04,249.5,1.2,0.68,0.025,0.009,1.98
2024/1/16 12:00,Ⅱ,14.8,7.88,9.48,380.9,7.3,0.54,0.025,0.056,1.55
2024/1/16 12:00,Ⅰ,11.6,7.67,9.28,295.2,5.2,0.73,0.025,0.013,2.07
2024/1/16 12:00,Ⅱ,15.6,7.83,8.76,430.7,2.9,1.34,0.025,0.042,1.49
2024/1/16 12:00,Ⅱ,7.9,7.72,9.56,376.3,28.4,1.34,0.028,0.025,1.48
2024/1/16 12:00,Ⅱ,8.1,8.02,10.73,385.5,1.8,1.8,0.096,0.023,1.41
2024/1/16 12:00,Ⅱ,6,7.91,11.53,591.3,26.8,3.09,0.158,0.034,3.27
2024/1/16 12:00,Ⅰ,12.8,8.05,10.34,252.6,1.1,0.71,0.025,0.008,2.04
2024/1/16 12:00,Ⅰ,7.3,7.8,11.67,332.2,0.1,1.95,0.025,0.005,1.05
2024/1/16 12:00,Ⅱ,13.9,8.02,9.87,388.4,16.1,1.16,0.025,0.043,1.5
2024/1/16 12:00,Ⅲ,5.5,7.61,10.44,621.6,66,5.81,0.901,0.114,5.87
2024/1/16 12:00,Ⅱ,5.3,8.03,12.12,534.1,43.2,3.1,0.152,0.039,4.78
2024/1/16 12:00,Ⅱ,5.2,7.72,9.72,530.3,23.1,3.34,0.192,0.054,4.32
2024/1/16 12:00,Ⅱ,9.6,8.24,11.01,322.5,6,1.99,0.158,0.028,1.44
2024/1/16 12:00,Ⅱ,12.6,8.07,11.31,314.3,3.9,1.76,0.098,0.024,1.59
2024/1/16 12:00,Ⅱ,7.2,8.44,11.79,392.1,4.6,2.26,0.093,0.037,1.64
2024/1/16 12:00,Ⅳ,5.4,8.79,15.42,859.6,17.3,6.62,0.195,0.091,5.37
2024/1/16 12:00,Ⅱ,11.3,7.87,10.41,315.3,13.5,1.48,0.049,0.034,1.32
2024/1/16 12:00,Ⅰ,8.7,7.76,10.64,510.3,1.8,0.91,0.13,0.005,2.95
2024/1/16 12:00,Ⅱ,8.8,8.04,10.43,335.3,9.2,1.86,0.025,0.012,0.48
2024/1/16 12:00,Ⅱ,8,8.08,11.79,379.8,6.5,1.6,0.045,0.035,1.8
2024/1/16 12:00,Ⅱ,7.5,8.19,11.83,436.9,4.9,1.72,0.07,0.036,1.73
2024/1/16 12:00,Ⅱ,8.1,7.84,11.76,319.8,6.8,1.62,0.025,0.023,1.65
2024/1/16 12:00,Ⅲ,7.6,8.52,12.98,768.8,1.9,5.02,0.025,0.056,3.15
2024/1/16 12:00,Ⅱ,6.2,8.45,11.22,256.1,3.5,2.16,0.029,0.015,0.36
2024/1/16 12:00,Ⅱ,7.2,8.05,11,469.7,6.5,1.77,0.026,0.027,0.73
2024/1/16 8:00,Ⅱ,8,7.9,9.03,390.8,15.1,2.26,0.134,0.061,1.86
2024/1/16 12:00,Ⅲ,4.9,8.12,11.78,456.2,6.3,4.62,0.126,0.034,3.56
2024/1/16 12:00,Ⅱ,8.6,8.32,10.25,439.9,7.9,3.13,0.025,0.022,3.1
2024/1/16 12:00,Ⅱ,4.7,8.3,11.88,306.1,10,2.55,0.025,0.02,0.47
2024/1/16 12:00,Ⅳ,7.4,7.94,10.89,450.6,2.5,8.76,0.033,0.011,0.19
2024/1/16 12:00,Ⅴ,5.9,8.69,12.6,530.2,22.2,11.72,0.047,0.073,1.82
2024/1/16 12:00,Ⅲ,8.5,7.76,10.81,521.5,24,5.01,0.239,0.048,3.65
2024/1/16 8:00,Ⅴ,5.7,7.89,10.26,502.7,147,8.48,0.089,0.118,1.91
2024/1/16 12:00,劣Ⅴ,3.2,8.41,12.7,414.3,368,12.41,0.442,0.219,10.08
2024/1/16 12:00,Ⅱ,9.8,8.45,11.99,419.8,3.7,1.13,0.025,0.056,1.62
2024/1/16 8:00,Ⅱ,5.9,8.03,9.88,365,6.2,2.35,0.104,0.034,1.72
2024/1/16 12:00,Ⅲ,8.5,7.95,10.3,495.4,27.6,4.05,0.137,0.051,2.36
2024/1/16 12:00,Ⅱ,7.9,8.03,11.72,628.5,11.3,3.5,0.236,0.036,3.09
2024/1/16 12:00,Ⅱ,7.9,7.99,11.53,561.2,15.9,3.58,0.034,0.031,0.75
2024/1/16 12:00,Ⅲ,6,7.8,9.78,520.5,8.6,4.07,0.55,0.144,2.88
2024/1/16 12:00,Ⅱ,9.8,8.27,10.73,427.7,9.1,1.31,0.025,0.044,1.39
2024/1/16 12:00,Ⅱ,9.1,7.94,10.47,382.9,19.7,1.71,0.035,0.021,1.39
2024/1/16 12:00,Ⅱ,9.8,8.19,10.75,490.8,9.4,0.88,0.025,0.052,1.44
2024/1/16 12:00,Ⅱ,12.9,8.16,12.48,432.6,5.2,1.16,0.025,0.047,1.58
2024/1/16 12:00,Ⅰ,9.5,7.93,10.2,403.7,0.8,1.32,0.108,0.009,1.43
2024/1/16 12:00,Ⅰ,3.3,7.83,14.11,233.7,0.6,1.72,0.028,*,*
2024/1/16 12:00,Ⅱ,7.1,7.48,11.29,172.7,11.4,1.59,0.168,0.042,0.75
2024/1/16 8:00,Ⅲ,7,6.96,9.88,201.8,49.3,3.79,0.227,0.145,1.7
2024/1/16 8:00,Ⅲ,9.3,7.27,7.95,209.3,53.2,3.34,0.587,0.122,2.49
2024/1/16 12:00,Ⅱ,12.7,7.83,9.52,399,30.6,2.12,0.034,0.099,1.78
2024/1/16 12:00,Ⅲ,6.9,8.15,11.1,287.9,18.5,3.68,0.025,0.038,0.89
2024/1/16 12:00,Ⅱ,11.8,7.46,9.32,237.3,2.2,1.63,0.208,0.007,0.65
2024/1/16 12:00,Ⅱ,10.5,7.86,10,417.6,19.8,2.33,0.062,0.069,5.23
2024/1/16 12:00,Ⅲ,10.3,7.76,12.44,255.2,5.9,2.54,0.543,0.039,2.35
2024/1/16 12:00,Ⅲ,9.6,7.75,11.37,2.6,4.8,4.79,0.567,0.066,1.88
2024/1/16 12:00,Ⅲ,7.7,8.45,12.01,587.4,11.6,4.05,0.146,0.042,2.34
2024/1/16 12:00,Ⅰ,9.3,7.7,10.99,265.2,6.3,0.4,0.025,0.011,1.15
2024/1/16 12:00,Ⅰ,12.1,7.69,9.14,273.4,5.2,0.97,0.027,0.006,1.41
2024/1/16 8:00,Ⅰ,13.3,7.76,8.67,294.1,1.3,0.5,0.025,0.02,0.88
2024/1/16 12:00,Ⅰ,10.1,8,11.43,308.8,5.8,0.88,0.025,0.011,0.9
2024/1/16 12:00,Ⅱ,14.5,7.81,9.35,433.9,21.3,0.99,0.025,0.036,1.43
2024/1/16 12:00,Ⅰ,6.3,8.05,9.42,282,4,0.52,0.025,0.006,0.93
2024/1/16 12:00,Ⅰ,8.4,8.14,11.02,293.2,18.8,1.85,0.088,0.018,1.57
2024/1/16 12:00,Ⅰ,4.9,8.07,10.56,508.6,6.7,1.77,0.123,0.017,0.32
2024/1/16 8:00,Ⅱ,8.3,8.04,10.44,436.5,57.7,3.36,0.154,0.079,1.4
2024/1/16 12:00,Ⅱ,8.8,8.07,10.64,330.3,9.1,1.91,0.1,0.024,1.71
2024/1/16 12:00,Ⅲ,7.2,7.61,9.98,560.2,7.6,4.23,0.184,0.052,1.53
2024/1/16 12:00,Ⅱ,10.2,7.88,10.5,321.2,7.4,1.87,0.114,0.025,2.21
2024/1/16 12:00,Ⅱ,10.9,7.53,7.88,396.4,16.9,3.31,0.186,0.073,3.35
2024/1/16 12:00,Ⅲ,12.7,7.66,11.2,501.2,51.9,2.56,0.265,0.195,6.19
2024/1/16 12:00,Ⅱ,7.7,7.81,9.87,771.2,23.2,3.16,0.142,0.056,2.18
2024/1/16 12:00,Ⅱ,11.9,7.22,10.12,122.1,46.7,1.69,0.149,0.036,1.97
2024/1/16 12:00,Ⅱ,11.2,8.15,11.47,337.7,1.3,1.92,0.158,0.02,2.02
2024/1/16 12:00,Ⅱ,12.1,8.08,10.72,321.3,34.3,1.95,0.055,0.058,2.36
2024/1/16 12:00,Ⅱ,10,8.29,9.93,500.4,3.9,2.22,0.025,0.064,2.44
2024/1/16 12:00,Ⅱ,11.3,8.01,9.66,630.8,10.9,2.02,0.353,0.036,3.66
2024/1/16 8:00,Ⅰ,11.1,7.78,9.94,220.2,2.2,0.88,0.025,0.02,1.13
2024/1/16 8:00,Ⅱ,8.4,7.67,9.06,314.8,1.3,2.7,0.036,0.011,1.15
2024/1/16 12:00,Ⅱ,11.7,8.05,9.97,237,2.5,1.63,0.069,0.049,1.81
2024/1/16 8:00,Ⅱ,13.8,7.31,8.26,250.5,3.8,0.61,0.025,0.045,1.6
2024/1/16 12:00,Ⅰ,11.8,7.64,9.9,288.2,2.9,0.91,0.1,0.018,2.15
2024/1/16 8:00,Ⅱ,13.3,7.31,7.44,204.3,2.7,1.22,0.114,0.041,1.52
2024/1/16 8:00,Ⅱ,10.4,7.56,9.07,191,3.2,2.21,0.159,0.065,1.89
2024/1/16 8:00,Ⅱ,10.6,7.72,9.72,205.5,5.7,1.87,0.061,0.037,2.07
2024/1/16 12:00,Ⅱ,12,7.44,10.76,246.1,4.9,0.81,0.063,0.032,1.45
2024/1/16 8:00,Ⅲ,12.3,6.96,6.8,345.7,7.1,2.74,0.154,0.102,3.09
2024/1/16 12:00,Ⅰ,11,8.14,8.71,267.3,4.4,1.78,0.025,0.005,1.1
2024/1/16 12:00,Ⅱ,11.2,7.85,9.3,240.1,3.5,1.48,0.454,0.041,1.55
2024/1/16 12:00,Ⅱ,10.5,8.37,10.93,256.3,5.2,2.19,0.253,0.052,1.17
2024/1/16 12:00,Ⅱ,11.8,7.9,9.99,334.5,3.6,1.19,0.09,0.03,2.07
2024/1/16 12:00,Ⅰ,11.4,7.36,10.42,122.3,3.1,0.91,0.025,0.019,0.66
2024/1/16 12:00,Ⅴ,9,8.06,10.57,322.5,44.2,1.59,0.198,0.115,1.91
2024/1/16 12:00,Ⅳ,6.6,7.54,9.15,311.8,93,1.13,0.025,0.093,1.41
2024/1/16 12:00,Ⅱ,9.4,7.17,11.32,162.4,5.6,2.25,0.413,0.066,1.99
2024/1/16 12:00,Ⅱ,7.1,7.81,10.44,190.2,26.6,3.6,0.483,0.078,1.94
2024/1/16 12:00,Ⅱ,7.5,7.72,12.55,263.9,17.5,2.42,0.025,0.034,1.59
2024/1/16 12:00,Ⅳ,6.9,7.9,8.68,247.1,24.1,1.19,0.227,0.053,1.11
2024/1/16 8:00,Ⅰ,8.4,8.13,12.71,284.2,5.4,0.6,0.025,0.013,1.14
2024/1/16 12:00,Ⅱ,9.6,8.09,10.34,372.4,11,1.41,0.025,0.038,1.36
2024/1/16 8:00,Ⅱ,10.9,7.8,10.87,222.4,26.1,1.92,0.025,0.036,1.12
2024/1/16 12:00,Ⅰ,10.6,8.28,11.36,282.8,3,0.95,0.03,0.011,0.7
2024/1/16 12:00,Ⅲ,8.3,8.3,12.18,302.2,23.7,1.29,0.025,0.031,1.32
2024/1/16 12:00,Ⅲ,5.6,7.64,11.07,229.2,35,0.9,0.028,0.032,1.26
2024/1/16 12:00,Ⅱ,10,7.73,10.1,320.2,16.7,1.66,0.097,0.053,2.64
2024/1/16 12:00,Ⅱ,8.7,7.99,10.27,235.2,6.3,2.06,0.053,0.053,1.6
2024/1/16 12:00,Ⅱ,11.1,8.14,11,320,4.2,0.94,0.025,0.032,2.01
2024/1/16 12:00,Ⅰ,14.2,7.6,8.74,102.7,2.3,0.58,0.025,0.005,0.68
2024/1/16 12:00,Ⅱ,10.7,6.92,9.5,139.9,8.5,0.79,0.076,0.036,1.25
2024/1/16 12:00,Ⅱ,11.6,8.03,10.97,187.4,0.4,3.57,0.025,0.013,0.74
2024/1/16 12:00,Ⅱ,11,7.74,9.6,174,7.2,2,0.036,0.024,1.08
2024/1/16 12:00,Ⅱ,12.1,7.31,13.73,198.9,13,0.59,0.025,0.022,0.95
2024/1/16 12:00,Ⅱ,11.1,7.86,9.96,249.6,8,1.08,0.03,0.039,1.27
2024/1/16 12:00,Ⅰ,11,8.3,11.16,419.3,1.6,1.03,0.117,0.013,2.18
2024/1/16 12:00,Ⅰ,11.8,7.34,10.02,113.6,1.8,1.97,0.025,0.016,0.21
2024/1/16 12:00,Ⅱ,12.2,7.79,10.28,184.5,3.4,0.91,0.025,0.022,0.77
2024/1/16 12:00,Ⅱ,12.2,8.25,9.83,416.6,10.9,1.39,0.025,0.046,1.6
2024/1/16 12:00,Ⅱ,11.6,7.92,8.8,473.7,4.2,0.76,0.025,0.034,1.07
2024/1/16 12:00,Ⅱ,13.3,7.69,7.34,359,3.2,0.8,0.025,0.015,1.45
2024/1/16 12:00,Ⅱ,12.2,7.97,10.03,218.3,3.9,1.3,0.038,0.028,0.92
2024/1/16 12:00,Ⅱ,9.9,8.07,10.87,261.7,21.8,1.1,0.025,0.032,1.21
2024/1/16 12:00,Ⅱ,8.3,7.62,10.79,490.5,2.6,2.7,0.034,0.028,2.47
2024/1/16 12:00,Ⅱ,10.8,7.72,10.33,245,5.5,1.27,0.06,0.046,1.15
2024/1/16 12:00,Ⅰ,10,8.19,9.83,380.4,5.9,1.05,0.039,0.01,2.28
2024/1/16 12:00,Ⅱ,10.3,8.29,11.09,357.6,4.1,1.44,0.025,0.026,1.74
2024/1/16 12:00,Ⅱ,11.5,7.72,9.07,445.5,2,0.86,0.184,0.018,2.97
2024/1/16 12:00,Ⅰ,14.3,7.88,8.32,331.6,9,0.88,0.025,0.014,1.55
2024/1/16 12:00,Ⅱ,10.9,8.07,10.78,252.2,4.7,1.12,0.028,0.029,1.59
2024/1/16 8:00,Ⅱ,17.8,7.89,7.93,12261.4,24.2,1.58,0.361,0.055,2.55
2024/1/16 8:00,Ⅲ,16.9,7.37,6.53,6987,68.2,4.26,0.38,0.091,5.94
2024/1/16 8:00,Ⅱ,16.3,6.84,8.28,122.7,15.3,1.92,0.15,0.052,1.58
2024/1/16 8:00,Ⅱ,17,7.38,7.34,337.2,21.5,2.15,0.478,0.086,3.7
2024/1/16 8:00,Ⅱ,16.9,7.01,9,96.1,21.3,1.3,0.116,0.026,1.09
2024/1/16 8:00,Ⅱ,17,7.36,8.64,172.7,12.1,1.54,0.107,0.028,1.69
2024/1/16 8:00,Ⅳ,17.3,7.11,4.99,529.4,40.4,5.01,0.947,0.21,5.24
2024/1/16 8:00,Ⅱ,17,7.26,6.73,4445.2,31.6,3.95,0.41,0.06,4.76
2024/1/16 12:00,Ⅱ,16.8,7.24,8.97,169.7,26.6,2.32,0.114,0.036,2.33
2024/1/16 8:00,Ⅱ,10.3,7.11,10.99,100.7,11.5,2.21,0.025,0.018,0.89
2024/1/16 4:00,Ⅱ,11.9,6.58,9.33,54.1,24.1,2.53,0.384,*,*
2024/1/16 8:00,Ⅱ,15.6,7.53,8.55,325.2,8.8,1.36,0.192,0.047,2.52
2024/1/16 8:00,劣Ⅴ,16,6.93,8.42,209.6,3.1,1.64,2.406,0.038,4.24
2024/1/16 8:00,Ⅲ,13.1,8.36,8.47,435,9.1,2.01,0.289,0.123,3.12
2024/1/16 12:00,Ⅱ,15.1,7.69,8.06,286.3,3.4,0.93,0.181,0.04,1.89
2024/1/16 8:00,Ⅲ,19.7,7.14,5.57,9947.5,21.6,5.16,0.952,0.167,5.7
2024/1/16 8:00,Ⅱ,18.6,7.93,8.2,36885.3,13.9,1.98,0.22,0.031,1.25
2024/1/16 8:00,Ⅲ,18.7,7.47,6.52,14594.1,34.5,5.98,0.436,0.141,5.39
2024/1/16 12:00,Ⅱ,17.1,8.16,9.73,373.2,42.1,1.79,0.043,0.057,2.43
2024/1/16 12:00,Ⅱ,17.6,8.01,8.92,7264.1,23.3,1.44,0.245,0.044,1.8
2024/1/16 12:00,Ⅱ,17.7,8.1,8.94,2033,28.8,1.46,0.085,0.069,3
2024/1/16 12:00,Ⅱ,17.2,8.34,10.68,318.6,18.5,1.58,0.025,0.031,1.76
2024/1/16 8:00,Ⅱ,16.6,7.35,9.38,158.7,19.3,1.19,0.03,0.037,1.78
2024/1/16 12:00,Ⅳ,17.5,7.4,9.28,1042,104.4,8.46,0.182,0.073,5.48
2024/1/16 8:00,Ⅱ,17,7.17,9.75,159.4,15.3,1.46,0.034,0.03,1.57
2024/1/16 8:00,Ⅱ,17.1,7.67,9.29,167.7,18.1,1.57,0.025,0.034,1.72
2024/1/16 8:00,Ⅱ,16.8,7.62,8.26,284.1,25.4,2.63,0.349,0.077,2.97
2024/1/16 8:00,Ⅱ,16.8,7.95,8.88,272.8,5.9,2.15,0.205,0.055,2.96
2024/1/16 12:00,Ⅱ,16.8,8.12,10.97,298,11.9,2.01,0.067,0.041,2.12
2024/1/16 12:00,Ⅱ,17,8.08,9.5,8899.3,36,2.33,0.239,0.066,2.34
2024/1/16 12:00,Ⅱ,16.3,7.3,8.47,359.5,7.2,3.12,0.308,0.042,3.25
2024/1/16 12:00,Ⅲ,17.3,8.22,9.75,108.6,12.1,4.68,0.025,0.024,0.96
2024/1/16 12:00,Ⅱ,17.8,6.61,8.31,143.6,35.3,2.89,0.33,0.094,2.2
2024/1/16 12:00,Ⅲ,17.7,6.92,8.9,169.3,15.4,2.74,0.72,0.165,3.56
2024/1/16 12:00,Ⅲ,17.3,7.87,9.78,107.9,20.9,4.58,0.025,0.022,0.65
2024/1/16 12:00,Ⅳ,18.4,7.16,6.56,183.9,23.2,5.63,0.892,0.201,3.39
2024/1/16 12:00,Ⅲ,18.7,6.24,6.12,131.7,16.1,2.19,0.693,0.046,3.77
2024/1/16 12:00,Ⅳ,19.8,6.68,5.02,332.8,34.5,5.43,0.65,0.231,4.92
2024/1/16 12:00,Ⅳ,19,7.09,6.76,208.3,19.8,5.31,1.072,0.174,3.82
2024/1/16 12:00,Ⅲ,18.8,6.65,7.16,212.6,23.9,3.86,0.45,0.131,3.04
2024/1/16 12:00,Ⅲ,19.2,6.7,5.77,206,17,3.66,0.845,0.18,3.67
2024/1/16 12:00,Ⅱ,19.7,7.11,9,57.5,1.8,1.37,0.025,0.011,0.68
2024/1/16 12:00,Ⅱ,19.3,6.44,8.04,65.5,3.7,1.09,0.025,0.014,0.4
2024/1/16 12:00,Ⅲ,18.4,6.91,8.68,139.4,20.3,2.75,0.475,0.13,2.38
2024/1/16 12:00,Ⅲ,19.3,6.93,6.92,151.5,24.2,3.7,0.686,0.166,3.06
2024/1/16 8:00,Ⅱ,15.6,7.94,9.68,253,30.8,2.28,0.124,0.06,2.42
2024/1/16 8:00,Ⅰ,15.6,8.32,10.32,238.5,5.8,1.47,0.025,0.006,2.22
2024/1/16 8:00,Ⅱ,17.6,8.2,10.34,291.7,19.6,1.67,0.032,0.035,2.29
2024/1/16 8:00,Ⅱ,17.8,8.06,10,300.8,18.2,2.04,0.053,0.036,2.11
2024/1/16 8:00,Ⅲ,19.1,7.04,5.58,730.9,19.2,2.75,0.405,0.103,8.33
2024/1/16 8:00,Ⅱ,16.8,7.26,8.94,103,6.5,1.2,0.143,0.03,1.5
2024/1/16 8:00,Ⅱ,17.2,7.34,8.68,151.1,4.2,1.5,0.067,0.023,1.95
2024/1/16 8:00,Ⅱ,17.2,7.23,8.9,103.8,6.5,1.45,0.025,0.022,1.4
2024/1/16 8:00,Ⅱ,17.9,7.43,7.61,409.1,20.1,3.24,0.36,0.05,3.13
2024/1/16 8:00,Ⅱ,17.6,6.8,7.43,83.9,14.1,1.24,0.17,0.036,1.5
2024/1/16 8:00,Ⅲ,17.2,7.43,8.28,16451.2,7.9,4.96,0.321,0.136,6.38
2024/1/16 8:00,Ⅲ,19.8,6.92,5.37,916.1,39.8,3,0.662,0.076,2.7
2024/1/16 12:00,Ⅲ,16,6.86,8.78,279.1,40.5,3.1,0.669,0.08,3.61
2024/1/16 8:00,Ⅱ,16.8,7.27,7.41,158.4,20.2,1.44,0.025,0.022,1.15
2024/1/16 8:00,Ⅱ,17.2,7.04,6.81,173.1,6.7,1.64,0.063,0.073,1.73
2024/1/16 8:00,Ⅱ,17,6.86,6.09,214.2,11.9,2.84,0.369,0.072,2.83
2024/1/16 12:00,Ⅱ,17.6,6.96,6.59,147.7,4.1,1.77,0.343,0.081,3.93
2024/1/16 12:00,Ⅱ,16.8,7.4,7.34,171.7,2.5,2.27,0.334,0.063,2.22
2024/1/16 12:00,Ⅱ,17.5,7.1,6.63,784.7,11.4,3.01,0.121,0.025,1.57
2024/1/16 8:00,Ⅱ,17.4,7.37,8.61,89.6,68.7,1.66,0.058,0.037,1.52
2024/1/16 12:00,Ⅲ,18.2,7.26,8.63,866.4,24.8,4.49,0.098,0.045,1.07
2024/1/16 12:00,Ⅱ,17.8,8.13,8.02,22377.1,9.6,2.5,0.404,0.053,1.28
2024/1/16 12:00,Ⅱ,13,6.69,8.92,157.4,293.2,2.22,0.025,0.034,*
2024/1/16 8:00,Ⅱ,13.7,6.7,7.56,301.7,9.8,1.76,0.425,0.03,1.88
2024/1/16 8:00,Ⅱ,15.9,6.77,8.18,139.5,7,1.71,0.034,0.026,1.97
2024/1/16 12:00,Ⅳ,17.8,7.34,6.79,204.7,16.4,2.43,0.867,0.227,2.97
2024/1/16 12:00,Ⅳ,18.1,7.37,7.45,2197,35.3,4.41,1.186,0.118,3.34
2024/1/16 12:00,Ⅳ,17.9,7.25,7.47,247.8,20,2.66,0.878,0.215,2.7
2024/1/16 12:00,Ⅲ,18.4,6.94,6.8,1640.4,10.9,4.84,0.971,0.154,2.76
2024/1/16 12:00,Ⅲ,17.7,7.46,6.32,18876.1,29.2,5.24,0.741,0.115,2
2024/1/16 8:00,Ⅱ,14.5,7.69,9.06,257.9,3.9,1.61,0.137,0.031,1.81
2024/1/16 8:00,Ⅱ,14.7,7.57,8.88,276,8.5,1.06,0.132,0.059,1.97
2024/1/16 8:00,Ⅱ,15.9,7.59,8.85,243.3,12.2,2.17,0.093,0.053,2.14
2024/1/16 8:00,Ⅱ,16.5,7.66,8.61,258.5,15.3,1.94,0.063,0.035,1.53
2024/1/16 12:00,Ⅱ,19.7,6.78,7.62,557.3,23.4,2.99,0.261,0.097,8.23
2024/1/16 12:00,Ⅱ,17.6,7.32,7.36,4776.1,16,2.74,0.339,0.054,2.74
2024/1/16 12:00,Ⅳ,19.4,7.34,7.35,486.3,66,4.29,0.71,0.211,7.16
2024/1/16 12:00,Ⅱ,17.5,7.22,8.73,171.7,10.8,1.14,0.139,0.033,2.03
2024/1/16 12:00,Ⅰ,16.3,8.51,10.79,263.2,20.1,0.45,0.043,*,*
2024/1/16 12:00,Ⅱ,17.3,7.97,9.74,549.8,11.8,1.84,0.138,0.059,2.48
2024/1/16 12:00,Ⅱ,17,7.32,9.46,176.5,8.7,1.55,0.042,0.041,2.14
2024/1/16 8:00,Ⅱ,18.3,6.95,7.14,160.6,41.7,3.2,0.296,0.093,2.04
2024/1/16 8:00,Ⅲ,18.1,7.39,5.74,12236,22,4.31,0.323,0.079,3.26
2024/1/16 8:00,Ⅱ,18.3,7.1,6.99,7297.7,11.2,3.33,0.398,0.076,2.24
2024/1/16 8:00,Ⅴ,19.1,6.95,2.7,332.4,12.8,3.53,1.544,0.156,4.98
2024/1/16 12:00,Ⅲ,18.1,6.82,5.91,114.6,4.8,1.26,0.064,0.101,2.06
2024/1/16 12:00,Ⅱ,15.7,8.16,10.47,303.9,76.2,1.06,0.025,0.029,2.03
2024/1/16 8:00,Ⅱ,17.7,8.2,9.54,290.8,14.7,1.73,0.025,0.035,1.84
2024/1/16 8:00,Ⅱ,17.6,8.19,10.44,291.5,8.7,1.56,0.025,0.033,2.13
2024/1/16 12:00,Ⅰ,16.8,7.88,7.75,312.3,2.7,0.96,0.1,*,*
2024/1/16 12:00,Ⅱ,17,8.18,8.97,317.8,9,2,0.037,0.032,2.17
2024/1/16 8:00,Ⅱ,18,7.81,8.18,321.8,4.1,1.46,0.025,0.024,1.39
2024/1/16 12:00,Ⅱ,17,7.67,8.04,363.9,5.6,1.04,0.043,0.04,2.44
2024/1/16 12:00,Ⅱ,18.5,8.18,8.79,318.8,5.3,1.07,0.025,0.034,2.01
2024/1/16 12:00,Ⅱ,18.2,7.97,8.55,317.7,1.3,1.2,0.058,0.021,1
2024/1/16 12:00,Ⅰ,19,8.01,8.99,267.4,5.5,0.99,0.025,0.013,1.5
2024/1/16 12:00,Ⅱ,17.6,7.94,8.3,320.4,4.6,0.98,0.11,0.028,1.12
2024/1/16 12:00,Ⅰ,14.7,7.9,9.99,197.1,3,0.89,0.025,0.012,0.9
2024/1/16 8:00,Ⅱ,13.1,8.39,10.17,297.2,2.5,1.14,0.025,0.022,1.76
2024/1/16 8:00,Ⅰ,13.2,7.8,10.01,105.2,2.7,0.86,0.049,0.01,0.54
2024/1/16 8:00,Ⅱ,12.3,8.04,10.83,260.1,14.7,1.21,0.025,0.022,2.71
2024/1/16 12:00,Ⅰ,15.4,7.47,10.56,163.4,1,1.34,0.025,0.017,1.25
2024/1/16 8:00,Ⅰ,9.9,7.37,11.26,99,1.2,0.59,0.025,0.007,0.56
2024/1/16 12:00,Ⅰ,15.1,7.87,9.98,172.6,9.2,0.9,0.025,0.02,1.14
2024/1/16 8:00,Ⅱ,17.8,8.33,10.95,291.8,18.5,1.17,0.025,0.036,2.13
2024/1/16 8:00,Ⅱ,14.9,7.16,9.18,627.5,35.5,2,0.035,0.025,3.84
2024/1/16 12:00,Ⅲ,16.8,6.91,7.86,137.9,19.1,3.86,0.427,0.171,4.06
2024/1/16 12:00,Ⅲ,15,7.82,7.28,582.2,33.7,3.66,0.664,0.136,3.84
2024/1/16 12:00,Ⅴ,17.7,7.07,9.01,217.1,39.7,5.85,1.385,0.379,4.64
2024/1/16 12:00,Ⅲ,17.8,6.74,7.17,2958.8,10.2,3.37,0.87,0.099,4.86
2024/1/16 12:00,Ⅲ,18.4,6.63,8.46,36.8,6.7,1.37,0.028,0.107,1.15
2024/1/16 12:00,Ⅲ,15.8,7.42,9.15,16042.8,12.5,2.1,0.595,0.073,1.22
2024/1/16 12:00,Ⅲ,18.7,6.68,7.71,176.3,9.2,1.63,0.333,0.136,1.91
2024/1/16 12:00,Ⅱ,16.9,7.01,8.21,118.6,17.2,3.4,0.297,0.1,2.57
2024/1/16 12:00,Ⅲ,16.2,7.36,9.29,5927.8,16.1,2.91,0.219,0.127,1.26
2024/1/16 12:00,Ⅱ,12.9,7.41,9.84,339.9,10.4,2.13,0.164,0.051,2.17
2024/1/16 12:00,Ⅳ,11.7,8.04,8.76,1165.2,26.8,3.93,0.769,0.213,4.49
2024/1/16 8:00,Ⅱ,17.7,7.97,8.44,332.9,5.4,1.11,0.042,0.068,2.24
2024/1/16 12:00,Ⅱ,17.3,8.1,9.69,325.1,4.4,1.54,0.025,0.025,2.14
2024/1/16 8:00,Ⅱ,16.9,8.09,9.54,312.8,10.3,1.56,0.049,0.055,2.01
2024/1/16 12:00,Ⅲ,16.5,7.11,8.34,161.1,4.3,3.52,0.284,0.148,2.97
2024/1/16 12:00,Ⅳ,16.7,7.2,7.8,227.4,20.2,4.59,0.668,0.239,4.74
2024/1/16 12:00,Ⅱ,16.4,8.2,9.51,369.8,1.9,1.09,0.025,0.032,1.27
2024/1/16 8:00,Ⅰ,19,8.04,8.48,233.9,1.2,0.92,0.025,0.005,0.4
2024/1/16 12:00,Ⅰ,19.1,7.76,8.99,274.7,6.9,1.5,0.025,0.011,0.72
2024/1/16 12:00,Ⅱ,16,8.16,9.31,205.4,14.8,0.96,0.13,0.076,2.29
2024/1/16 12:00,Ⅱ,14.5,8.31,10.45,262.2,6.2,1.42,0.034,0.028,1.84
2024/1/16 12:00,Ⅱ,15,7.13,9.25,156.5,12,1.09,0.062,0.04,1.49
2024/1/16 8:00,Ⅰ,19,7.89,8.66,353.5,1.7,0.97,0.025,0.013,2.04
2024/1/16 8:00,Ⅰ,15.2,7.91,7.85,363.4,2.5,0.8,0.045,0.018,2.15
2024/1/16 8:00,Ⅱ,18.8,7.94,7.4,355.8,2.6,0.51,0.025,0.012,2
2024/1/16 8:00,Ⅰ,18.6,7.94,9.22,369.6,4.2,0.75,0.025,0.017,2.18
2024/1/16 12:00,Ⅰ,18.4,8.05,8.37,326.9,5.9,0.69,0.025,0.005,2.09
2024/1/16 8:00,Ⅰ,17.6,8.06,9.15,335.2,10.9,0.75,0.025,0.016,2.09
2024/1/16 8:00,Ⅱ,15.2,8.07,9.99,262.5,7.2,1.3,0.025,0.041,1.98
2024/1/16 8:00,Ⅰ,18.4,8.11,9.15,344.2,10.1,1.24,0.025,0.017,2.24
2024/1/16 12:00,Ⅰ,17.7,6.85,8.45,57.5,7.4,1.63,0.025,0.013,0.52
2024/1/16 12:00,Ⅰ,18.4,7.41,9.56,109.6,5.5,1.57,0.042,0.011,1.22
2024/1/16 12:00,Ⅰ,18.2,7.84,9.62,287.4,4.1,1.56,0.025,0.011,1.41
2024/1/16 12:00,Ⅰ,18.6,7.8,8.99,208,5.9,1.11,0.045,0.016,1.13
2024/1/16 8:00,Ⅱ,20.9,7.03,7.43,120.9,16,2.26,0.047,0.069,1.92
2024/1/16 12:00,Ⅱ,19.3,7.77,8.49,7600.9,12.2,1.74,0.265,0.052,1.65
2024/1/16 12:00,Ⅳ,21.4,6.58,4.96,197.1,12.7,5.51,0.392,0.104,2.34
2024/1/16 12:00,Ⅱ,21.3,7.5,8.37,109.4,22.7,1.48,0.026,0.062,1.28
2024/1/16 8:00,Ⅱ,24,7.51,7.06,104.2,1.2,1.72,0.025,0.009,0.45
2024/1/16 12:00,Ⅱ,25.8,7.72,7.59,249,13.9,2.05,0.062,0.027,0.44
2024/1/16 12:00,Ⅱ,25.3,7.27,7.32,154.7,8.5,2.09,0.059,0.056,0.8
2024/1/16 12:00,Ⅱ,24,7.61,8.16,737.8,8.4,1.59,0.042,0.032,1.26
2024/1/16 12:00,Ⅱ,21.5,7.38,8.85,192.1,33.9,2.01,0.025,0.048,1.93
2024/1/16 12:00,Ⅲ,20.4,7.16,7.71,266.7,28.8,2.85,0.141,0.117,2.19
2024/1/16 8:00,Ⅱ,22.2,7.07,7.62,107.3,8.4,1.97,0.066,0.056,1.59
2024/1/16 12:00,Ⅱ,21.2,6.9,8.71,81.6,8.8,1.34,0.025,0.029,0.88
2024/1/16 12:00,Ⅱ,22,6.76,7.77,99.9,9.6,1.99,0.025,0.037,1.26
2024/1/16 12:00,Ⅲ,22.3,6.87,8.89,98.2,17.9,4.43,0.025,0.078,2.84
2024/1/16 12:00,Ⅱ,22.2,7.21,6.64,85.6,5.9,0.95,0.025,0.018,1.64
2024/1/16 12:00,Ⅳ,21.9,7.15,3.94,375.4,11,1.54,0.214,0.052,1.57
2024/1/16 12:00,Ⅳ,22.3,7.45,7.93,174.3,14,7.03,0.025,0.219,2.06
2024/1/16 12:00,Ⅱ,22.9,6.5,7.48,93.6,12.5,2.12,0.025,0.041,0.79
2024/1/16 12:00,Ⅱ,23.4,6.7,7.4,116.3,9.4,2.21,0.126,0.07,2.15
2024/1/16 12:00,Ⅱ,23.6,6.78,9.44,99.1,8.5,1.14,0.028,0.047,1.84
2024/1/16 12:00,劣Ⅴ,23.2,6.48,3.24,222.1,19.6,3.82,2.931,0.287,4.65
2024/1/16 8:00,Ⅱ,22.6,7.58,8.33,90.5,9.1,1.69,0.025,0.011,0.47
2024/1/16 12:00,Ⅴ,17.4,8.01,9.26,3702.1,17.5,9.09,0.576,0.37,2.23
2024/1/16 12:00,Ⅱ,21.5,7.3,7.67,94.6,9.5,1.35,0.046,0.075,1.16
2024/1/16 8:00,Ⅱ,21.5,7.53,6.17,175.3,7.5,1.44,0.025,0.046,1.79
2024/1/16 12:00,Ⅲ,20.5,7.75,7.49,356.6,23.6,2.48,0.259,0.127,3.23
2024/1/16 12:00,Ⅱ,23.9,7.57,8.02,98.6,11.5,1.36,0.025,0.035,0.66
2024/1/16 12:00,Ⅱ,23.8,8.48,8.36,85.5,17.4,2.82,0.025,0.021,0.34
2024/1/16 12:00,Ⅱ,24.6,7.58,8.86,144.5,7.7,3.34,0.025,0.054,1.16
2024/1/16 12:00,Ⅱ,25,6.95,9.21,118.4,18.2,1.97,0.025,0.062,1.39
2024/1/16 12:00,Ⅱ,22.8,7.96,10.5,1384.8,13.4,2.52,0.039,0.083,1.22
2024/1/16 12:00,Ⅱ,14.1,8.04,9.44,436.4,3.8,0.86,0.028,0.033,1.52
2024/1/16 12:00,Ⅱ,10.2,8.08,11.46,405.3,23.6,2.18,0.025,0.048,0.98
2024/1/16 12:00,Ⅱ,10.6,7.31,6.76,325.9,5.4,2.67,0.025,0.026,0.96
2024/1/16 12:00,Ⅱ,14.6,7.91,9.83,483.9,11.5,0.96,0.036,0.03,1.47
2024/1/16 12:00,Ⅲ,9.7,8.14,13.2,505,4.8,4.18,0.025,0.032,1.19
2024/1/16 12:00,Ⅱ,15.6,8.26,9.45,492,6.9,0.95,0.025,0.029,1.11
2024/1/16 12:00,Ⅱ,14.1,8.04,9.82,462.2,21.9,0.31,0.032,0.039,0.78
2024/1/16 12:00,Ⅰ,16.2,7.86,9.28,453.4,5.1,1.89,0.051,0.01,0.78
2024/1/16 4:00,Ⅰ,12.4,7.57,9.95,349.2,4.6,1.49,0.025,0.005,1.43
2024/1/16 12:00,Ⅱ,11.8,8.08,9.6,1486,8.4,1.76,0.2,0.037,2.68
2024/1/16 12:00,Ⅰ,9.5,8.22,10.12,517,2.5,0.82,0.03,0.006,0.98
2024/1/16 12:00,Ⅳ,11.2,7.43,5.66,560.1,2.6,2.7,0.036,0.053,1.74
2024/1/16 12:00,Ⅱ,11.3,7.93,10.64,625,5.8,2.1,0.064,0.043,1.6
2024/1/16 12:00,Ⅱ,10,7.51,9.06,477.5,10.8,3.85,0.025,0.022,1.19
2024/1/16 12:00,Ⅲ,12.2,7.25,7.74,420.4,7,3.6,0.025,0.11,1.28
2024/1/16 12:00,Ⅲ,11.1,7.92,10.05,539.8,6.2,4.82,0.857,0.085,3.75
2024/1/16 12:00,Ⅰ,10.7,7.9,11.81,817.1,6.2,1.74,0.025,0.018,1.99
2024/1/16 12:00,Ⅱ,15.2,7.88,9.44,484.9,10.7,0.9,0.025,0.022,1.15
2024/1/16 12:00,Ⅱ,10.3,8.06,11.2,1032.9,8.9,3.98,0.037,0.069,6.34
2024/1/16 12:00,Ⅲ,11.9,7.63,9.54,936.3,11.5,2.33,0.547,0.097,2.53
2024/1/16 12:00,Ⅰ,10.9,7.58,11.41,211.8,4.3,1.53,0.025,0.014,1.66
2024/1/16 12:00,Ⅱ,11.5,8.25,8.99,407.3,5.1,2.14,0.088,0.03,1.11
2024/1/16 12:00,Ⅱ,10.9,7.92,10.32,462.5,7.3,1.17,0.096,0.032,1.82
2024/1/16 12:00,Ⅱ,12.3,7.76,8.91,339.2,4,2.21,0.025,0.057,2.27
2024/1/16 12:00,Ⅱ,11.2,7.92,9.51,563.8,4.5,1.18,0.098,0.028,2.3
2024/1/16 12:00,Ⅱ,11.4,8.16,8.13,475.8,8.9,2.28,0.066,0.064,1.82
2024/1/16 12:00,Ⅱ,8.4,8.39,12.36,830.5,1.7,2.02,0.072,0.027,1.09
2024/1/16 8:00,Ⅱ,13.4,8.1,10.6,497.5,20,0.91,0.025,0.031,1.21
2024/1/16 12:00,Ⅲ,9,7.74,10.18,477,52,4.55,0.025,0.032,1.53
2024/1/16 12:00,Ⅲ,10.7,8.08,10.89,665.9,6.5,3.57,0.031,0.103,2.52
2024/1/16 12:00,Ⅲ,11.1,7.74,9.3,679.3,3.6,4.38,0.033,0.061,2.18
2024/1/16 12:00,Ⅱ,10.2,8.67,11.17,490.6,4.4,0.96,0.057,0.033,2.13
2024/1/16 12:00,Ⅲ,11.4,7.99,8.69,734.8,11,4.54,0.025,0.095,3.61
2024/1/16 12:00,Ⅲ,8,8.05,11.15,620.5,6.3,5.34,0.025,0.034,1.21
2024/1/16 12:00,Ⅱ,9.2,8.14,7.75,236.9,16.6,3.73,0.025,0.055,1.51
2024/1/16 12:00,Ⅱ,10.9,8.24,11.18,1060.6,1.7,1.33,0.025,0.027,3.07
2024/1/16 12:00,Ⅰ,12.7,8,8.32,393.7,8.2,0.38,0.025,0.006,1.1
2024/1/16 12:00,Ⅱ,15.3,7.98,7.8,510,13.1,0.72,0.025,0.047,2.33
2024/1/16 12:00,Ⅱ,8.2,7.95,11.75,530.8,188.8,1.17,0.025,0.034,1.62
2024/1/16 12:00,Ⅰ,12.3,7.74,8.89,262.3,3.8,0.89,0.025,0.017,1
2024/1/16 12:00,Ⅲ,9.7,7.83,10.36,337.2,3.8,2.28,0.306,0.127,3.01
2024/1/16 12:00,Ⅱ,9.3,8.47,11.6,383.4,14.7,3.42,0.025,0.029,0.73
2024/1/16 12:00,Ⅱ,9.2,8.33,10.24,608.2,9.6,1.78,0.13,0.028,1.02
2024/1/16 12:00,Ⅱ,14.5,8.18,8.96,450.4,5,1.09,0.032,0.037,1.26
2024/1/16 12:00,Ⅱ,14.9,7.6,6.08,310.9,1.3,0.86,0.025,0.014,1.92
2024/1/16 12:00,Ⅱ,14.3,7.94,8.89,394,14.2,1.12,0.025,0.041,1.38
2024/1/16 12:00,Ⅰ,10.7,8.18,11.24,349.9,27.3,0.88,0.025,0.012,1.13
2024/1/16 12:00,Ⅱ,12.7,8.17,9.78,286.7,8.4,0.89,0.025,0.026,2.54
2024/1/16 12:00,Ⅱ,14,8.11,8.65,448.3,4.7,0.9,0.025,0.034,1.1
2024/1/16 12:00,Ⅱ,14.3,8.12,8.96,433.3,4.6,0.8,0.025,0.037,1.38
2024/1/16 12:00,Ⅱ,10.2,8.17,10.88,429.7,7.5,2.32,0.034,0.018,1.23
2024/1/16 12:00,Ⅰ,3,7.96,12.29,140.3,0.2,0.28,0.036,0.005,1.48
2024/1/16 12:00,Ⅱ,15.2,8.05,7.22,360,11.7,0.54,0.025,0.011,0.82
2024/1/16 12:00,Ⅱ,14.8,8.25,8.32,451.8,4.3,0.73,0.025,0.041,2.63
2024/1/16 12:00,Ⅱ,8.7,7.96,11.44,377.2,4.9,1.65,0.025,0.034,2.47
2024/1/16 12:00,Ⅰ,10.3,8.01,9.62,359.7,16,0.83,0.025,0.011,0.94
2024/1/16 12:00,Ⅰ,11.2,7.9,10.84,545.5,3.4,1,0.029,0.012,0.76
2024/1/16 12:00,Ⅰ,8.3,8.13,10.37,292,3.6,0.8,0.025,0.007,0.41
2024/1/16 12:00,Ⅳ,9.2,8.23,11.11,632.2,24.1,2.84,0.173,0.253,4.27
2024/1/16 12:00,Ⅱ,11.2,7.86,9.27,611.4,9.2,2.34,0.116,0.097,2.66
2024/1/16 12:00,Ⅱ,8.3,8.22,11.16,370.2,38.7,1.77,0.075,0.067,1.61
2024/1/16 12:00,Ⅰ,10.8,8.1,10.75,318.1,13.6,0.86,0.025,0.019,1.32
2024/1/16 12:00,Ⅲ,9.9,8.18,11.11,661.5,9.9,1.64,0.27,0.109,3.02
2024/1/16 12:00,Ⅱ,11,8.49,11.11,597.9,17.6,1.74,0.039,0.069,2.45
2024/1/16 12:00,Ⅱ,10.6,8.16,11.47,1640.8,7.9,2.92,0.056,0.065,3.26
2024/1/16 12:00,Ⅱ,10.1,8.02,10.92,655.2,10.1,1.75,0.025,0.063,4.09
2024/1/16 12:00,Ⅰ,12.8,8.24,9.23,1019.7,2.1,0.9,0.025,0.005,0.42
2024/1/16 12:00,Ⅰ,12.5,8.41,9.74,1020.4,0.4,0.74,0.025,0.005,0.48
2024/1/16 12:00,Ⅰ,13.7,8.14,9.38,250.3,6.8,0.71,0.025,0.01,0.44
2024/1/16 12:00,Ⅰ,12.4,8.21,10.56,231.8,2.9,1.32,0.025,0.006,0.31
2024/1/16 12:00,Ⅱ,8.5,7.84,10.31,614.5,4.2,3.95,0.034,0.058,0.81
2024/1/16 12:00,Ⅱ,14.4,8.01,9.23,483.9,17.3,0.96,0.025,0.041,1.21
2024/1/16 12:00,Ⅱ,11.6,8.37,10.76,587.7,9.2,1.03,0.025,0.082,3.18
2024/1/16 12:00,Ⅱ,11,8.27,11.34,619.1,4.6,1.67,0.025,0.067,2.92
2024/1/16 12:00,Ⅱ,11.2,7.64,9.22,407,5.1,1.97,0.042,0.04,3.28
2024/1/16 12:00,Ⅱ,15.2,7.98,9.28,490.3,9.3,0.78,0.025,0.032,1.06
2024/1/16 12:00,Ⅰ,9.1,7.63,12.45,144.2,6.7,1.37,0.025,0.02,1.84
2024/1/16 12:00,劣Ⅴ,8.4,8.05,9.5,704.6,20.2,14.35,0.497,0.424,4.77
2024/1/16 12:00,Ⅱ,10.6,7.6,11.08,602,3.2,1.58,0.208,0.056,2.56
2024/1/16 8:00,Ⅱ,8.8,8.1,11.78,536.9,9,2.64,0.054,0.025,1.29
2024/1/16 12:00,Ⅲ,10.4,8.06,11.08,798.7,124.9,1.85,0.025,0.18,2.64
2024/1/16 12:00,Ⅲ,10.2,8.14,11.1,797.1,105.8,2.15,0.151,0.16,3.28
2024/1/16 12:00,Ⅱ,8.3,8.22,11.99,602.8,7.8,2.9,0.135,0.078,2.39
2024/1/16 12:00,Ⅰ,5.4,8.37,11.02,300.7,13.4,0.54,0.025,0.009,0.58
2024/1/16 12:00,Ⅱ,8.7,8.01,9.71,311.7,9.3,1.83,0.155,0.033,1.49
2024/1/16 12:00,Ⅲ,10.7,8.06,8.59,278.6,1.2,1.3,0.025,0.028,0.56
2024/1/16 12:00,Ⅱ,7.4,8.33,10.46,351.6,11.6,1.28,0.049,0.023,1.74
2024/1/16 12:00,Ⅰ,5,8.4,12.98,425.7,13.6,0.82,0.025,0.011,1.99
2024/1/16 12:00,Ⅰ,6.5,8.41,9.76,454.6,17.9,0.28,0.044,0.014,0.84
2024/1/16 12:00,Ⅰ,9.5,8.32,10.96,356.8,4.4,0.77,0.025,0.008,0.78
2024/1/16 12:00,Ⅰ,7.3,8.36,11.69,421.8,2.3,0.8,0.025,0.009,1.48
2024/1/16 12:00,Ⅰ,6.2,8.13,12.93,590.4,2.6,1.08,0.025,0.005,1.53
2024/1/16 12:00,Ⅰ,9.8,8.18,10.71,313.2,11.9,0.99,0.025,0.01,0.82
2024/1/16 12:00,Ⅲ,9.6,7.81,9.99,719.7,9.6,5.17,0.124,0.063,2.15
2024/1/16 12:00,Ⅱ,9,8.18,9.93,401,57.5,2.41,0.253,0.049,1.91
2024/1/16 12:00,Ⅲ,9.1,7.7,8.63,531.3,19.8,4.64,0.439,0.046,1.3
2024/1/16 12:00,Ⅱ,9.3,7.9,11.42,465.8,11.8,2.67,0.046,0.027,1.39
2024/1/16 12:00,Ⅲ,9.9,8.34,12.6,617.9,4.7,5,0.025,0.018,0.73
2024/1/16 12:00,Ⅲ,10.4,8.01,9.79,605.9,11.8,3.98,0.06,0.159,2.89
2024/1/16 8:00,Ⅱ,10.8,8.11,10.4,555,16.6,1.61,0.047,0.073,2.46
2024/1/16 12:00,Ⅱ,9.8,8.19,10.33,295.3,6.5,0.25,0.025,0.028,1.33
2024/1/16 12:00,Ⅱ,11,7.65,9.88,292.1,1.2,0.97,0.025,0.065,1.29
2024/1/16 12:00,Ⅱ,11.4,8.15,11.63,494.2,21.4,1.75,0.08,0.07,2.93
2024/1/16 12:00,Ⅱ,9.4,8.16,10.74,321.2,11,0.44,0.025,0.027,1.11
2024/1/16 12:00,Ⅱ,9.4,8.34,12.29,333.5,3.2,0.64,0.025,0.032,1.2
2024/1/16 12:00,Ⅰ,12.2,7.79,9.28,353.2,12.5,0.92,0.077,0.019,0.98
2024/1/16 12:00,Ⅱ,10.1,7.3,7.5,398.1,9.7,2.88,0.111,0.009,0.44
2024/1/16 12:00,Ⅰ,11.2,7.17,9.12,371,21.6,1.26,0.025,0.011,0.86
2024/1/16 8:00,Ⅱ,9.8,7.91,8.79,500.3,26.9,1.59,0.046,0.073,2.13
2024/1/16 12:00,Ⅱ,9.7,8.19,11.24,428.5,15.6,1.61,0.043,0.056,2.44
2024/1/16 12:00,Ⅱ,9,8.06,10.39,324.6,9.5,0.46,0.074,0.049,1.14
2024/1/16 12:00,Ⅱ,10.4,7.85,10.36,589.2,3.4,2.81,0.048,0.024,0.6
2024/1/16 12:00,Ⅱ,10.7,7.84,10.29,363.6,11.4,1.12,0.241,0.065,1.79
2024/1/16 12:00,Ⅱ,11.3,7.65,8.68,378.8,17.4,1.67,0.222,0.075,2.47
2024/1/16 12:00,Ⅰ,13.2,8.06,9.69,520.5,3.8,0.47,0.025,0.016,0.88
2024/1/16 12:00,Ⅱ,12.1,7.99,9.91,877.5,5.5,2.42,0.102,0.08,3.57
2024/1/16 12:00,Ⅰ,16.5,8.08,9.08,508.3,14.1,0.99,0.025,0.016,0.68
2024/1/16 12:00,Ⅱ,10.3,8.31,11.96,335.9,3.6,0.9,0.036,0.066,3.62
2024/1/16 12:00,Ⅰ,10.9,7.85,9.35,274.8,15.9,1.65,0.025,0.018,1.51
2024/1/16 12:00,Ⅱ,10.2,7.6,9.96,409,9.5,2.9,0.025,0.049,1.92
2024/1/16 12:00,Ⅱ,7.8,7.82,9.57,889.1,5.7,3.3,0.237,0.063,2.28
2024/1/16 12:00,Ⅰ,9.9,8,11.54,293,0.7,1.51,0.025,0.015,0.92
2024/1/16 12:00,Ⅱ,9.9,7.89,11.54,295.3,4.5,1.48,0.025,0.029,0.94
2024/1/16 12:00,Ⅲ,8.6,8.09,11.65,490.8,8.2,5.15,0.025,0.082,3.04
2024/1/16 12:00,Ⅴ,6.9,7.45,9.25,266.5,226.3,5.73,1.535,0.1,2.18
2024/1/16 12:00,Ⅱ,9.8,7.76,9.78,495.3,19.1,2.94,0.204,0.087,2.95
2024/1/16 12:00,Ⅱ,9.9,7.49,9.79,397.5,6.5,1.6,0.261,0.094,1.99
2024/1/16 12:00,Ⅰ,11.6,8.28,9.71,259.7,0.6,0.41,0.025,0.012,0.51
2024/1/16 12:00,Ⅰ,7.9,8.34,11.03,270.7,1.7,0.62,0.025,0.005,0.44
2024/1/16 12:00,Ⅲ,8.9,7.72,7.62,390.9,7.6,1.69,0.725,0.062,3
2024/1/16 12:00,Ⅱ,10.6,8.28,11.35,629.1,8.5,2.5,0.056,0.051,3.14
2024/1/16 12:00,Ⅱ,10.5,8.09,11.27,609.3,17.6,1.83,0.045,0.052,3.01
2024/1/16 12:00,Ⅲ,7,7.79,11.61,684.1,2.5,4.8,0.025,0.067,1.15
2024/1/16 12:00,Ⅲ,8.9,8.13,11.22,781.9,5.1,5.92,0.039,0.041,1.82
2024/1/16 12:00,Ⅰ,5,8.67,11.85,283.7,3.4,1.29,0.025,0.008,0.53
2024/1/16 12:00,Ⅰ,2.1,8.5,10.45,188.6,7.6,0.67,0.025,0.005,0.52
2024/1/16 12:00,Ⅰ,1.1,8.66,10.76,297.3,7.2,0.59,0.025,0.005,0.39
2024/1/16 12:00,Ⅱ,10.6,7.64,10.6,241.4,87.2,0.41,0.066,0.029,2.08
2024/1/16 12:00,Ⅱ,8.4,7.81,9.13,247.1,87.5,2.05,0.124,0.064,1.45
2024/1/16 8:00,Ⅱ,12.2,8.23,7.75,340,5,1.55,0.046,0.014,0.3
2024/1/16 12:00,Ⅱ,10.5,7.89,8.42,487.2,19.5,0.9,0.025,0.064,3.07
2024/1/16 12:00,Ⅱ,9,8.02,7.68,359.7,14.6,2.14,0.025,0.016,0.91
2024/1/16 12:00,Ⅲ,10.2,7.61,9.68,646.9,2,2.34,0.155,0.145,5.16
2024/1/16 8:00,Ⅰ,12.2,7.63,8.66,435.5,3.4,0.77,0.025,0.01,3.17
2024/1/16 12:00,Ⅰ,9.8,8.26,9.47,400.8,5.7,1.01,0.094,0.013,3.19
2024/1/16 12:00,Ⅱ,12,8.2,10.01,408.2,4,0.58,0.025,0.046,2.31
2024/1/16 12:00,Ⅲ,9.9,8.19,12.02,706,2.7,2.16,0.105,0.184,7.11
2024/1/16 8:00,Ⅰ,11.8,7.62,8.7,375.3,0.6,0.48,0.025,0.015,1.7
2024/1/16 12:00,Ⅱ,14.8,7.93,7.89,441.3,0.6,0.96,0.029,0.053,2.83
2024/1/16 12:00,Ⅱ,14.8,7.64,7.74,453.8,13.3,0.74,0.025,0.062,3.25
2024/1/16 12:00,Ⅱ,10.2,7.9,10.62,608.2,2.4,1.85,0.025,0.088,3.72
2024/1/16 12:00,Ⅰ,9.9,7.73,10.51,381.8,2.4,0.3,0.076,0.009,0.53
2024/1/16 8:00,Ⅱ,10.7,8.06,11.9,483.7,26,0.61,0.106,0.032,3.01
2024/1/16 12:00,Ⅰ,11.8,8.4,9.26,519.7,12.3,0.86,0.071,0.01,3.13
2024/1/16 12:00,Ⅰ,11.6,8.02,9.51,445.4,2.8,0.47,0.025,0.013,2.71
2024/1/16 12:00,Ⅰ,17.3,8.09,7.55,353.5,10.6,0.65,0.025,0.008,2.58
2024/1/16 12:00,Ⅰ,16.6,7.97,7.91,401.7,6.9,0.93,0.072,0.007,2.24
2024/1/16 12:00,Ⅱ,9.4,8.08,11.2,466.3,2.9,0.39,0.025,0.049,4.23
2024/1/16 8:00,Ⅱ,12.9,8.2,11.44,356.8,21.9,1.09,0.061,0.042,2.32
2024/1/16 12:00,Ⅱ,14.2,7.98,10.32,420.6,1.2,0.91,0.025,0.037,2.77
2024/1/16 12:00,Ⅰ,12.1,7.52,12.16,471.9,2.2,0.35,0.025,0.013,1.34
2024/1/16 12:00,Ⅲ,9.5,7.44,9.24,402.5,7.8,1.23,0.272,0.104,1.95
2024/1/16 12:00,Ⅱ,18.4,8.04,8.5,529.1,0.7,0.7,0.025,0.014,2.42
2024/1/16 12:00,Ⅰ,16.3,8.5,8.21,300.2,3.1,0.57,0.039,0.013,2.32
2024/1/16 12:00,Ⅱ,10.6,8.28,10.4,470,6.8,0.43,0.025,0.024,2.47
2024/1/16 12:00,Ⅱ,14.4,7.95,9.84,472.2,3,1.05,0.042,0.057,2.76
2024/1/16 12:00,Ⅱ,18.2,7.74,7.53,420.2,4.4,0.97,0.046,0.02,2.85
2024/1/16 12:00,Ⅰ,17.8,7.83,8.26,380.4,2.3,0.76,0.036,0.014,2.09
2024/1/16 12:00,Ⅱ,13.5,7.71,9.47,205,2.6,0.98,0.025,0.021,1.02
2024/1/16 8:00,Ⅱ,11.6,7.76,8.52,141.4,12.7,2.41,0.025,0.05,0.62
2024/1/16 12:00,Ⅰ,9.9,7.56,10.42,212.4,5,0.8,0.035,0.008,0.77
2024/1/16 12:00,Ⅱ,11.2,8.53,11.11,562.9,3.4,1.19,0.025,0.028,1.8
2024/1/16 12:00,Ⅰ,9.6,8.45,10.78,414.8,8,1.4,0.025,0.008,2.21
2024/1/16 8:00,Ⅱ,10,8.56,10.77,666.3,0.9,1.05,0.025,0.052,2.33
2024/1/16 12:00,Ⅱ,14,7.74,10.03,170.6,15.6,0.97,0.025,0.072,0.77
2024/1/16 8:00,Ⅲ,11.9,7.73,10.07,218.2,3.8,5.64,0.046,0.016,0.52
2024/1/16 12:00,Ⅲ,10.9,8.03,9.53,1038.3,0.5,2.32,0.107,0.178,6.13
2024/1/16 12:00,Ⅰ,13.1,8,11,374.1,2.5,0.77,0.076,0.005,0.55
2024/1/16 12:00,Ⅰ,15.7,8.06,9.65,353.5,1.4,0.34,0.044,0.009,1.32
2024/1/16 8:00,Ⅰ,12.3,8.07,8.48,275.1,9.4,1.04,0.025,0.007,1.03
2024/1/16 12:00,Ⅲ,10.4,7.89,8.24,672.4,13.9,3.88,0.025,0.135,3.24
2024/1/16 12:00,Ⅲ,8.2,8.5,10.36,668.2,1.9,2.91,0.025,0.127,5.5
2024/1/16 12:00,Ⅲ,12.6,8.31,9.52,671.7,7.1,2.3,0.038,0.164,5.12
2024/1/16 12:00,Ⅱ,12.4,8.54,11.17,453.3,6.5,1.44,0.025,0.047,3.26
2024/1/16 12:00,Ⅱ,10.4,8.59,8.6,1088.1,1.5,3.59,0.025,0.079,6.06
2024/1/16 12:00,Ⅱ,12.8,8.39,12.96,697.1,0.6,2.64,0.025,0.018,4.95
2024/1/16 12:00,Ⅲ,14.9,7.35,7.43,476.1,5.3,3.61,0.161,0.199,8.23
2024/1/16 12:00,Ⅱ,13.4,8.65,8.24,494.2,4.7,1.37,0.04,0.05,3.39
2024/1/16 12:00,Ⅱ,11.1,8.62,8.29,324.8,13.2,1.23,0.025,0.035,1.07
2024/1/16 12:00,Ⅱ,12.3,7.7,6.6,548.7,6,3.05,0.077,0.035,3.99
2024/1/16 12:00,Ⅲ,12.6,7.93,6.34,444.2,5.6,3.18,0.191,0.03,0.59
2024/1/16 12:00,Ⅳ,12.4,8.01,8.4,698.8,14.9,4.03,0.134,0.235,5.33
2024/1/16 12:00,Ⅱ,13.3,8.29,8.6,484.7,7.8,1.68,0.025,0.043,3.14
2024/1/16 12:00,劣Ⅴ,11.8,9.13,14.14,615.7,8.4,1.89,0.025,0.043,3.53
2024/1/16 12:00,Ⅱ,10.5,8.27,7.91,412.4,2,1.07,0.071,0.027,1.92
2024/1/16 12:00,劣Ⅴ,13.6,9.55,17.09,686.3,5.5,6.55,0.093,0.144,0.58
2024/1/16 12:00,Ⅲ,11.2,8.47,8.21,468.6,13.7,4.08,0.258,0.047,3.93
2024/1/16 12:00,Ⅲ,11.6,8.04,8.08,472.8,9.5,5.6,0.335,0.048,1.75
2024/1/16 12:00,Ⅳ,10.8,8.19,7.71,499.2,10.4,6.02,0.493,0.052,1.82
2024/1/16 12:00,Ⅲ,11.2,8.04,8.12,475.6,10,5.87,0.592,0.035,1.94
2024/1/16 12:00,Ⅲ,11.6,8.4,7.92,480.5,2.7,5.85,0.546,0.04,1.87
2024/1/16 12:00,Ⅲ,10.9,8.05,7.38,485.9,11.4,4.66,0.671,0.034,2.01
2024/1/16 12:00,Ⅳ,11,8.1,7.84,477.6,12.9,5.9,0.404,0.051,1.57
2024/1/16 12:00,劣Ⅴ,11,9.21,7.94,470.9,9.7,6.2,0.58,0.04,1.6
2024/1/16 12:00,Ⅳ,12.7,7.79,7.41,513,8.3,2.21,0.17,0.07,5.28
2024/1/16 12:00,Ⅱ,9.2,8.23,9.54,571.9,0.4,2.13,0.025,0.033,4.17
2024/1/16 12:00,Ⅰ,9.5,8.37,9.33,358.6,3.5,1.17,0.083,0.016,1.37
2024/1/16 12:00,Ⅲ,8.7,7.72,7.76,328.8,5.8,1.45,0.329,0.121,1.39
2024/1/16 12:00,Ⅱ,11.6,8.32,9.51,369.8,21.7,0.7,0.056,0.089,2.07
2024/1/16 12:00,Ⅱ,9.9,8.59,11.9,540.2,9.7,1.52,0.025,0.033,6.74
2024/1/16 12:00,Ⅱ,14.9,7.75,8.03,509.2,13.1,1.14,0.048,0.029,2.44
2024/1/16 12:00,Ⅱ,10.3,8.1,8.49,393.3,24.6,1.28,0.025,0.022,1.68
2024/1/16 12:00,Ⅱ,13.5,8.17,9.02,512.5,5.1,1.22,0.025,0.071,3.38
2024/1/16 12:00,Ⅱ,14.1,8.09,8.88,614.2,4,2.21,0.025,0.015,4.27
2024/1/16 12:00,Ⅱ,19.5,7.97,8.62,401.5,80.6,1.39,0.025,0.036,1.03
2024/1/16 12:00,Ⅱ,14,8.26,6.79,332.5,1.6,0.79,0.025,0.011,0.16
2024/1/16 12:00,Ⅰ,12.6,8.43,8.4,629.2,3.2,1.75,0.025,0.005,0.76
2024/1/16 12:00,劣Ⅴ,11.8,9.46,9.14,793.7,9,7.07,0.025,0.044,1.12
2024/1/16 12:00,Ⅲ,12.6,7.78,8.34,628.9,7.3,2.14,0.07,0.141,5.75
2024/1/16 12:00,Ⅳ,12.7,8.65,8.05,604.7,14.1,6.84,0.025,0.064,0.88
2024/1/16 12:00,Ⅰ,11.8,8.29,9.94,370.8,10.5,0.41,0.025,0.005,0.5
2024/1/16 12:00,Ⅱ,15.8,8.1,10.09,590.2,19.1,0.49,0.025,0.027,1.63
2024/1/16 12:00,Ⅰ,11.2,8.21,9.91,544.8,2.1,0.79,0.025,0.005,0.48
2024/1/16 12:00,Ⅱ,13.2,7.94,9.41,118.1,18.1,0.97,0.025,0.021,0.85
2024/1/16 12:00,Ⅰ,11.4,8.26,8.24,399.8,2.1,0.52,0.025,0.014,1.79
2024/1/16 12:00,Ⅱ,10.2,8.05,10.37,401.3,4.9,0.25,0.033,0.041,3.46
2024/1/16 12:00,Ⅱ,11.6,8.1,9.87,394.5,6.9,0.36,0.025,0.044,3.19
2024/1/16 12:00,Ⅰ,16.5,8.08,9.59,537.6,6,0.42,0.025,0.015,0.82
2024/1/16 12:00,Ⅱ,11.8,8.02,9.89,351.4,10.8,0.5,0.025,0.033,2.27
2024/1/16 12:00,Ⅰ,9.5,7.99,7.51,246.5,1,1.21,0.025,0.006,0.05
2024/1/16 12:00,Ⅰ,7.2,8.48,10.39,1081.6,15,0.67,0.025,0.005,0.58
2024/1/16 12:00,Ⅰ,12.7,8.32,9.75,1103.9,7.4,0.99,0.025,0.005,0.5
2024/1/16 12:00,Ⅲ,10,7.91,7.09,449.2,6.1,2.52,0.064,0.156,4.74
2024/1/16 12:00,Ⅱ,20.1,7.91,6.89,228.8,7.5,0.78,0.025,0.013,0.59
2024/1/16 12:00,Ⅱ,19.5,7.93,6.69,340.3,5.7,1.17,0.025,0.008,0.53
2024/1/16 12:00,Ⅱ,14.5,7.43,8.42,264.2,143.4,3.07,0.025,0.063,1.54
2024/1/16 12:00,Ⅰ,16.7,7.76,9.73,124.2,13.3,1.88,0.025,0.01,0.3
2024/1/16 12:00,Ⅱ,15.6,8.09,9.28,395.7,1.9,2.99,0.051,0.046,6.08
2024/1/16 12:00,Ⅱ,20.5,7.66,6.83,358.7,5.7,1.12,0.025,0.007,0.32
2024/1/16 12:00,Ⅰ,16.8,8.07,7.55,446.9,11.2,1.14,0.025,0.012,0.51
2024/1/16 12:00,Ⅱ,20.4,8.03,7.34,266.9,11.2,1.48,0.025,0.011,0.49
2024/1/16 12:00,Ⅰ,16.8,7.99,9.34,325.6,50.2,0.99,0.025,0.017,1.01
2024/1/16 12:00,Ⅱ,15,7.72,8.2,174.8,23.6,1.54,0.05,0.051,1.35
2024/1/16 12:00,Ⅰ,15.1,8.25,9.75,214.8,18.1,0.72,0.025,0.016,1.09
2024/1/16 12:00,Ⅱ,12.8,8.02,8.08,497.7,5.8,3.44,0.025,0.066,1.87
2024/1/16 12:00,Ⅲ,12.3,7.74,7.76,794.7,4.1,4.87,0.035,0.025,6.32
2024/1/16 12:00,Ⅱ,18.3,7.95,8.13,158,71.3,0.94,0.025,0.038,0.39
2024/1/16 12:00,Ⅱ,18.9,8.11,8.57,284.4,18.4,0.57,0.025,0.04,1.86
2024/1/16 12:00,Ⅱ,18.6,8.18,8.97,277.8,27.3,0.54,0.025,0.04,1.88
2024/1/16 12:00,Ⅱ,18.9,8.14,8.23,278.7,33.5,0.59,0.029,0.063,1.87
2024/1/16 12:00,Ⅱ,19.2,8.01,6.68,238.8,7.9,0.99,0.03,0.057,1.26
2024/1/16 12:00,Ⅱ,18.1,8.36,9.51,316.8,17.7,0.93,0.033,0.023,1.16
2024/1/16 12:00,Ⅱ,18.1,8.6,8.7,460.5,75.4,0.75,0.025,0.042,1.12
2024/1/16 12:00,Ⅴ,13.7,8.54,7.85,526.3,17,11.72,0.161,0.049,1.62
2024/1/16 12:00,Ⅱ,17.6,7.84,7.62,560.4,27.4,1.06,0.025,0.068,3.07
2024/1/16 12:00,Ⅱ,15.7,8.29,10.67,373.2,44.4,0.53,0.025,0.036,2.91
2024/1/16 12:00,Ⅰ,15.8,7.95,7.61,282.2,8.8,0.39,0.049,0.011,1.28
2024/1/16 12:00,Ⅲ,18.7,7.7,5.59,273.2,9.8,0.82,0.025,0.023,0.66
2024/1/16 12:00,Ⅰ,20.8,8.02,7.92,255,5.2,0.82,0.025,0.013,0.65
2024/1/16 12:00,Ⅱ,15.5,6.85,9.41,85.6,66.6,1.93,0.025,0.034,1.42
2024/1/16 12:00,Ⅱ,19.6,8.26,8.95,366.5,14.5,1.35,0.025,0.084,0.82
2024/1/16 12:00,Ⅱ,16.2,8.29,10.71,170.1,41.4,1.54,0.06,0.023,0.84
2024/1/16 12:00,Ⅲ,11.3,8.76,8.3,289.7,4,4.07,0.025,0.028,0.24
2024/1/16 12:00,Ⅱ,11,7.94,8.94,460.6,2.3,0.37,0.025,0.026,0.83
2024/1/16 12:00,Ⅱ,12.9,6.57,9.52,323.1,86.7,1.22,0.025,0.034,1.3
2024/1/16 12:00,Ⅱ,12.8,8.25,7.03,438.9,7.6,2.16,0.025,0.012,1
2024/1/16 12:00,劣Ⅴ,12.7,7.93,8.78,410.6,58.1,4.16,2.42,0.346,7.31
2024/1/16 12:00,Ⅱ,13.6,7.32,9.24,80.4,55.2,1.11,0.025,0.023,0.65
2024/1/16 12:00,Ⅱ,14.1,6.73,7.22,176.7,15.7,2.03,0.119,0.037,1.56
2024/1/16 12:00,Ⅲ,14.8,8.02,10.38,251.8,10.1,1.18,0.706,0.109,2.04
2024/1/16 12:00,Ⅰ,9.3,8.3,9.39,322.1,9.1,0.46,0.025,0.01,0.29
2024/1/16 12:00,Ⅰ,12.4,8.32,10.64,403.6,10.3,1.05,0.025,0.005,0.15
2024/1/16 12:00,Ⅰ,6.4,8.39,11.53,979.7,9.7,1.26,0.025,0.005,0.46
2024/1/16 12:00,Ⅲ,5.7,8.44,11.79,1469.8,38.7,4.58,0.306,0.095,8.51
2024/1/16 12:00,Ⅲ,4,8.56,15.95,603.4,11.7,4.19,0.144,0.049,7.27
2024/1/16 12:00,Ⅲ,6.6,8.22,12.47,832.8,15.2,4.24,0.039,0.028,6.1
2024/1/16 12:00,Ⅲ,10.7,7.96,11.4,1386.6,17.8,4.42,0.33,0.113,7.8
2024/1/16 12:00,Ⅲ,0.5,8.48,12.36,2104.5,89.4,2.1,0.606,0.055,6.31
2024/1/16 12:00,Ⅰ,1.2,8.2,13.34,212.6,1.8,1.03,0.025,0.007,1.63
2024/1/16 12:00,Ⅴ,5.6,8.03,9.97,950.4,22.3,11.84,1.45,0.194,10.12
2024/1/16 12:00,Ⅰ,3,8.21,12.16,580.3,15.4,1.13,0.025,0.016,7.08
2024/1/16 12:00,Ⅲ,2.8,8.68,16.52,1070.2,16.3,4.02,0.025,0.029,8.31
2024/1/16 12:00,Ⅱ,2.6,8.2,11.09,401.9,5.2,1.03,0.142,0.025,2.15
2024/1/16 12:00,Ⅲ,5.5,8.44,13.13,903.6,12,4.04,0.236,0.079,11.15
2024/1/16 12:00,Ⅲ,6.2,8.09,11.54,826.9,17.1,4.38,0.344,0.1,12.64
2024/1/16 12:00,Ⅱ,4.2,8.41,12.24,2247.9,96.6,1.45,0.248,0.036,5.23
2024/1/16 12:00,Ⅰ,2.4,8.56,11.88,887.5,13.5,1.35,0.076,0.012,3.57
2024/1/16 12:00,Ⅲ,5.1,8.18,13.17,1589.1,19,3.89,0.18,0.111,9.81
2024/1/16 12:00,Ⅲ,2.8,8.59,13.04,1812.3,37.7,5.04,0.055,0.092,9.15
2024/1/16 12:00,Ⅲ,2.1,8.45,12.06,2874.7,15.3,3.47,0.646,0.065,7.62
2024/1/16 12:00,Ⅱ,3.7,8.56,14.22,606.6,16.6,3.71,0.08,0.034,5.03
2024/1/16 12:00,劣Ⅴ,0.3,8.65,13.85,1917.8,34.8,3.36,2.203,0.042,13.15
2024/1/16 12:00,Ⅱ,0.4,8.72,12.96,938.3,3.9,1.8,0.297,0.03,6.64
2024/1/16 12:00,Ⅲ,0.5,8.55,13.05,1371.3,16.1,3.53,0.513,0.084,11.17
2024/1/16 12:00,Ⅱ,6.5,7.88,10.94,368,11.6,0.96,0.05,0.041,3.43
2024/1/16 12:00,Ⅰ,7.4,8.18,10.09,326.7,1.6,0.3,0.025,0.011,2.02
2024/1/16 12:00,Ⅱ,7,7.56,8.22,398.9,84.4,1.86,0.137,0.093,3.38
2024/1/16 12:00,Ⅱ,5.6,8.01,11.59,360.7,28.9,1.47,0.025,0.029,1.44
2024/1/16 12:00,Ⅰ,3.4,8.25,11.99,415.3,4.6,0.92,0.052,0.01,1.59
2024/1/16 12:00,Ⅱ,1,8.35,11.42,1144.8,40.7,1.96,0.053,0.026,3.77
2024/1/16 12:00,Ⅲ,0.7,8.25,10.62,1559,5.2,2.13,0.957,0.06,4.85
2024/1/16 12:00,Ⅰ,1.5,8.3,11.35,1219.2,10.8,1.4,0.05,0.02,3.57
2024/1/16 12:00,Ⅱ,0.6,8.58,11.9,1041.2,12.7,1.35,0.17,0.037,3.78
2024/1/16 12:00,Ⅲ,0.8,8.45,11.15,778.7,39.9,2.74,0.538,0.13,3.41
2024/1/16 8:00,Ⅰ,7.2,7.99,12.31,208.6,6.1,0.55,0.025,0.009,0.57
2024/1/16 12:00,Ⅱ,7.8,8.23,10.06,329.3,5.1,1.39,0.04,0.024,2.03
2024/1/16 12:00,Ⅱ,10.2,7.97,10.04,308.6,11.1,1.66,0.057,0.025,1.57
2024/1/16 12:00,Ⅲ,12.2,7.94,8.22,236.8,2.6,1.48,0.025,0.03,1.4
2024/1/16 12:00,Ⅱ,5.5,8.22,11.5,433,16.3,0.89,0.029,0.022,1.7
2024/1/16 12:00,Ⅱ,3.7,8.34,12.43,577.5,7.6,1.41,0.196,0.04,4.88
2024/1/16 12:00,Ⅰ,2,8.17,12.29,518.1,6.3,0.51,0.025,0.012,2.49
2024/1/16 12:00,Ⅱ,2.6,8.53,9.64,682,76.1,1.61,0.073,0.07,2.33
2024/1/16 12:00,Ⅲ,1.5,8.41,9.26,1103.2,7.7,2.41,0.942,0.072,5.14
2024/1/16 12:00,Ⅰ,4.2,7.74,11.14,552,11.8,0.37,0.025,0.008,2.07
2024/1/16 12:00,Ⅰ,2.3,8.17,10.04,681.2,9.1,1.16,0.093,0.011,2.63
2024/1/16 12:00,Ⅱ,4.3,8.47,9.96,968.9,14.6,0.94,0.061,0.04,3.96
2024/1/16 4:00,Ⅰ,1.9,8.43,11.12,700,9.2,0.6,0.114,0.016,2.61
2024/1/16 12:00,Ⅲ,1.3,8.43,12.78,1384.3,95.9,2.88,0.865,0.163,8.72
2024/1/16 12:00,Ⅰ,4.3,8.32,13.13,504,6.9,0.98,0.025,0.005,2.11
2024/1/16 12:00,Ⅰ,4.6,8.41,11.7,586.5,5.3,1.2,0.032,0.005,1.87
2024/1/16 12:00,Ⅰ,0.6,8.44,11.72,685,7.4,0.54,0.025,0.005,1.62
2024/1/16 12:00,Ⅱ,2.1,8.17,10.56,705.9,11.4,0.84,0.089,0.031,3.19
2024/1/16 12:00,Ⅰ,4.6,8.26,9.62,639,3.6,0.36,0.025,0.005,1.45
2024/1/16 12:00,Ⅰ,0.5,7.92,11.92,737.7,15.6,0.25,0.047,0.016,3.46
2024/1/16 12:00,Ⅱ,0.6,8.54,11.77,1426.4,66.1,2.26,0.143,0.066,7.65
2024/1/16 12:00,Ⅱ,3.7,8.28,11.2,497.6,41.9,1.36,0.12,0.045,1.48
2024/1/16 12:00,Ⅰ,3.7,8.49,11.33,493.1,26.3,0.9,0.025,0.005,1.15
2024/1/16 12:00,Ⅱ,1.3,8.51,11.29,426.7,25,0.7,0.114,0.025,3.7
2024/1/16 12:00,Ⅰ,1.5,8.49,11.54,613.1,9.8,0.34,0.081,0.016,3.55
2024/1/16 12:00,Ⅱ,0.8,8.2,12.77,310,113,1.07,0.137,0.021,3.57
2024/1/16 12:00,Ⅴ,2.5,8.16,8.2,1100,12.5,4.19,1.833,0.235,6.92
2024/1/16 12:00,Ⅱ,1.8,8,9.95,765.4,11,2.92,0.192,0.041,4.24
2024/1/16 12:00,Ⅰ,1.6,8.5,10.54,377.5,2.7,1.69,0.025,0.005,1.38
2024/1/16 12:00,Ⅴ,1.3,8.37,11.39,950,227,1.47,1.608,0.209,7.66
2024/1/16 12:00,Ⅱ,1.4,8.21,13.61,445,34,0.34,0.028,0.048,1.53
2024/1/16 12:00,Ⅰ,1,8.35,13.43,512,162,0.39,0.04,0.005,1.46
2024/1/16 12:00,Ⅰ,2.1,7.99,12.14,358,1,0.5,0.025,0.006,0.84
2024/1/16 12:00,Ⅰ,1.5,8.3,14.57,549,16,1.2,0.025,0.007,0.98
2024/1/16 12:00,Ⅰ,5,8.48,8.73,448,7.1,1.54,0.025,0.005,0.63
2024/1/16 12:00,Ⅱ,1.5,8.13,11.39,741.1,19.3,1.41,0.091,0.03,1.88
2024/1/16 12:00,Ⅱ,1.9,8.47,12.22,754.1,12,1.3,0.064,0.021,2.72
2024/1/16 12:00,Ⅱ,4.5,8.05,7.06,1776.9,15,3.49,0.285,0.005,0.79
2024/1/16 12:00,Ⅱ,0.7,8.45,10.02,780.8,7.4,1.54,0.386,0.041,5.44
2024/1/16 12:00,Ⅰ,1,8.53,11.39,836.3,7.7,1.47,0.122,0.015,3
2024/1/16 12:00,Ⅱ,3.8,8.49,10.37,655.8,2.6,3.04,0.025,0.005,0.79
2024/1/16 12:00,Ⅰ,6.5,8.32,10.63,471.6,63.8,0.25,0.025,0.005,1.96
2024/1/16 12:00,Ⅰ,8.6,8.39,10.22,2191.1,1,0.4,0.025,0.012,11.98
2024/1/16 12:00,Ⅱ,2.8,7.58,9.96,693.2,7.2,2.52,0.036,0.006,0.76
2024/1/16 12:00,Ⅱ,4,7.85,11.66,580.4,22.1,1.87,0.035,0.027,2.49
2024/1/16 12:00,Ⅰ,2.3,8.16,11.16,327,15.6,1.06,0.063,0.011,1.56
2024/1/16 12:00,Ⅰ,0.6,8.07,15.58,221.1,172.2,0.46,0.025,0.009,1.35
2024/1/16 12:00,Ⅰ,4,7.37,9.91,62.6,4.5,0.74,0.025,0.005,0.46
2024/1/16 12:00,Ⅰ,2.7,7.3,13.25,119.8,2.4,1.38,0.033,0.012,0.77
