省份,城市,河流,流域,断面名称,监测时间,水质类别,水温,pH,溶解氧,高锰酸钾,氨氮,总磷,总氮,电导率,浊度
浙江省,杭州市,南苕溪,太湖流域,汪家埠,2021/8/6 8:00,Ⅲ,25.2,6.97,7.874,3.015,0.7449,0.0162,2.367,210,23.2
浙江省,杭州市,南苕溪,太湖流域,汪家埠,2021/8/6 12:00,Ⅲ,25.78,7.08,8.434,3.282,0.7449,0.015,2.163,208.1,22
浙江省,杭州市,南苕溪,太湖流域,汪家埠,2021/8/6 16:00,Ⅲ,26.28,7.04,8.334,3.265,0.7449,0.0177,2.046,216.9,19.9
浙江省,杭州市,南苕溪,太湖流域,汪家埠,2021/8/6 20:00,Ⅲ,26.08,6.96,7.731,2.784,0.7449,0.0185,2.018,223.4,18.7
浙江省,杭州市,南苕溪,太湖流域,汪家埠,2021/8/7 0:00,Ⅲ,25.98,6.92,6.362,3.033,0.7449,0.0184,2.13,230.5,19
浙江省,杭州市,南苕溪,太湖流域,汪家埠,2021/8/7 4:00,Ⅲ,25.39,6.81,5.48,2.818,0.7449,0.021,2.031,227.6,19.7
浙江省,杭州市,南苕溪,太湖流域,汪家埠,2021/8/7 8:00,Ⅲ,25.39,6.79,5.403,3.033,0.0318,0.0216,2.237,225,22.1
浙江省,杭州市,南苕溪,太湖流域,汪家埠,2021/8/7 12:00,Ⅱ,26.18,6.94,6.479,2.784,0.025,0.018,2.255,229.3,22.2
浙江省,杭州市,南苕溪,太湖流域,汪家埠,2021/8/7 16:00,Ⅱ,27,7.25,7.818,3.015,0.025,0.018,2.004,226.4,19.6
浙江省,杭州市,南苕溪,太湖流域,汪家埠,2021/8/7 20:00,Ⅱ,26.59,7.05,6.846,2.973,0.025,0.0523,1.96,227,15.3
浙江省,杭州市,南苕溪,太湖流域,汪家埠,2021/8/8 0:00,Ⅲ,26.39,6.85,5.616,2.93,0.0407,0.0532,1.919,230.1,17
浙江省,杭州市,南苕溪,太湖流域,汪家埠,2021/8/8 4:00,Ⅲ,26.18,6.76,5.144,2.818,0.0795,0.0594,1.964,244.3,16
浙江省,杭州市,南苕溪,太湖流域,汪家埠,2021/8/8 8:00,Ⅲ,26.28,6.78,5.651,2.809,0.0482,0.0536,2.123,234.8,12.8
浙江省,杭州市,南苕溪,太湖流域,汪家埠,2021/8/8 12:00,Ⅱ,26.8,6.98,6.952,3.162,0.025,0.0568,2.043,246.3,18.6
浙江省,杭州市,南苕溪,太湖流域,汪家埠,2021/8/8 16:00,Ⅱ,27.64,7.06,7.382,3.084,0.025,0.0533,2.37,260.9,18.9
浙江省,杭州市,南苕溪,太湖流域,汪家埠,2021/8/8 20:00,Ⅱ,27.42,6.95,6.847,2.403,0.0384,0.0511,2.076,262.4,16.8
浙江省,杭州市,南苕溪,太湖流域,汪家埠,2021/8/9 0:00,Ⅲ,27,6.83,5.968,2.286,0.0528,0.0476,1.968,262.6,15
浙江省,杭州市,南苕溪,太湖流域,汪家埠,2021/8/9 4:00,Ⅲ,26.8,6.75,5.216,2.151,0.0747,0.0548,1.948,265,16.3
浙江省,杭州市,南苕溪,太湖流域,汪家埠,2021/8/9 8:00,Ⅱ,26.8,6.86,6.418,1.891,0.0408,0.0505,2.134,260.3,15.2
浙江省,杭州市,南苕溪,太湖流域,汪家埠,2021/8/9 12:00,Ⅱ,27.64,6.94,7.03,2.303,0.0322,0.0532,2.012,251.1,20.2
浙江省,杭州市,南苕溪,太湖流域,汪家埠,2021/8/9 16:00,Ⅱ,28.72,7.93,11.671,3.025,0.025,0.0597,1.832,249.6,22.2
浙江省,杭州市,南苕溪,太湖流域,汪家埠,2021/8/9 20:00,Ⅱ,27.85,7.25,7.87,2.714,0.0521,0.0526,1.971,273.5,19.9
浙江省,杭州市,南苕溪,太湖流域,汪家埠,2021/8/10 0:00,Ⅱ,27.63,6.91,6.146,2.714,0.0521,0.0526,1.971,276.4,22
浙江省,杭州市,南苕溪,太湖流域,汪家埠,2021/8/10 4:00,Ⅲ,27.42,6.86,5.903,2.487,0.0816,0.0494,1.949,274.4,18.3
浙江省,杭州市,南苕溪,太湖流域,汪家埠,2021/8/10 8:00,Ⅲ,27.21,6.74,5.15,2.16,0.1278,0.0615,2.201,275.2,26.6
浙江省,杭州市,南苕溪,太湖流域,汪家埠,2021/8/10 12:00,Ⅱ,27.53,7.37,8.355,2.588,0.0401,0.0626,2.098,248.4,23.2
浙江省,杭州市,南苕溪,太湖流域,汪家埠,2021/8/10 16:00,Ⅱ,27.42,7.07,6.879,2.571,0.0997,0.0606,1.854,235.1,29
浙江省,杭州市,南苕溪,太湖流域,汪家埠,2021/8/10 20:00,Ⅱ,26.79,7.02,6.046,2.731,0.0982,0.0627,1.964,235.2,33.7
浙江省,杭州市,南苕溪,太湖流域,汪家埠,2021/8/11 0:00,Ⅱ,26.69,7.02,6.298,2.731,0.0982,0.0627,1.964,231,24.5
浙江省,杭州市,南苕溪,太湖流域,汪家埠,2021/8/11 4:00,Ⅳ,26.4,6.79,4.925,2.513,0.1587,0.0619,1.968,237.7,23.8
浙江省,杭州市,南苕溪,太湖流域,汪家埠,2021/8/11 8:00,Ⅳ,26.49,6.78,4.955,2.361,0.1509,0.0602,2.06,236.3,20
浙江省,杭州市,南苕溪,太湖流域,汪家埠,2021/8/11 12:00,Ⅱ,26.69,7,6.284,2.689,0.0918,0.068,2.142,244.2,34.2
浙江省,杭州市,南苕溪,太湖流域,汪家埠,2021/8/11 16:00,Ⅲ,26.49,6.93,5.706,2.487,0.1533,0.0662,2.159,263.3,35.3
浙江省,杭州市,南苕溪,太湖流域,汪家埠,2021/8/11 20:00,Ⅱ,26.59,7.11,6.725,2.395,0.075,0.055,1.83,234.9,23.1
浙江省,杭州市,南苕溪,太湖流域,汪家埠,2021/8/12 0:00,Ⅱ,26.49,7.09,6.212,2.395,0.075,0.055,1.83,227.3,20.9
浙江省,杭州市,南苕溪,太湖流域,汪家埠,2021/8/12 4:00,Ⅲ,26.28,7.02,5.923,2.588,0.0829,0.0531,1.744,227.9,21.8
浙江省,杭州市,南苕溪,太湖流域,汪家埠,2021/8/12 8:00,Ⅲ,26.16,6.97,5.692,2.546,0.0913,0.0552,1.996,224.9,26.2
浙江省,杭州市,南苕溪,太湖流域,汪家埠,2021/8/12 12:00,Ⅱ,26.59,7.01,6.09,2.588,0.1008,0.0605,2.049,229.1,38.8
浙江省,杭州市,南苕溪,太湖流域,汪家埠,2021/8/12 16:00,Ⅱ,26.59,7.08,6.809,2.597,0.0777,0.07,2.073,233.9,31.1
浙江省,杭州市,南苕溪,太湖流域,汪家埠,2021/8/12 20:00,Ⅱ,26.9,7.17,6.888,2.714,0.0824,0.0651,1.955,229.9,33.9
浙江省,杭州市,南苕溪,太湖流域,汪家埠,2021/8/13 0:00,Ⅱ,26.28,7.04,7.272,2.714,0.0824,0.0651,1.955,217.9,26.7
浙江省,杭州市,南苕溪,太湖流域,汪家埠,2021/8/13 4:00,Ⅱ,26.23,6.98,7.199,2.471,0.0876,0.0548,1.797,220.4,21.5
浙江省,杭州市,南苕溪,太湖流域,汪家埠,2021/8/13 8:00,Ⅱ,26.18,6.94,7.09,2.168,0.1194,0.0563,2.208,222.7,25.9
浙江省,杭州市,南苕溪,太湖流域,汪家埠,2021/8/13 12:00,Ⅱ,26.18,6.95,7.299,2.361,0.1549,0.0606,2.035,230.6,24.9
浙江省,杭州市,南苕溪,太湖流域,汪家埠,2021/8/13 16:00,Ⅱ,25.98,6.95,7.225,2.487,0.1787,0.072,2.187,238.6,35.2
浙江省,杭州市,南苕溪,太湖流域,汪家埠,2021/8/13 20:00,Ⅱ,25.78,6.89,7.037,2.588,0.2169,0.0769,2.355,248.2,33.4
浙江省,杭州市,南苕溪,太湖流域,汪家埠,2021/8/14 0:00,Ⅱ,25.78,6.88,7.142,2.555,0.2018,0.0761,2.283,247.4,29
浙江省,杭州市,南苕溪,太湖流域,汪家埠,2021/8/14 4:00,Ⅱ,25.59,6.9,7.122,2.277,0.1911,0.0747,2.26,247.7,28.7
浙江省,杭州市,南苕溪,太湖流域,汪家埠,2021/8/14 8:00,Ⅱ,25.3,6.89,7.165,2.378,0.1869,0.0773,2.489,251,31.2
浙江省,杭州市,南苕溪,太湖流域,汪家埠,2021/8/14 12:00,Ⅱ,25.1,6.92,7.376,2.445,0.1799,0.0822,2.375,246.4,37
浙江省,杭州市,南苕溪,太湖流域,汪家埠,2021/8/14 16:00,Ⅱ,24.91,6.94,7.246,2.403,0.1657,0.0844,2.365,254.6,41.5
浙江省,杭州市,南苕溪,太湖流域,汪家埠,2021/8/14 20:00,Ⅱ,24.82,6.92,7.134,2.361,0.1674,0.084,2.328,259.7,38.7
浙江省,杭州市,南苕溪,太湖流域,汪家埠,2021/8/15 0:00,Ⅱ,24.72,6.91,7.019,2.235,0.1406,0.0805,2.217,261.9,32.4
浙江省,杭州市,南苕溪,太湖流域,汪家埠,2021/8/15 4:00,Ⅱ,24.44,6.85,6.613,2.319,0.129,0.0775,2.181,269.1,26.1
浙江省,杭州市,南苕溪,太湖流域,汪家埠,2021/8/15 8:00,Ⅱ,24.25,6.8,6.229,1.95,0.1165,0.078,2.581,284.3,24.6
浙江省,杭州市,南苕溪,太湖流域,汪家埠,2021/8/15 12:00,Ⅱ,24.25,6.8,6.421,2.143,0.1073,0.0757,2.235,290,22.8
浙江省,杭州市,南苕溪,太湖流域,汪家埠,2021/8/15 16:00,Ⅱ,24.53,6.81,6.574,2.294,0.1076,0.0745,1.871,285.4,23
浙江省,杭州市,南苕溪,太湖流域,汪家埠,2021/8/15 20:00,Ⅱ,24.72,6.95,7.641,2.445,0.1229,0.083,2.413,243.6,35.3
浙江省,杭州市,南苕溪,太湖流域,汪家埠,2021/8/16 0:00,Ⅱ,24.44,6.92,7.564,2.445,0.1229,0.083,2.413,239.9,31.6
浙江省,杭州市,南苕溪,太湖流域,汪家埠,2021/8/16 4:00,Ⅱ,24.35,6.9,7.607,2.294,0.1195,0.0805,2.294,229.1,29.3
浙江省,杭州市,南苕溪,太湖流域,汪家埠,2021/8/16 8:00,Ⅱ,24.35,6.9,7.602,2.345,0.113,0.0787,2.63,226.8,29
浙江省,杭州市,南苕溪,太湖流域,汪家埠,2021/8/16 12:00,Ⅱ,24.63,6.95,8.011,2.462,0.0994,0.0833,2.637,228.9,36.2
浙江省,杭州市,南苕溪,太湖流域,汪家埠,2021/8/16 16:00,Ⅱ,24.63,6.98,7.987,2.445,0.0798,0.0836,2.3,214.2,33.8
浙江省,杭州市,南苕溪,太湖流域,汪家埠,2021/8/16 20:00,Ⅱ,24.15,6.93,8.168,2.815,0.0927,0.0915,2.505,201.2,53.4
浙江省,杭州市,南苕溪,太湖流域,汪家埠,2021/8/17 0:00,Ⅱ,24.07,6.92,8.092,2.815,0.0927,0.0915,2.505,199,35.7
浙江省,杭州市,南苕溪,太湖流域,汪家埠,2021/8/17 4:00,Ⅱ,23.98,7,7.977,3.067,0.092,0.0995,2.478,211.5,72.3
浙江省,杭州市,南苕溪,太湖流域,汪家埠,2021/8/17 8:00,Ⅱ,24.07,6.99,8.07,2.546,0.0607,0.0793,2.527,225.8,38.5
浙江省,杭州市,南苕溪,太湖流域,汪家埠,2021/8/17 16:00,Ⅱ,24.82,7.12,7.794,1.962,0.0561,0.0717,2.473,236.5,27.1
浙江省,杭州市,南苕溪,太湖流域,汪家埠,2021/8/17 20:00,Ⅱ,24.44,7.05,7.614,1.92,0.066,0.0714,2.456,234.5,25
浙江省,杭州市,南苕溪,太湖流域,汪家埠,2021/8/18 0:00,Ⅱ,24.07,7.02,8.003,1.92,0.066,0.0714,2.456,224.2,37.6
浙江省,杭州市,南苕溪,太湖流域,汪家埠,2021/8/18 4:00,Ⅱ,23.96,7,8.073,2.412,0.0692,0.08,2.646,218.9,36.6
浙江省,杭州市,南苕溪,太湖流域,汪家埠,2021/8/18 8:00,Ⅱ,24.25,7.16,8.431,2.746,0.0587,0.0798,2.758,220.8,35.1
浙江省,杭州市,南苕溪,太湖流域,汪家埠,2021/8/18 12:00,Ⅱ,25.01,7.43,8.902,2.638,0.0528,0.0888,2.489,219.6,42.4
浙江省,杭州市,南苕溪,太湖流域,汪家埠,2021/8/18 16:00,Ⅱ,24.91,7.24,8.538,2.746,0.0746,0.0953,2.677,206.7,44
浙江省,杭州市,南苕溪,太湖流域,汪家埠,2021/8/18 20:00,Ⅱ,24.53,7.13,8.051,2.379,0.0637,0.0848,2.641,209,38.2
浙江省,杭州市,南苕溪,太湖流域,汪家埠,2021/8/19 0:00,Ⅱ,24.44,7.13,8.013,2.471,0.0655,0.0878,2.594,213.9,38.8
浙江省,杭州市,南苕溪,太湖流域,汪家埠,2021/8/19 4:00,Ⅱ,24.63,7.28,7.884,2.596,0.0499,0.0732,2.408,225,32.1
浙江省,杭州市,南苕溪,太湖流域,汪家埠,2021/8/19 8:00,Ⅱ,24.82,7.42,7.971,2.621,0.0481,0.0757,2.354,224.9,32.3
浙江省,杭州市,南苕溪,太湖流域,汪家埠,2021/8/19 12:00,Ⅱ,25.49,7.5,8.578,2.212,0.0417,0.0776,2.49,218.6,30.8
浙江省,杭州市,南苕溪,太湖流域,汪家埠,2021/8/19 16:00,Ⅱ,25.59,7.48,8.282,2.487,0.042,0.0791,2.533,215.5,30.7
浙江省,杭州市,南苕溪,太湖流域,汪家埠,2021/8/19 20:00,Ⅱ,24.82,7.12,7.468,2.396,0.0579,0.0816,2.408,221,41.6
浙江省,杭州市,南苕溪,太湖流域,汪家埠,2021/8/20 0:00,Ⅲ,24.53,7,7.44,2.371,0.0459,0.1025,2.316,223.3,30.2
浙江省,杭州市,南苕溪,太湖流域,汪家埠,2021/8/20 4:00,Ⅱ,24.72,7.1,7.53,2.429,0.045,0.0691,2.313,215.3,25.4
浙江省,杭州市,南苕溪,太湖流域,汪家埠,2021/8/20 8:00,Ⅱ,25.01,7.24,7.708,2.705,0.0472,0.0747,2.432,218.5,31.8
浙江省,杭州市,南苕溪,太湖流域,汪家埠,2021/8/20 12:00,Ⅱ,25.68,7.58,8.53,2.12,0.0416,0.0688,2.335,226.5,25.4
浙江省,杭州市,南苕溪,太湖流域,汪家埠,2021/8/20 16:00,Ⅱ,26.09,7.71,8.541,2.554,0.0408,0.0739,2.228,229,24.5
浙江省,杭州市,南苕溪,太湖流域,汪家埠,2021/8/20 20:00,Ⅱ,26.08,7.73,7.667,2.846,0.0415,0.0732,2.107,234,20.3
浙江省,杭州市,南苕溪,太湖流域,汪家埠,2021/8/21 0:00,Ⅱ,25.78,7.4,6.885,2.571,0.0407,0.0678,2.244,242.6,19.9
浙江省,杭州市,南苕溪,太湖流域,汪家埠,2021/8/21 4:00,Ⅱ,25.59,7.13,6.419,2.429,0.0467,0.0656,2.172,252.3,21.2
浙江省,杭州市,南苕溪,太湖流域,汪家埠,2021/8/21 8:00,Ⅱ,25.59,7.14,6.74,2.287,0.0517,0.0668,2.24,243.7,21.4
浙江省,杭州市,南苕溪,太湖流域,汪家埠,2021/8/21 12:00,Ⅱ,26.39,7.46,8.144,2.429,0.0415,0.0631,2.428,239.9,20.6
浙江省,杭州市,南苕溪,太湖流域,汪家埠,2021/8/21 16:00,Ⅱ,26.69,7.62,8.594,2.513,0.0402,0.0629,2.192,239.9,20.2
浙江省,杭州市,南苕溪,太湖流域,汪家埠,2021/8/21 20:00,Ⅱ,26.59,7.59,8.109,2.496,0.0462,0.0632,2.169,242,19.2
浙江省,杭州市,南苕溪,太湖流域,汪家埠,2021/8/22 0:00,Ⅱ,26.28,7.22,6.577,2.513,0.0707,0.0634,2.299,248.1,20.4
浙江省,杭州市,南苕溪,太湖流域,汪家埠,2021/8/22 4:00,Ⅳ,26.08,6.8,4.687,2.571,0.1376,0.0661,2.187,258.3,17.7
浙江省,杭州市,南苕溪,太湖流域,汪家埠,2021/8/22 8:00,Ⅴ,26.08,6.56,2.835,2.346,0.3162,0.0849,2.55,269.5,18.9
浙江省,杭州市,南苕溪,太湖流域,汪家埠,2021/8/22 12:00,Ⅲ,26.28,6.81,5.83,1.903,0.1057,0.0717,2.386,312.1,25.7
浙江省,杭州市,南苕溪,太湖流域,汪家埠,2021/8/22 16:00,Ⅱ,27.42,7.43,7.801,1.903,0.1057,0.0717,2.386,242.6,22.8
浙江省,杭州市,南苕溪,太湖流域,汪家埠,2021/8/22 20:00,Ⅱ,27,7.49,7.446,2.721,0.0537,0.0562,2.24,237.9,18.2
浙江省,杭州市,南苕溪,太湖流域,汪家埠,2021/8/23 0:00,Ⅱ,26.18,7.14,6.833,2.346,0.0636,0.0562,2.292,243.4,16.9
浙江省,杭州市,南苕溪,太湖流域,汪家埠,2021/8/23 4:00,Ⅲ,26.08,6.95,5.837,2.229,0.0757,0.0543,2.241,242.5,19.3
浙江省,杭州市,南苕溪,太湖流域,汪家埠,2021/8/23 8:00,Ⅲ,26.07,6.86,5.429,2.078,0.091,0.0587,2.18,246.3,28.3
浙江省,杭州市,南苕溪,太湖流域,汪家埠,2021/8/23 12:00,Ⅱ,26.8,6.87,6.08,2.003,0.0817,0.0579,2.131,261.4,25
浙江省,杭州市,南苕溪,太湖流域,汪家埠,2021/8/23 16:00,Ⅱ,27.96,7.36,8.072,2.479,0.0512,0.0595,2.003,239.6,24.9
浙江省,杭州市,南苕溪,太湖流域,汪家埠,2021/8/23 20:00,Ⅱ,28.18,7.77,7.993,2.705,0.0462,0.0606,2.096,225.7,21
浙江省,杭州市,南苕溪,太湖流域,汪家埠,2021/8/24 0:00,Ⅱ,27.85,7.45,6.61,2.654,0.0554,0.0548,2.104,228.2,17.4
浙江省,杭州市,南苕溪,太湖流域,汪家埠,2021/8/24 4:00,Ⅲ,27.64,7.04,5.34,2.362,0.0619,0.058,2.061,236.4,17.5
浙江省,杭州市,南苕溪,太湖流域,汪家埠,2021/8/24 8:00,Ⅲ,27.42,6.89,5.013,2.371,0.1084,0.0559,2.084,246.3,17.1
浙江省,杭州市,南苕溪,太湖流域,汪家埠,2021/8/24 12:00,Ⅲ,27.32,6.76,5.934,2.371,0.1077,0.0663,2.134,315.2,23.8
浙江省,杭州市,南苕溪,太湖流域,汪家埠,2021/8/24 16:00,Ⅱ,27.81,7.45,8.451,2.663,0.0389,0.0607,2.063,235.2,22
浙江省,杭州市,南苕溪,太湖流域,汪家埠,2021/8/24 20:00,Ⅱ,27.53,7.39,7.415,2.596,0.0479,0.055,1.951,234.6,17.2
浙江省,杭州市,南苕溪,太湖流域,汪家埠,2021/8/25 0:00,Ⅱ,27.31,7.14,6.324,2.429,0.0652,0.0536,2.118,237.1,14.4
浙江省,杭州市,南苕溪,太湖流域,汪家埠,2021/8/25 4:00,Ⅲ,27.11,6.92,5.215,2.329,0.0835,0.0571,1.952,239.7,15.2
浙江省,杭州市,南苕溪,太湖流域,汪家埠,2021/8/25 8:00,Ⅲ,27,6.83,5.083,2.304,0.101,0.06,2.276,243.9,15.1
浙江省,杭州市,南苕溪,太湖流域,汪家埠,2021/8/25 12:00,Ⅲ,27,6.78,5.649,2.362,0.1084,0.065,2.146,302.2,21
浙江省,杭州市,南苕溪,太湖流域,汪家埠,2021/8/25 16:00,Ⅱ,27.64,7.34,7.906,2.421,0.0474,0.0575,2.292,234.8,21
浙江省,杭州市,南苕溪,太湖流域,汪家埠,2021/8/25 20:00,Ⅱ,27.21,7.41,7.448,2.554,0.0395,0.0548,1.959,232.8,17.8
浙江省,杭州市,南苕溪,太湖流域,汪家埠,2021/8/26 0:00,Ⅱ,26.18,7.13,6.56,2.354,0.0463,0.0514,2.445,234.1,16
浙江省,杭州市,南苕溪,太湖流域,汪家埠,2021/8/26 4:00,Ⅲ,25.98,6.96,5.801,2.187,0.0531,0.0492,2.096,237.6,13.9
浙江省,杭州市,南苕溪,太湖流域,汪家埠,2021/8/26 8:00,Ⅲ,25.88,6.88,5.328,2.187,0.0716,0.051,2.225,239.6,13.5
浙江省,杭州市,南苕溪,太湖流域,汪家埠,2021/8/26 12:00,Ⅲ,26.8,6.9,5.746,2.129,0.0733,0.0536,2.173,245.1,15.3
浙江省,杭州市,南苕溪,太湖流域,汪家埠,2021/8/26 16:00,Ⅱ,27.85,6.95,6.469,2.396,0.0609,0.0532,2.036,245.2,15.3
浙江省,杭州市,南苕溪,太湖流域,汪家埠,2021/8/26 20:00,Ⅱ,27.96,6.95,6.26,2.337,0.056,0.0517,2.036,251.8,13.3
浙江省,杭州市,南苕溪,太湖流域,汪家埠,2021/8/27 0:00,Ⅲ,27.39,6.84,5.47,2.337,0.056,0.0517,2.036,259.3,13.1
浙江省,杭州市,南苕溪,太湖流域,汪家埠,2021/8/27 4:00,Ⅳ,27,6.73,4.495,1.978,0.124,0.0573,2.028,271.8,13.7
浙江省,杭州市,南苕溪,太湖流域,汪家埠,2021/8/27 8:00,Ⅳ,27.11,6.66,3.927,2.154,0.1828,0.0671,2.329,305.9,12.9
浙江省,杭州市,南苕溪,太湖流域,汪家埠,2021/8/27 12:00,Ⅳ,27.85,6.64,3.774,2.204,0.1889,0.0694,2.294,324.7,12.5
浙江省,杭州市,南苕溪,太湖流域,汪家埠,2021/8/27 16:00,Ⅳ,29.11,6.68,4.479,2.104,0.1736,0.0723,2.244,344.6,14.4
浙江省,杭州市,南苕溪,太湖流域,汪家埠,2021/8/27 20:00,Ⅳ,27.42,6.6,3.063,2.621,0.2965,0.092,2.337,352.8,36.5
浙江省,杭州市,南苕溪,太湖流域,汪家埠,2021/8/28 0:00,Ⅳ,27.53,6.6,3.287,2.621,0.2965,0.092,2.337,370.8,18.8
浙江省,杭州市,南苕溪,太湖流域,汪家埠,2021/8/28 4:00,Ⅲ,26.8,6.79,5.024,2.73,0.2173,0.1078,2.724,352.1,45.8
浙江省,杭州市,南苕溪,太湖流域,汪家埠,2021/8/28 8:00,Ⅳ,26.59,6.81,4.91,2.538,0.2652,0.1185,2.922,314,61
浙江省,杭州市,南苕溪,太湖流域,汪家埠,2021/8/28 12:00,Ⅳ,27,6.83,4.94,2.471,0.1615,0.0955,2.439,300.4,36.5
浙江省,杭州市,南苕溪,太湖流域,汪家埠,2021/8/28 16:00,Ⅲ,28.18,6.91,5.56,2.412,0.1216,0.0815,2.365,291,26.1
浙江省,杭州市,南苕溪,太湖流域,汪家埠,2021/8/28 20:00,Ⅲ,28.48,6.92,5.572,2.371,0.1131,0.0728,2.258,292,22.2
浙江省,杭州市,南苕溪,太湖流域,汪家埠,2021/8/29 0:00,Ⅳ,27.74,6.85,4.984,2.371,0.1131,0.0728,2.258,288.4,18.6
浙江省,杭州市,南苕溪,太湖流域,汪家埠,2021/8/29 4:00,Ⅲ,27.64,6.84,5.122,2.27,0.1228,0.0649,2.096,291,18.9
浙江省,杭州市,南苕溪,太湖流域,汪家埠,2021/8/29 8:00,Ⅳ,27.53,6.76,4.311,2.003,0.1487,0.0721,2.431,299.5,16.9
浙江省,杭州市,南苕溪,太湖流域,汪家埠,2021/8/29 12:00,Ⅲ,28.83,6.79,5.083,2.17,0.1277,0.0652,2.172,305.6,14.6
浙江省,杭州市,南苕溪,太湖流域,汪家埠,2021/8/29 16:00,Ⅲ,29.88,6.8,5.78,2.27,0.1263,0.0646,1.989,329.5,13.8
浙江省,杭州市,南苕溪,太湖流域,汪家埠,2021/8/29 20:00,Ⅳ,29.4,6.73,4.619,2.254,0.1628,0.0661,2.059,353.4,13.3
浙江省,杭州市,南苕溪,太湖流域,汪家埠,2021/8/30 0:00,Ⅳ,28.93,6.68,3.964,2.254,0.1628,0.0661,2.059,377.3,15.4
浙江省,杭州市,南苕溪,太湖流域,汪家埠,2021/8/30 4:00,Ⅳ,28.61,6.65,3.443,2.045,0.2028,0.0764,2.244,394.7,15.8
浙江省,杭州市,南苕溪,太湖流域,汪家埠,2021/8/30 8:00,Ⅴ,28.39,6.62,2.87,2.045,0.2567,0.0795,2.592,400.1,13.8
浙江省,杭州市,南苕溪,太湖流域,汪家埠,2021/8/30 12:00,Ⅳ,29.4,6.63,3.055,2.07,0.2376,0.0792,2.271,406.8,13.6
浙江省,杭州市,南苕溪,太湖流域,汪家埠,2021/8/30 16:00,Ⅳ,29.69,6.65,3.172,2.337,0.2508,0.0821,2.186,416.6,12.8
浙江省,杭州市,南苕溪,太湖流域,汪家埠,2021/8/30 20:00,Ⅳ,30.18,6.74,4.527,2.104,0.1839,0.072,2.271,433.4,10.1
浙江省,杭州市,南苕溪,太湖流域,汪家埠,2021/8/31 0:00,Ⅴ,29.02,6.62,2.638,2.104,0.1839,0.072,2.271,453.1,17
浙江省,杭州市,南苕溪,太湖流域,汪家埠,2021/8/31 4:00,Ⅳ,28.72,6.63,3.061,2.312,0.3038,0.0917,2.606,449.1,19.3
浙江省,杭州市,南苕溪,太湖流域,汪家埠,2021/8/31 8:00,Ⅳ,28.39,6.7,4.007,2.104,0.1778,0.0856,2.764,391.7,22.1
浙江省,杭州市,南苕溪,太湖流域,汪家埠,2021/8/31 12:00,Ⅲ,28.93,6.81,5.295,2.087,0.0949,0.0762,2.225,308.7,24.2
浙江省,杭州市,南苕溪,太湖流域,汪家埠,2021/8/31 16:00,Ⅲ,28.77,6.86,5.324,2.329,0.0893,0.0662,2.115,292.8,21.6
浙江省,杭州市,南苕溪,太湖流域,汪家埠,2021/8/31 20:00,Ⅲ,29.2,6.9,5.542,2.078,0.0726,0.0641,2.006,289,18.7
浙江省,杭州市,南苕溪,太湖流域,汪家埠,2021/9/1 0:00,Ⅲ,29.01,6.94,5.727,2.078,0.0726,0.0641,2.006,285.8,18.3
浙江省,杭州市,南苕溪,太湖流域,汪家埠,2021/9/1 4:00,Ⅳ,28.29,6.81,4.406,2.237,0.1149,0.0628,1.994,289,17.5
浙江省,杭州市,南苕溪,太湖流域,汪家埠,2021/9/1 8:00,Ⅳ,28.07,6.73,3.811,2.22,0.1206,0.0788,2.286,293.5,16.6
浙江省,杭州市,南苕溪,太湖流域,汪家埠,2021/9/1 12:00,Ⅳ,29.59,6.75,3.913,2.22,0.1206,0.0788,2.286,302.5,21
浙江省,杭州市,南苕溪,太湖流域,汪家埠,2021/9/1 16:00,Ⅳ,30.68,6.77,4.78,2.346,0.1389,0.0703,2.182,325.1,15.1
浙江省,杭州市,南苕溪,太湖流域,汪家埠,2021/9/1 20:00,Ⅳ,29.49,6.63,3.032,2.312,0.2173,0.0745,2.224,357.5,15.4
浙江省,杭州市,南苕溪,太湖流域,汪家埠,2021/9/2 0:00,Ⅳ,29.49,6.63,3.179,2.312,0.2173,0.0745,2.224,390.1,15.7
浙江省,杭州市,南苕溪,太湖流域,汪家埠,2021/9/2 4:00,Ⅳ,29.21,6.67,3.497,2.521,0.2098,0.0846,2.532,393.5,22.8
浙江省,杭州市,南苕溪,太湖流域,汪家埠,2021/9/2 8:00,Ⅳ,28.72,6.76,4.459,2.521,0.1364,0.086,2.602,343.1,27
浙江省,杭州市,南苕溪,太湖流域,汪家埠,2021/9/2 12:00,Ⅲ,28.93,6.84,5.121,2.454,0.092,0.0735,2.203,297.1,30.6
浙江省,杭州市,南苕溪,太湖流域,汪家埠,2021/9/2 16:00,Ⅳ,28.49,6.82,4.725,2.538,0.1051,0.0719,2.136,289.9,25.1
浙江省,杭州市,南苕溪,太湖流域,汪家埠,2021/9/2 20:00,Ⅳ,28.07,6.77,3.985,2.638,0.1177,0.071,2.146,286,21.6
浙江省,杭州市,南苕溪,太湖流域,汪家埠,2021/9/3 0:00,Ⅳ,27.74,6.74,3.529,2.638,0.1177,0.071,2.146,281.4,19.2
浙江省,杭州市,南苕溪,太湖流域,汪家埠,2021/9/3 4:00,Ⅳ,27.64,6.73,3.698,2.554,0.1278,0.062,2.066,275.6,17.5
浙江省,杭州市,南苕溪,太湖流域,汪家埠,2021/9/3 8:00,Ⅳ,27.64,6.7,3.295,2.329,0.1585,0.0682,2.234,285.6,19.4
浙江省,杭州市,南苕溪,太湖流域,汪家埠,2021/9/3 12:00,Ⅳ,28.61,6.7,3.512,2.354,0.1862,0.071,2.167,313.4,19
浙江省,杭州市,南苕溪,太湖流域,汪家埠,2021/9/3 16:00,Ⅳ,29.59,6.75,4.174,2.538,0.1974,0.0719,2.138,334.2,17
浙江省,杭州市,南苕溪,太湖流域,汪家埠,2021/9/3 20:00,Ⅳ,28.61,6.71,3.574,2.705,0.2276,0.0739,2.201,354.8,15.6
浙江省,杭州市,南苕溪,太湖流域,汪家埠,2021/9/4 0:00,Ⅳ,27.96,6.74,4.097,2.705,0.2276,0.0739,2.201,329.6,19.3
浙江省,杭州市,南苕溪,太湖流域,汪家埠,2021/9/4 4:00,Ⅳ,27.74,6.74,4.125,2.554,0.1475,0.0725,1.975,317,19.8
浙江省,杭州市,南苕溪,太湖流域,汪家埠,2021/9/4 8:00,Ⅳ,27.74,6.76,4.413,2.454,0.126,0.0726,2.456,318.2,22.3
浙江省,杭州市,南苕溪,太湖流域,汪家埠,2021/9/4 12:00,Ⅲ,28.63,6.81,5.061,2.371,0.0968,0.073,2.136,308.3,25.6
浙江省,杭州市,南苕溪,太湖流域,汪家埠,2021/9/4 16:00,Ⅲ,29.11,6.9,5.937,2.437,0.0793,0.0662,2.208,298.2,19.8
浙江省,杭州市,南苕溪,太湖流域,汪家埠,2021/9/4 20:00,Ⅲ,28.29,6.85,5.113,2.429,0.0786,0.0633,1.95,284.8,19.2
浙江省,杭州市,南苕溪,太湖流域,汪家埠,2021/9/5 0:00,Ⅳ,28.19,6.83,4.646,2.429,0.0786,0.0633,1.95,276.2,16.8
浙江省,杭州市,南苕溪,太湖流域,汪家埠,2021/9/5 4:00,Ⅳ,28.29,6.81,4.494,2.579,0.1016,0.0587,1.829,277,16.8
浙江省,杭州市,南苕溪,太湖流域,汪家埠,2021/9/5 8:00,Ⅳ,28.53,6.81,4.398,2.471,0.1104,0.063,2.409,280,21
浙江省,杭州市,南苕溪,太湖流域,汪家埠,2021/9/5 12:00,Ⅲ,29.49,6.93,5.749,2.538,0.0834,0.0684,2.048,282.4,21.9
浙江省,杭州市,南苕溪,太湖流域,汪家埠,2021/9/5 16:00,Ⅲ,29.59,6.91,5.308,2.396,0.0692,0.062,1.874,281.5,21.3
浙江省,杭州市,南苕溪,太湖流域,汪家埠,2021/9/5 20:00,Ⅲ,29.21,6.96,5.076,2.621,0.0708,0.0618,1.746,284.3,21.4
浙江省,杭州市,南苕溪,太湖流域,汪家埠,2021/9/6 0:00,Ⅳ,28.38,6.84,4.489,2.621,0.0708,0.0618,1.746,283.4,20.5
浙江省,杭州市,南苕溪,太湖流域,汪家埠,2021/9/6 4:00,Ⅳ,28.29,6.86,4.571,2.479,0.0814,0.0547,1.739,284.2,18.9
浙江省,杭州市,南苕溪,太湖流域,汪家埠,2021/9/6 8:00,Ⅳ,28.18,6.87,4.705,2.554,0.0907,0.057,2.084,285,20.4
浙江省,杭州市,南苕溪,太湖流域,汪家埠,2021/9/6 12:00,Ⅱ,28.5,7,6.024,2.746,0.0628,0.0673,2.004,283.1,25.5
浙江省,杭州市,南苕溪,太湖流域,汪家埠,2021/9/6 16:00,Ⅱ,28.5,7.06,6.086,2.621,0.064,0.0618,1.79,273.9,22.9
浙江省,杭州市,南苕溪,太湖流域,汪家埠,2021/9/6 20:00,Ⅲ,28.19,6.96,5.387,2.437,0.0673,0.0589,1.907,274.2,20.7
浙江省,杭州市,南苕溪,太湖流域,汪家埠,2021/9/7 0:00,Ⅳ,27.96,6.86,4.65,2.312,0.0762,0.0559,1.87,275.6,17.6
浙江省,杭州市,南苕溪,太湖流域,汪家埠,2021/9/7 4:00,Ⅳ,27.65,6.82,4.281,2.312,0.0781,0.0587,1.742,278.5,17.5
浙江省,杭州市,南苕溪,太湖流域,汪家埠,2021/9/7 8:00,Ⅳ,27.53,6.8,3.97,2.329,0.0913,0.0581,1.987,278.7,15.5
浙江省,杭州市,南苕溪,太湖流域,汪家埠,2021/9/7 12:00,Ⅲ,27.85,6.88,5.109,2.354,0.0705,0.0551,1.732,278.7,13.3
浙江省,杭州市,南苕溪,太湖流域,汪家埠,2021/9/7 16:00,Ⅲ,27.96,6.89,5.19,2.496,0.0841,0.0551,1.756,277.7,15.9
浙江省,杭州市,南苕溪,太湖流域,汪家埠,2021/9/7 20:00,Ⅳ,27.8,6.83,4.634,2.412,0.0952,0.0594,1.75,276.5,17.1
浙江省,杭州市,南苕溪,太湖流域,汪家埠,2021/9/8 0:00,Ⅳ,27.53,6.78,4.196,2.412,0.0947,0.0554,1.765,277.3,13
浙江省,杭州市,南苕溪,太湖流域,汪家埠,2021/9/8 4:00,Ⅳ,27.32,6.71,3.126,2.554,0.1275,0.064,1.801,283.5,15.6
浙江省,杭州市,南苕溪,太湖流域,汪家埠,2021/9/8 8:00,Ⅴ,27,6.66,2.6,2.27,0.1714,0.0674,1.851,292.1,13.6
浙江省,杭州市,南苕溪,太湖流域,汪家埠,2021/9/8 12:00,Ⅳ,27.19,6.7,3.482,2.204,0.1655,0.0679,1.882,290.5,12.9
浙江省,杭州市,南苕溪,太湖流域,汪家埠,2021/9/8 16:00,Ⅳ,27.32,6.66,3.892,2.346,0.1136,0.0698,1.783,306.7,20.5
浙江省,杭州市,南苕溪,太湖流域,汪家埠,2021/9/8 20:00,Ⅳ,27.11,6.65,3.758,2.579,0.1044,0.0688,1.78,309.2,18.7
浙江省,杭州市,南苕溪,太湖流域,汪家埠,2021/9/9 0:00,Ⅳ,26.69,6.66,3.656,2.254,0.1126,0.0702,1.855,313.7,16.4
浙江省,杭州市,南苕溪,太湖流域,汪家埠,2021/9/9 4:00,Ⅳ,26.54,6.66,3.329,2.204,0.1089,0.0682,1.814,313.8,15.1
浙江省,杭州市,南苕溪,太湖流域,汪家埠,2021/9/9 8:00,Ⅳ,26.39,6.68,3.52,2.329,0.1003,0.0684,1.947,312.8,13.9
浙江省,杭州市,南苕溪,太湖流域,汪家埠,2021/9/9 12:00,Ⅳ,27.21,6.73,3.701,2.229,0.1072,0.0677,1.924,308.4,15.9
浙江省,杭州市,南苕溪,太湖流域,汪家埠,2021/9/9 16:00,Ⅳ,27.64,6.78,4.081,2.621,0.1058,0.0668,1.862,306,16.6
浙江省,杭州市,南苕溪,太湖流域,汪家埠,2021/9/9 20:00,Ⅳ,27.33,6.74,4.013,2.437,0.0796,0.0631,1.775,302.9,17.8
浙江省,杭州市,南苕溪,太湖流域,汪家埠,2021/9/10 0:00,Ⅳ,27.21,6.73,3.842,2.329,0.0785,0.0606,1.781,304.1,14.6
浙江省,杭州市,南苕溪,太湖流域,汪家埠,2021/9/10 4:00,Ⅳ,27,6.71,3.568,2.429,0.0703,0.0595,1.89,306.6,12.9
浙江省,杭州市,南苕溪,太湖流域,汪家埠,2021/9/10 8:00,Ⅳ,27,6.76,4.178,2.638,0.0515,0.0583,2.007,306.8,12.7
浙江省,杭州市,南苕溪,太湖流域,汪家埠,2021/9/10 12:00,Ⅳ,27.32,6.78,4.767,2.471,0.0551,0.0573,1.999,318.8,19
浙江省,杭州市,南苕溪,太湖流域,汪家埠,2021/9/10 16:00,Ⅲ,27.42,6.84,5.277,2.496,0.0414,0.0565,1.98,317.6,15.2
浙江省,杭州市,南苕溪,太湖流域,汪家埠,2021/9/10 20:00,Ⅲ,27.11,6.85,5.402,2.621,0.0296,0.0529,1.979,319.2,14.1
浙江省,杭州市,南苕溪,太湖流域,汪家埠,2021/9/11 0:00,Ⅲ,27.11,6.9,5.717,2.78,0.0373,0.0528,1.999,309.1,18.5
浙江省,杭州市,南苕溪,太湖流域,汪家埠,2021/9/11 4:00,Ⅲ,26.8,6.91,5.309,2.554,0.0639,0.0567,1.973,311.2,15.6
浙江省,杭州市,南苕溪,太湖流域,汪家埠,2021/9/11 8:00,Ⅳ,26.9,6.84,4.483,2.78,0.0899,0.0677,2.145,304.1,22.9
浙江省,杭州市,南苕溪,太湖流域,汪家埠,2021/9/11 12:00,Ⅲ,27.21,7,5.136,2.705,0.0632,0.0553,1.743,265.1,20.6
浙江省,杭州市,南苕溪,太湖流域,汪家埠,2021/9/11 16:00,Ⅱ,27.74,7.12,6.171,2.713,0.025,0.0515,1.582,255.6,18
浙江省,杭州市,南苕溪,太湖流域,汪家埠,2021/9/11 20:00,Ⅱ,27.53,7.39,7.419,2.721,0.025,0.0515,1.449,244.2,19.5
浙江省,杭州市,南苕溪,太湖流域,汪家埠,2021/9/12 0:00,Ⅱ,27.85,7.56,7.253,2.638,0.025,0.0541,1.479,242.9,20.3
浙江省,杭州市,南苕溪,太湖流域,汪家埠,2021/9/12 4:00,Ⅳ,27.11,7.18,4.715,2.638,0.025,0.0527,1.556,237.5,20.7
浙江省,杭州市,南苕溪,太湖流域,汪家埠,2021/9/12 8:00,Ⅳ,26.9,7.04,4.29,2.621,0.025,0.0523,1.765,235.9,19.9
浙江省,杭州市,南苕溪,太湖流域,汪家埠,2021/9/12 12:00,Ⅳ,26.8,7.02,4.413,2.454,0.777,0.055,1.622,236.4,20.7
浙江省,杭州市,南苕溪,太湖流域,汪家埠,2021/9/12 16:00,Ⅳ,26.59,7,4.405,2.513,0.371,0.0545,1.681,241,16.1
浙江省,杭州市,南苕溪,太湖流域,汪家埠,2021/9/12 20:00,Ⅳ,26.69,6.96,4.086,2.17,0.3748,0.0518,1.541,244.9,15.3
浙江省,杭州市,南苕溪,太湖流域,汪家埠,2021/9/13 0:00,Ⅳ,26.59,6.99,4.283,2.254,0.0649,0.0606,1.572,249.8,21.9
浙江省,杭州市,南苕溪,太湖流域,汪家埠,2021/9/13 4:00,Ⅱ,26.39,7.05,6.457,2.638,0.0929,0.0707,1.552,240,33.5
浙江省,杭州市,南苕溪,太湖流域,汪家埠,2021/9/13 8:00,Ⅱ,26.18,7.03,6.739,2.396,0.091,0.0736,1.805,239.6,30.2
浙江省,杭州市,南苕溪,太湖流域,汪家埠,2021/9/13 12:00,Ⅱ,26.08,7.02,6.925,2.396,0.1056,0.0703,1.716,238.2,25.4
浙江省,杭州市,南苕溪,太湖流域,汪家埠,2021/9/13 16:00,Ⅱ,26.18,7.06,7.128,2.579,0.0988,0.0678,1.687,243.2,21.9
浙江省,杭州市,南苕溪,太湖流域,汪家埠,2021/9/13 20:00,Ⅱ,26.18,7.07,7.134,2.638,0.0937,0.0649,1.655,244.6,20.4
浙江省,杭州市,南苕溪,太湖流域,汪家埠,2021/9/14 0:00,Ⅱ,26.18,7.13,7.006,2.638,0.0769,0.0639,1.473,243.5,18.8
浙江省,杭州市,南苕溪,太湖流域,汪家埠,2021/9/14 4:00,Ⅱ,26.2,7.11,6.963,2.471,0.0685,0.0626,1.438,244,19.2
浙江省,杭州市,南苕溪,太湖流域,汪家埠,2021/9/14 8:00,Ⅱ,26.28,7.1,7.048,2.596,0.0625,0.0638,1.654,243.9,19.7
浙江省,杭州市,南苕溪,太湖流域,汪家埠,2021/9/14 12:00,Ⅱ,26.28,7.11,7.213,2.638,0.0681,0.0614,1.443,244.2,17.3
浙江省,杭州市,南苕溪,太湖流域,汪家埠,2021/9/14 16:00,Ⅱ,26.39,7.14,7.481,2.604,0.0614,0.0602,1.482,245.9,16.1
浙江省,杭州市,南苕溪,太湖流域,汪家埠,2021/9/14 20:00,Ⅱ,26.39,7.1,7.284,2.571,0.0706,0.0591,1.417,245.9,15.8
浙江省,杭州市,南苕溪,太湖流域,汪家埠,2021/9/15 0:00,Ⅱ,26.08,6.98,6.803,2.479,0.0912,0.0629,1.487,248.2,16.4
浙江省,杭州市,南苕溪,太湖流域,汪家埠,2021/9/15 4:00,Ⅱ,25.78,6.92,6.628,2.788,0.123,0.0699,1.565,250.1,17.8
浙江省,杭州市,南苕溪,太湖流域,汪家埠,2021/9/15 8:00,Ⅱ,25.68,6.91,6.757,2.679,0.1304,0.0711,1.82,250.5,19.6
浙江省,杭州市,南苕溪,太湖流域,汪家埠,2021/9/15 12:00,Ⅱ,25.81,6.93,6.97,2.638,0.1276,0.0704,1.622,250.4,18.7
浙江省,杭州市,南苕溪,太湖流域,汪家埠,2021/9/15 16:00,Ⅱ,26.08,7,7.415,2.788,0.1024,0.0693,1.705,248.6,18.2
浙江省,杭州市,南苕溪,太湖流域,汪家埠,2021/9/15 20:00,Ⅱ,25.88,6.97,7.129,2.638,0.093,0.0681,1.729,246.4,18.7
浙江省,杭州市,南苕溪,太湖流域,汪家埠,2021/9/16 0:00,Ⅱ,25.59,6.93,6.909,2.621,0.0736,0.0713,1.632,247.3,21
浙江省,杭州市,南苕溪,太湖流域,汪家埠,2021/9/16 4:00,Ⅱ,25.44,6.9,6.874,2.496,0.0819,0.0733,1.804,244.7,22.3
浙江省,杭州市,南苕溪,太湖流域,汪家埠,2021/9/16 8:00,Ⅱ,25.45,6.91,6.915,2.304,0.0601,0.0755,1.893,244,23.1
浙江省,杭州市,南苕溪,太湖流域,汪家埠,2021/9/16 12:00,Ⅱ,25.78,6.97,7.411,2.638,0.0482,0.069,1.767,244.2,20.9
浙江省,杭州市,南苕溪,太湖流域,汪家埠,2021/9/16 16:00,Ⅱ,26.08,7.08,8.002,2.513,0.025,0.0658,1.765,246.8,19.2
浙江省,杭州市,南苕溪,太湖流域,汪家埠,2021/9/16 20:00,Ⅱ,25.75,7.01,7.372,2.638,0.0269,0.0672,1.733,244.9,20
浙江省,杭州市,南苕溪,太湖流域,汪家埠,2021/9/17 0:00,Ⅱ,25.39,6.88,6.91,2.563,0.0352,0.0722,1.643,240.2,20
浙江省,杭州市,南苕溪,太湖流域,汪家埠,2021/9/17 4:00,Ⅱ,25.1,6.86,6.922,2.437,0.0335,0.0708,1.734,240.7,20.2
浙江省,杭州市,南苕溪,太湖流域,汪家埠,2021/9/17 8:00,Ⅱ,25.22,6.94,7.225,2.429,0.025,0.0724,1.732,247,19.7
浙江省,杭州市,南苕溪,太湖流域,汪家埠,2021/9/17 12:00,Ⅱ,25.88,7.11,8.049,2.471,0.025,0.0639,1.635,248.4,18.1
浙江省,杭州市,南苕溪,太湖流域,汪家埠,2021/9/17 16:00,Ⅱ,26.39,7.25,8.621,2.487,0.025,0.0643,1.509,244.2,17.3
浙江省,杭州市,南苕溪,太湖流域,汪家埠,2021/9/17 20:00,Ⅱ,25.78,7.13,8.458,2.462,0.2077,0.0645,1.668,244.5,19
浙江省,杭州市,南苕溪,太湖流域,汪家埠,2021/9/18 0:00,Ⅱ,25.2,7.02,8.48,2.496,0.025,0.062,1.699,243.4,18.8
浙江省,杭州市,南苕溪,太湖流域,汪家埠,2021/9/18 4:00,Ⅲ,25.01,6.98,8.257,3.088,0.0308,0.103,1.925,240.7,67.5
浙江省,杭州市,南苕溪,太湖流域,汪家埠,2021/9/18 8:00,Ⅲ,25.1,7.08,8.342,3.088,0.0308,0.103,1.925,251.5,33.2
浙江省,杭州市,南苕溪,太湖流域,汪家埠,2021/9/18 12:00,Ⅱ,25.83,6.93,8.472,2.713,0.0344,0.0711,1.703,258.4,24.4
浙江省,杭州市,南苕溪,太湖流域,汪家埠,2021/9/18 16:00,Ⅱ,27,6.93,8.446,2.346,0.053,0.0668,1.57,273.8,18.1
浙江省,杭州市,南苕溪,太湖流域,汪家埠,2021/9/18 20:00,Ⅱ,26.7,6.79,8.259,2.471,0.083,0.0708,1.639,281.9,19.2
浙江省,杭州市,南苕溪,太湖流域,汪家埠,2021/9/19 0:00,Ⅱ,26.49,6.7,8.171,2.396,0.1694,0.0804,1.713,310.6,20.4
浙江省,杭州市,南苕溪,太湖流域,汪家埠,2021/9/19 4:00,Ⅱ,25.98,6.71,8.306,2.27,0.1869,0.0853,1.895,328.3,21.6
浙江省,杭州市,南苕溪,太湖流域,汪家埠,2021/9/19 8:00,Ⅱ,25.68,6.75,8.11,2.312,0.1676,0.0854,2.016,320,21.8
浙江省,杭州市,南苕溪,太湖流域,汪家埠,2021/9/19 12:00,Ⅱ,25.72,6.8,8.202,2.354,0.1205,0.0756,1.796,312.2,19.6
浙江省,杭州市,南苕溪,太湖流域,汪家埠,2021/9/19 16:00,Ⅱ,26.69,6.84,8.19,2.007,0.1047,0.0765,2.438,311.5,20.5
浙江省,杭州市,南苕溪,太湖流域,汪家埠,2021/9/19 20:00,Ⅱ,26.39,6.83,8.24,2.025,0.11,0.0739,2.358,304.4,19.4
浙江省,杭州市,南苕溪,太湖流域,汪家埠,2021/9/20 0:00,Ⅱ,26.8,6.81,8.406,2.007,0.1325,0.0703,2.286,306.1,17.6
浙江省,杭州市,南苕溪,太湖流域,汪家埠,2021/9/20 4:00,Ⅱ,27.11,6.81,8.29,2.007,0.1483,0.072,2.395,315,16.9
浙江省,杭州市,南苕溪,太湖流域,汪家埠,2021/9/20 8:00,Ⅱ,26.9,6.82,8.254,2.157,0.1465,0.0735,2.474,316.1,18
浙江省,杭州市,南苕溪,太湖流域,汪家埠,2021/9/20 12:00,Ⅱ,27.32,6.86,8.343,1.937,0.1288,0.0692,2.139,305.5,17.3
浙江省,杭州市,南苕溪,太湖流域,汪家埠,2021/9/20 16:00,Ⅱ,27,6.87,8.304,1.981,0.1104,0.0656,2.019,306.2,16.3
浙江省,杭州市,南苕溪,太湖流域,汪家埠,2021/9/20 20:00,Ⅱ,26.69,6.89,8.396,2.007,0.1092,0.0614,1.885,304.1,16.4
浙江省,杭州市,南苕溪,太湖流域,汪家埠,2021/9/21 0:00,Ⅱ,26.9,6.89,8.404,2.007,0.0918,0.058,1.706,299.2,15.5
浙江省,杭州市,南苕溪,太湖流域,汪家埠,2021/9/21 4:00,Ⅱ,27,6.91,8.077,2.333,0.0983,0.0589,1.769,304.7,16.6
浙江省,杭州市,南苕溪,太湖流域,汪家埠,2021/9/21 8:00,Ⅱ,26.69,6.91,8.258,2.095,0.1046,0.0653,2.033,305.5,20.5
浙江省,杭州市,南苕溪,太湖流域,汪家埠,2021/9/21 12:00,Ⅱ,26.69,6.97,8.288,2.465,0.1247,0.0639,1.702,309.4,18.2
浙江省,杭州市,南苕溪,太湖流域,汪家埠,2021/9/21 16:00,Ⅱ,27,6.94,8.367,2.025,0.123,0.065,1.768,314.5,17.9
浙江省,杭州市,南苕溪,太湖流域,汪家埠,2021/9/21 20:00,Ⅱ,26.69,6.87,8.424,2.095,0.1339,0.0651,1.656,304.6,17.2
浙江省,杭州市,南苕溪,太湖流域,汪家埠,2021/9/22 0:00,Ⅱ,26.59,6.84,8.308,2.306,0.1245,0.065,1.625,303.8,16.2
浙江省,杭州市,南苕溪,太湖流域,汪家埠,2021/9/22 4:00,Ⅱ,26.49,6.81,8.212,2.377,0.1359,0.0657,1.62,307.5,16
浙江省,杭州市,南苕溪,太湖流域,汪家埠,2021/9/22 8:00,Ⅱ,26.39,6.82,8.287,2.377,0.1359,0.0657,1.62,312.1,16.2
浙江省,杭州市,南苕溪,太湖流域,汪家埠,2021/9/22 12:00,Ⅱ,27.74,6.84,8.354,2.254,0.1238,0.0706,1.848,311.4,17
浙江省,杭州市,南苕溪,太湖流域,汪家埠,2021/9/22 16:00,Ⅱ,26.8,7.05,8.424,2.403,0.1082,0.0711,1.815,2,2.1
浙江省,杭州市,南苕溪,太湖流域,汪家埠,2021/9/22 20:00,Ⅱ,26.59,6.87,8.572,2.342,0.1252,0.0729,1.998,327.2,18.4
浙江省,杭州市,南苕溪,太湖流域,汪家埠,2021/9/23 0:00,Ⅱ,26.21,6.82,8.225,2.342,0.1252,0.0729,1.998,337.4,16.2
浙江省,杭州市,南苕溪,太湖流域,汪家埠,2021/9/23 4:00,Ⅱ,26.18,6.79,8.246,2.289,0.1946,0.0814,2.126,339.4,19.3
浙江省,杭州市,南苕溪,太湖流域,汪家埠,2021/9/23 8:00,Ⅱ,26.28,6.9,8.171,2.359,0.1056,0.0749,1.814,309.5,20.2
浙江省,杭州市,南苕溪,太湖流域,汪家埠,2021/9/23 12:00,Ⅱ,27.11,6.96,8.425,2.218,0.0902,0.0695,1.73,300.2,17
浙江省,杭州市,南苕溪,太湖流域,汪家埠,2021/9/23 16:00,Ⅱ,27.53,7.01,8.594,2.438,0.0945,0.0699,1.656,300.5,16.3
浙江省,杭州市,南苕溪,太湖流域,汪家埠,2021/9/23 20:00,Ⅱ,27.53,7,8.539,2.526,0.0947,0.0709,1.639,303.1,16.9
浙江省,杭州市,南苕溪,太湖流域,汪家埠,2021/9/24 0:00,Ⅱ,26.5,6.94,8.394,2.35,0.1059,0.0695,1.646,304,15.5
浙江省,杭州市,南苕溪,太湖流域,汪家埠,2021/9/24 4:00,Ⅱ,26.08,6.9,8.236,2.465,0.1051,0.0669,1.591,303,16.3
浙江省,杭州市,南苕溪,太湖流域,汪家埠,2021/9/24 8:00,Ⅱ,25.88,6.85,8.056,2.377,0.1145,0.07,1.737,305.4,17
浙江省,杭州市,南苕溪,太湖流域,汪家埠,2021/9/24 12:00,Ⅱ,26.98,6.87,8.372,2.254,0.1142,0.0677,1.754,308,16.3
浙江省,杭州市,南苕溪,太湖流域,汪家埠,2021/9/24 16:00,Ⅱ,27.85,7,8.648,2.509,0.1002,0.0691,1.667,317.6,17.3
浙江省,杭州市,南苕溪,太湖流域,汪家埠,2021/9/24 20:00,Ⅱ,27.42,7.02,8.631,2.465,0.0884,0.0669,1.701,323.7,19.2
浙江省,杭州市,南苕溪,太湖流域,汪家埠,2021/9/25 0:00,Ⅱ,26.69,6.82,8.231,2.465,0.0884,0.0669,1.701,328.3,19.1
浙江省,杭州市,南苕溪,太湖流域,汪家埠,2021/9/25 4:00,Ⅱ,26.18,6.73,8.179,2.438,0.1638,0.0766,1.884,332.1,18
浙江省,杭州市,南苕溪,太湖流域,汪家埠,2021/9/25 8:00,Ⅱ,25.78,6.71,8.2,2.139,0.1801,0.0802,2.038,333.5,18.4
浙江省,杭州市,南苕溪,太湖流域,汪家埠,2021/9/25 12:00,Ⅱ,27,6.77,8.332,2.306,0.1746,0.0799,1.988,331.7,18.1
浙江省,杭州市,南苕溪,太湖流域,汪家埠,2021/9/25 16:00,Ⅱ,27.53,6.8,8.398,2.289,0.1669,0.0793,1.921,331.2,19.4
浙江省,杭州市,南苕溪,太湖流域,汪家埠,2021/9/25 20:00,Ⅱ,26.9,6.83,8.307,2.315,0.1691,0.0815,1.98,336.3,21.5
浙江省,杭州市,南苕溪,太湖流域,汪家埠,2021/9/26 0:00,Ⅱ,26.28,6.8,8.342,2.315,0.1691,0.0815,1.98,345,15.3
浙江省,杭州市,南苕溪,太湖流域,汪家埠,2021/9/26 4:00,Ⅱ,25.98,6.74,8.381,2.289,0.1918,0.0819,2.083,355.8,18
浙江省,杭州市,南苕溪,太湖流域,汪家埠,2021/9/26 8:00,Ⅱ,25.98,6.74,8.1,2.271,0.1987,0.0877,2.479,361.4,23.3
浙江省,杭州市,南苕溪,太湖流域,汪家埠,2021/9/26 12:00,Ⅱ,27.21,6.79,8.451,2.218,0.1744,0.0809,2.456,362.6,18.5
浙江省,杭州市,南苕溪,太湖流域,汪家埠,2021/9/26 16:00,Ⅱ,27.64,6.74,8.416,2.377,0.1621,0.0822,2.394,362.1,17.8
浙江省,杭州市,南苕溪,太湖流域,汪家埠,2021/9/26 20:00,Ⅱ,27.32,6.85,8.429,2.306,0.1354,0.0771,2.103,361.9,17.9
浙江省,杭州市,南苕溪,太湖流域,汪家埠,2021/9/27 0:00,Ⅱ,26.49,6.77,8.388,2.236,0.1468,0.0798,2.197,360.1,17.1
浙江省,杭州市,南苕溪,太湖流域,汪家埠,2021/9/27 4:00,Ⅱ,26.28,6.73,8.101,2.157,0.1503,0.0821,2.084,355.7,19.4
浙江省,杭州市,南苕溪,太湖流域,汪家埠,2021/9/27 8:00,Ⅱ,26.18,6.74,8.074,2.201,0.1413,0.0832,2.042,344.5,20.7
浙江省,杭州市,南苕溪,太湖流域,汪家埠,2021/9/27 12:00,Ⅱ,27.02,6.78,8.303,2.104,0.1288,0.0794,1.972,338.8,21.1
浙江省,杭州市,南苕溪,太湖流域,汪家埠,2021/9/27 16:00,Ⅱ,28.18,6.85,8.521,2.306,0.1164,0.0742,1.875,336.9,17.7
浙江省,杭州市,南苕溪,太湖流域,汪家埠,2021/9/27 20:00,Ⅱ,27.64,6.9,8.399,2.236,0.1043,0.0711,1.876,340.6,17.8
浙江省,杭州市,南苕溪,太湖流域,汪家埠,2021/9/28 0:00,Ⅱ,26.69,6.82,8.273,2.289,0.1109,0.0711,1.849,340.5,15.9
浙江省,杭州市,南苕溪,太湖流域,汪家埠,2021/9/28 4:00,Ⅱ,26.49,6.76,8.328,2.157,0.1285,0.0765,1.728,340,17.1
浙江省,杭州市,南苕溪,太湖流域,汪家埠,2021/9/28 8:00,Ⅱ,26.28,6.76,8.204,2.201,0.1388,0.0812,2.032,336,21.9
浙江省,杭州市,南苕溪,太湖流域,汪家埠,2021/9/28 12:00,Ⅱ,27.42,6.81,8.461,2.377,0.1185,0.0879,1.791,336,18.9
浙江省,杭州市,南苕溪,太湖流域,汪家埠,2021/9/28 16:00,Ⅱ,28.29,6.87,8.538,2.157,0.1063,0.0784,1.826,337.7,19.3
浙江省,杭州市,南苕溪,太湖流域,汪家埠,2021/9/28 20:00,Ⅱ,28.05,6.89,8.551,2.157,0.1063,0.0784,1.826,343.2,25.3
浙江省,杭州市,南苕溪,太湖流域,汪家埠,2021/9/29 0:00,Ⅱ,27,6.85,8.544,2.597,0.1234,0.0881,2.039,344.7,27.1
浙江省,杭州市,南苕溪,太湖流域,汪家埠,2021/9/29 4:00,Ⅱ,26.69,6.78,8.585,2.218,0.1314,0.0831,1.973,346.3,21
浙江省,杭州市,南苕溪,太湖流域,汪家埠,2021/9/29 8:00,Ⅱ,26.59,6.77,8.568,2.069,0.1478,0.083,2.097,341.8,22.6
浙江省,杭州市,南苕溪,太湖流域,汪家埠,2021/9/29 12:00,Ⅱ,27.42,6.78,8.314,2.447,0.1647,0.089,2,340.2,29.8
浙江省,杭州市,南苕溪,太湖流域,汪家埠,2021/9/29 16:00,Ⅱ,27.42,6.84,8.464,2.289,0.1572,0.0879,2.034,339,28.7
浙江省,杭州市,南苕溪,太湖流域,汪家埠,2021/9/29 20:00,Ⅱ,27,6.87,8.267,2.614,0.1549,0.0872,2.068,329.7,26.7
浙江省,杭州市,南苕溪,太湖流域,汪家埠,2021/9/30 0:00,Ⅱ,26.9,6.84,8.276,2.614,0.1549,0.0872,2.068,311.4,22.4
浙江省,杭州市,南苕溪,太湖流域,汪家埠,2021/9/30 4:00,Ⅱ,26.51,6.83,8.173,2.896,0.1567,0.089,1.989,318.3,29.7
浙江省,杭州市,南苕溪,太湖流域,汪家埠,2021/9/30 8:00,Ⅱ,25.98,6.85,8.262,2.658,0.1845,0.0871,2.103,325.7,25
浙江省,杭州市,南苕溪,太湖流域,汪家埠,2021/9/30 12:00,Ⅱ,27.21,6.89,8.405,2.835,0.1637,0.0796,2.004,327.3,20.2
浙江省,杭州市,南苕溪,太湖流域,汪家埠,2021/9/30 16:00,Ⅱ,27.85,6.92,8.435,2.755,0.1523,0.0765,1.865,327.8,16.3
浙江省,杭州市,南苕溪,太湖流域,汪家埠,2021/9/30 20:00,Ⅱ,27.32,7.03,8.652,2.835,0.1375,0.0718,1.953,323.3,18.4
浙江省,杭州市,南苕溪,太湖流域,汪家埠,2021/10/1 0:00,Ⅱ,26.39,6.85,8.371,2.764,0.1946,0.0766,1.85,323.4,20.7
浙江省,杭州市,南苕溪,太湖流域,汪家埠,2021/10/1 4:00,Ⅱ,25.98,6.79,8.354,2.852,0.2314,0.0836,2.114,328.8,19.2
浙江省,杭州市,南苕溪,太湖流域,汪家埠,2021/10/1 8:00,Ⅱ,25.68,6.78,8.312,2.764,0.2456,0.0851,2.183,326,19.1
浙江省,杭州市,南苕溪,太湖流域,汪家埠,2021/10/1 12:00,Ⅱ,26.85,6.83,8.402,2.614,0.1923,0.0817,2.089,327,16.6
浙江省,杭州市,南苕溪,太湖流域,汪家埠,2021/10/1 16:00,Ⅱ,27.74,6.86,8.379,2.729,0.1882,0.0862,1.983,330.5,17
浙江省,杭州市,南苕溪,太湖流域,汪家埠,2021/10/1 20:00,Ⅱ,27.53,6.91,8.609,2.614,0.156,0.0799,1.927,337.5,20
浙江省,杭州市,南苕溪,太湖流域,汪家埠,2021/10/2 0:00,Ⅱ,26.49,6.91,8.608,2.526,0.1303,0.0773,1.889,342,22.1
浙江省,杭州市,南苕溪,太湖流域,汪家埠,2021/10/2 4:00,Ⅱ,26.08,6.86,8.521,2.614,0.147,0.0818,1.999,342,27.3
浙江省,杭州市,南苕溪,太湖流域,汪家埠,2021/10/2 8:00,Ⅱ,25.88,6.81,8.238,2.509,0.163,0.0862,2.048,342.3,22.1
浙江省,杭州市,南苕溪,太湖流域,汪家埠,2021/10/2 12:00,Ⅱ,26.49,6.83,8.258,2.526,0.1518,0.0782,1.964,341.1,20
浙江省,杭州市,南苕溪,太湖流域,汪家埠,2021/10/2 16:00,Ⅱ,27.53,6.91,8.769,2.438,0.1212,0.0725,1.874,340.8,18.3
浙江省,杭州市,南苕溪,太湖流域,汪家埠,2021/10/2 20:00,Ⅱ,27.53,7.01,8.777,2.676,0.0904,0.0728,1.646,337.3,19.6
浙江省,杭州市,南苕溪,太湖流域,汪家埠,2021/10/3 0:00,Ⅱ,26.59,6.93,8.595,2.438,0.1065,0.0739,1.675,338.2,23
浙江省,杭州市,南苕溪,太湖流域,汪家埠,2021/10/3 4:00,Ⅱ,26.28,6.89,8.517,2.526,0.1151,0.0742,1.636,338,23.2
浙江省,杭州市,南苕溪,太湖流域,汪家埠,2021/10/3 8:00,Ⅱ,25.98,6.83,8.463,2.289,0.1462,0.0792,1.879,338.4,22.2
浙江省,杭州市,南苕溪,太湖流域,汪家埠,2021/10/3 12:00,Ⅱ,27.32,6.86,8.588,2.368,0.1328,0.0777,1.819,336.6,20.8
浙江省,杭州市,南苕溪,太湖流域,汪家埠,2021/10/3 16:00,Ⅱ,27.74,6.91,8.868,2.377,0.1294,0.0783,1.742,336.2,21.3
浙江省,杭州市,南苕溪,太湖流域,汪家埠,2021/10/3 20:00,Ⅱ,27.96,7.06,8.653,2.676,0.0804,0.0712,1.551,323.5,22.7
浙江省,杭州市,南苕溪,太湖流域,汪家埠,2021/10/4 0:00,Ⅱ,26.8,7.02,8.691,2.526,0.0835,0.0724,1.491,322.6,22.4
浙江省,杭州市,南苕溪,太湖流域,汪家埠,2021/10/4 4:00,Ⅱ,26.28,6.94,8.468,2.835,0.099,0.0764,1.513,323.1,24.3
浙江省,杭州市,南苕溪,太湖流域,汪家埠,2021/10/4 8:00,Ⅱ,25.88,6.89,8.304,2.438,0.1155,0.0752,1.692,322.9,20.2
浙江省,杭州市,南苕溪,太湖流域,汪家埠,2021/10/4 12:00,Ⅱ,27.11,6.9,8.543,2.201,0.1107,0.075,1.603,327.4,18
浙江省,杭州市,南苕溪,太湖流域,汪家埠,2021/10/4 16:00,Ⅱ,27.53,6.95,8.906,2.544,0.1082,0.0771,1.481,329.4,20.1
浙江省,杭州市,南苕溪,太湖流域,汪家埠,2021/10/4 20:00,Ⅱ,27.32,6.98,8.909,2.403,0.0873,0.0734,1.451,332,18.8
浙江省,杭州市,南苕溪,太湖流域,汪家埠,2021/10/5 0:00,Ⅱ,27,6.94,8.637,2.676,0.0945,0.0775,1.436,333.7,22.7
浙江省,杭州市,南苕溪,太湖流域,汪家埠,2021/10/5 4:00,Ⅱ,26.49,6.89,8.474,2.614,0.1132,0.0814,1.531,335.2,22.8
浙江省,杭州市,南苕溪,太湖流域,汪家埠,2021/10/5 8:00,Ⅱ,26.15,6.85,8.412,2.456,0.1289,0.0833,1.8,334.5,22.2
浙江省,杭州市,南苕溪,太湖流域,汪家埠,2021/10/5 12:00,Ⅱ,27.31,6.86,8.514,2.306,0.1204,0.076,1.736,338.9,17.3
浙江省,杭州市,南苕溪,太湖流域,汪家埠,2021/10/5 16:00,Ⅱ,27.74,6.94,8.847,2.421,0.1227,0.0787,1.601,336.5,19.6
浙江省,杭州市,南苕溪,太湖流域,汪家埠,2021/10/5 20:00,Ⅱ,27,6.92,8.721,2.658,0.1063,0.0752,1.6,336.3,20.6
浙江省,杭州市,南苕溪,太湖流域,汪家埠,2021/10/6 0:00,Ⅱ,26.69,6.9,8.602,2.456,0.107,0.0753,1.59,335.6,20.7
浙江省,杭州市,南苕溪,太湖流域,汪家埠,2021/10/6 4:00,Ⅱ,26.39,6.9,8.556,2.456,0.1137,0.0798,1.623,337.8,23.2
浙江省,杭州市,南苕溪,太湖流域,汪家埠,2021/10/6 8:00,Ⅱ,25.98,6.86,8.499,2.526,0.1313,0.0801,1.736,337,21.2
浙江省,杭州市,南苕溪,太湖流域,汪家埠,2021/10/6 12:00,Ⅱ,26.59,6.86,8.49,2.447,0.1268,0.0773,1.715,338.1,19.2
浙江省,杭州市,南苕溪,太湖流域,汪家埠,2021/10/6 16:00,Ⅱ,26.69,6.87,8.483,2.394,0.1383,0.0821,1.686,339.7,25
浙江省,杭州市,南苕溪,太湖流域,汪家埠,2021/10/6 20:00,Ⅱ,26.39,6.87,8.519,2.394,0.1244,0.0817,1.722,342.1,22.9
浙江省,杭州市,南苕溪,太湖流域,汪家埠,2021/10/7 0:00,Ⅱ,26.39,6.82,8.533,2.394,0.1244,0.0817,1.722,363.2,25.2
浙江省,杭州市,南苕溪,太湖流域,汪家埠,2021/10/7 4:00,Ⅱ,26.08,6.82,8.476,2.57,0.1313,0.0778,1.565,354.7,36.2
浙江省,杭州市,南苕溪,太湖流域,汪家埠,2021/10/7 8:00,Ⅱ,26.08,6.85,8.339,2.306,0.1414,0.0822,1.826,344.1,30.8
浙江省,杭州市,南苕溪,太湖流域,汪家埠,2021/10/7 12:00,Ⅱ,26.8,6.89,8.396,2.394,0.1425,0.0904,1.753,337.4,29.2
浙江省,杭州市,南苕溪,太湖流域,汪家埠,2021/10/7 16:00,Ⅱ,27.21,6.95,8.567,2.738,0.1282,0.0877,1.694,338,24.8
浙江省,杭州市,南苕溪,太湖流域,汪家埠,2021/10/7 20:00,Ⅱ,26.69,6.88,8.378,2.694,0.137,0.0899,1.776,336.8,30.6
浙江省,杭州市,南苕溪,太湖流域,汪家埠,2021/10/8 0:00,Ⅱ,26.18,6.86,8.425,2.694,0.137,0.0899,1.776,333.1,21.2
浙江省,杭州市,南苕溪,太湖流域,汪家埠,2021/10/8 4:00,Ⅱ,25.98,6.87,8.424,2.614,0.145,0.0866,1.616,335,24.2
浙江省,杭州市,南苕溪,太湖流域,汪家埠,2021/10/8 8:00,Ⅱ,25.98,6.85,8.449,2.465,0.1715,0.0921,1.881,342.6,25.9
浙江省,杭州市,南苕溪,太湖流域,汪家埠,2021/10/8 12:00,Ⅱ,26.69,6.89,8.468,2.738,0.1499,0.0915,1.83,343.3,24.5
浙江省,杭州市,南苕溪,太湖流域,汪家埠,2021/10/8 16:00,Ⅱ,26.96,6.91,8.47,2.597,0.1421,0.0898,1.864,348.2,24
浙江省,杭州市,南苕溪,太湖流域,汪家埠,2021/10/8 20:00,Ⅱ,26.39,6.89,8.5,2.676,0.1468,0.0936,1.736,357.3,24.8
浙江省,杭州市,南苕溪,太湖流域,汪家埠,2021/10/9 0:00,Ⅱ,25.88,6.86,8.448,2.676,0.1468,0.0936,1.736,358.3,31.8
浙江省,杭州市,南苕溪,太湖流域,汪家埠,2021/10/9 4:00,Ⅱ,25.78,6.87,8.468,2.456,0.1523,0.0961,1.873,353.1,27
浙江省,杭州市,南苕溪,太湖流域,汪家埠,2021/10/9 8:00,Ⅱ,25.78,6.86,8.409,2.57,0.1551,0.0958,2.123,345.8,28.3
浙江省,杭州市,南苕溪,太湖流域,汪家埠,2021/10/9 12:00,Ⅱ,26.8,6.91,8.437,2.377,0.1252,0.0927,1.917,333.2,28.3
浙江省,杭州市,南苕溪,太湖流域,汪家埠,2021/10/9 16:00,Ⅱ,27.11,6.94,8.801,2.377,0.129,0.0942,1.858,335.7,27.9
浙江省,杭州市,南苕溪,太湖流域,汪家埠,2021/10/9 20:00,Ⅱ,27.11,6.95,8.547,2.676,0.1368,0.0896,2.042,347.1,25.1
浙江省,杭州市,南苕溪,太湖流域,汪家埠,2021/10/10 0:00,Ⅲ,26.49,6.89,8.479,2.588,0.1593,0.1011,1.887,350.5,30.5
浙江省,杭州市,南苕溪,太湖流域,汪家埠,2021/10/10 4:00,Ⅱ,26.19,6.87,8.5,2.465,0.1599,0.0947,1.92,348.3,28.6
浙江省,杭州市,南苕溪,太湖流域,汪家埠,2021/10/10 8:00,Ⅲ,26.28,6.84,8.457,2.377,0.1726,0.1206,2.02,348,29.3
浙江省,杭州市,南苕溪,太湖流域,汪家埠,2021/10/10 12:00,Ⅱ,26.49,6.85,8.417,2.658,0.1615,0.0963,2.153,345.4,28.7
浙江省,杭州市,南苕溪,太湖流域,汪家埠,2021/10/10 16:00,Ⅱ,26.59,6.91,8.473,2.526,0.1456,0.0957,1.773,333.6,28.9
浙江省,杭州市,南苕溪,太湖流域,汪家埠,2021/10/10 20:00,Ⅲ,26.18,6.87,8.441,2.746,0.154,0.1043,1.991,338.6,37.6
浙江省,杭州市,南苕溪,太湖流域,汪家埠,2021/10/11 0:00,Ⅱ,25.78,6.88,8.483,2.914,0.1601,0.0955,2.103,314.3,32.4
浙江省,杭州市,南苕溪,太湖流域,汪家埠,2021/10/11 4:00,Ⅱ,25.59,6.88,8.388,2.808,0.1429,0.0975,1.988,325.1,30.3
浙江省,杭州市,南苕溪,太湖流域,汪家埠,2021/10/11 8:00,Ⅲ,25.1,6.9,8.263,2.57,0.1476,0.101,1.812,326.7,31.2
浙江省,杭州市,南苕溪,太湖流域,汪家埠,2021/10/11 12:00,Ⅱ,24.72,6.87,8.361,2.676,0.1715,0.0976,2.056,333.6,32.9
浙江省,杭州市,南苕溪,太湖流域,汪家埠,2021/10/11 16:00,Ⅱ,24.44,6.86,8.149,2.72,0.1767,0.0978,1.898,337.8,33.9
浙江省,杭州市,南苕溪,太湖流域,汪家埠,2021/10/11 20:00,Ⅱ,23.88,6.93,8.412,2.614,0.1792,0.0943,1.906,339.4,30.4
浙江省,杭州市,南苕溪,太湖流域,汪家埠,2021/10/12 0:00,Ⅱ,23.7,6.87,8.153,2.835,0.1906,0.0958,1.921,335.4,32.6
浙江省,杭州市,南苕溪,太湖流域,汪家埠,2021/10/12 4:00,Ⅱ,23.43,6.87,8.068,2.967,0.2105,0.0946,1.917,338.5,30.1
浙江省,杭州市,南苕溪,太湖流域,汪家埠,2021/10/12 8:00,Ⅱ,23.16,6.86,7.93,2.738,0.236,0.0955,2.076,339.3,30.9
浙江省,杭州市,南苕溪,太湖流域,汪家埠,2021/10/12 12:00,Ⅱ,23.06,6.86,7.805,2.606,0.2385,0.0955,2.064,346.4,30
浙江省,杭州市,南苕溪,太湖流域,汪家埠,2021/10/12 16:00,Ⅱ,22.74,6.86,8.194,3.063,0.2255,0.0981,1.966,351.1,31.6
浙江省,杭州市,南苕溪,太湖流域,汪家埠,2021/10/12 20:00,Ⅱ,22.54,6.86,7.985,2.641,0.2062,0.0938,1.905,351.8,28.7
浙江省,杭州市,南苕溪,太湖流域,汪家埠,2021/10/13 0:00,Ⅱ,22.33,6.86,7.864,2.694,0.1812,0.0934,2.002,352.7,27.7
浙江省,杭州市,南苕溪,太湖流域,汪家埠,2021/10/13 4:00,Ⅱ,22.13,6.88,7.969,2.614,0.167,0.0922,1.912,350.9,25.4
浙江省,杭州市,南苕溪,太湖流域,汪家埠,2021/10/13 8:00,Ⅱ,21.93,6.9,8.089,2.377,0.1767,0.0925,2.008,353.7,25.6
浙江省,杭州市,南苕溪,太湖流域,汪家埠,2021/10/13 12:00,Ⅱ,22.03,6.9,7.967,2.658,0.1664,0.0917,1.902,350.8,26.4
浙江省,杭州市,南苕溪,太湖流域,汪家埠,2021/10/13 16:00,Ⅱ,22.13,6.91,8.141,2.755,0.1654,0.0909,1.821,348.1,23.2
浙江省,杭州市,南苕溪,太湖流域,汪家埠,2021/10/13 20:00,Ⅱ,22.03,6.91,8.21,2.694,0.1628,0.0919,1.784,344.5,24.8
浙江省,杭州市,南苕溪,太湖流域,汪家埠,2021/10/14 0:00,Ⅱ,22.13,6.93,8.063,2.694,0.1572,0.0933,1.8,340.2,24.2
浙江省,杭州市,南苕溪,太湖流域,汪家埠,2021/10/14 4:00,Ⅱ,22.24,6.92,7.979,2.544,0.1568,0.0933,1.779,344.4,27.4
浙江省,杭州市,南苕溪,太湖流域,汪家埠,2021/10/14 8:00,Ⅱ,22.33,6.91,8.047,2.377,0.1606,0.0928,1.805,346.2,26
浙江省,杭州市,南苕溪,太湖流域,汪家埠,2021/10/14 12:00,Ⅱ,22.85,6.92,8.091,2.676,0.1598,0.0913,1.721,346.3,23.1
浙江省,杭州市,南苕溪,太湖流域,汪家埠,2021/10/14 16:00,Ⅱ,23.43,6.94,8.06,2.368,0.1504,0.092,1.736,343.8,23.7
浙江省,杭州市,南苕溪,太湖流域,汪家埠,2021/10/14 20:00,Ⅱ,23.61,6.93,7.848,2.702,0.1491,0.0914,1.702,350.3,27
浙江省,杭州市,南苕溪,太湖流域,汪家埠,2021/10/15 0:00,Ⅱ,23.52,6.91,7.896,2.702,0.1491,0.0914,1.702,361.7,28.3
浙江省,杭州市,南苕溪,太湖流域,汪家埠,2021/10/15 4:00,Ⅱ,23.61,6.91,7.975,2.702,0.1841,0.0949,2.077,363.7,33.9
浙江省,杭州市,南苕溪,太湖流域,汪家埠,2021/10/15 8:00,Ⅱ,23.57,6.88,7.977,2.553,0.1854,0.0958,2.139,362.4,33.4
浙江省,杭州市,南苕溪,太湖流域,汪家埠,2021/10/15 12:00,Ⅱ,23.98,6.88,7.988,2.676,0.1765,0.0978,2.001,361.1,34.2
浙江省,杭州市,南苕溪,太湖流域,汪家埠,2021/10/15 16:00,Ⅱ,24.25,6.91,7.989,2.676,0.1605,0.097,2.013,361.2,33.2
浙江省,杭州市,南苕溪,太湖流域,汪家埠,2021/10/15 20:00,Ⅱ,24.06,6.9,8.261,2.606,0.1614,0.0968,1.939,364.9,34.7
浙江省,杭州市,南苕溪,太湖流域,汪家埠,2021/10/16 0:00,Ⅱ,23.88,6.89,7.935,2.606,0.1614,0.0968,1.939,372.8,38.6
浙江省,杭州市,南苕溪,太湖流域,汪家埠,2021/10/16 4:00,Ⅱ,23.7,6.88,7.883,2.588,0.1594,0.0968,2.06,374.8,37.1
浙江省,杭州市,南苕溪,太湖流域,汪家埠,2021/10/16 8:00,Ⅱ,23.52,6.88,7.94,2.359,0.1666,0.0956,2.214,372.9,36.9
浙江省,杭州市,南苕溪,太湖流域,汪家埠,2021/10/16 12:00,Ⅱ,23.34,6.9,8.056,2.526,0.1564,0.0967,1.943,366.7,34.5
浙江省,杭州市,南苕溪,太湖流域,汪家埠,2021/10/16 16:00,Ⅱ,22.97,6.89,8.114,2.808,0.1632,0.0958,1.908,358.7,34
浙江省,杭州市,南苕溪,太湖流域,汪家埠,2021/10/16 20:00,Ⅱ,22.54,6.9,8.233,2.896,0.168,0.0969,1.749,345.8,32.1
浙江省,杭州市,南苕溪,太湖流域,汪家埠,2021/10/17 0:00,Ⅱ,22.23,6.89,8.36,2.896,0.168,0.0969,1.749,344.1,30.6
浙江省,杭州市,南苕溪,太湖流域,汪家埠,2021/10/17 4:00,Ⅲ,21.63,6.9,8.476,2.967,0.214,0.102,1.896,349.1,31.4
浙江省,杭州市,南苕溪,太湖流域,汪家埠,2021/10/17 8:00,Ⅱ,21.14,6.89,8.535,2.553,0.2329,0.0998,2.123,355.3,29.5
浙江省,杭州市,南苕溪,太湖流域,汪家埠,2021/10/17 12:00,Ⅱ,21.43,6.91,8.411,2.57,0.236,0.0991,1.946,361.5,29.2
浙江省,杭州市,南苕溪,太湖流域,汪家埠,2021/10/17 16:00,Ⅱ,21.63,6.92,8.339,2.438,0.2229,0.0956,1.876,360.8,27
浙江省,杭州市,南苕溪,太湖流域,汪家埠,2021/10/17 20:00,Ⅱ,21.13,6.89,8.358,2.676,0.2088,0.0973,1.895,369.2,26.7
浙江省,杭州市,南苕溪,太湖流域,汪家埠,2021/10/18 0:00,Ⅱ,20.85,6.88,8.51,2.676,0.2088,0.0973,1.895,383.1,26.5
浙江省,杭州市,南苕溪,太湖流域,汪家埠,2021/10/18 4:00,Ⅲ,20.38,6.85,8.491,2.632,0.277,0.101,2.105,392.3,28.1
浙江省,杭州市,南苕溪,太湖流域,汪家埠,2021/10/18 8:00,Ⅲ,19.91,6.84,8.419,2.658,0.3143,0.1034,2.264,401.3,25.6
浙江省,杭州市,南苕溪,太湖流域,汪家埠,2021/10/18 12:00,Ⅱ,20.28,6.88,8.46,2.658,0.2875,0.0951,2.063,397.1,20.7
浙江省,杭州市,南苕溪,太湖流域,汪家埠,2021/10/18 16:00,Ⅱ,20.75,6.89,8.287,2.509,0.2769,0.0925,2.06,397.8,17.4
浙江省,杭州市,南苕溪,太湖流域,汪家埠,2021/10/18 20:00,Ⅱ,20.38,6.87,8.28,2.746,0.2829,0.095,2.061,401,19.6
浙江省,杭州市,南苕溪,太湖流域,汪家埠,2021/10/19 0:00,Ⅱ,20,6.85,8.218,2.746,0.2829,0.095,2.061,405.8,19.7
浙江省,杭州市,南苕溪,太湖流域,汪家埠,2021/10/19 4:00,Ⅱ,19.7,6.83,8.318,2.614,0.3084,0.0977,2.05,411.9,20.7
浙江省,杭州市,南苕溪,太湖流域,汪家埠,2021/10/19 8:00,Ⅱ,19.38,6.82,8.27,2.35,0.3467,0.096,2.391,418.1,19
浙江省,杭州市,南苕溪,太湖流域,汪家埠,2021/10/19 12:00,Ⅱ,19.91,6.87,8.839,2.306,0.3146,0.0858,2.565,418,15.4
浙江省,杭州市,南苕溪,太湖流域,汪家埠,2021/10/19 16:00,劣Ⅴ,20.11,6.87,8.597,2.306,0.3378,0.5,2.565,418.1,15.9
浙江省,杭州市,南苕溪,太湖流域,汪家埠,2021/10/19 20:00,Ⅳ,19.91,6.83,4.346,2.579,0.3173,0.0958,2.492,421.6,15.7
浙江省,杭州市,南苕溪,太湖流域,汪家埠,2021/10/20 0:00,Ⅳ,19.59,6.82,4.251,2.579,0.3173,0.0958,2.492,422.9,15.8
浙江省,杭州市,南苕溪,太湖流域,汪家埠,2021/10/20 4:00,Ⅳ,19.49,6.81,4.239,2.306,0.3127,0.0935,2.401,425.7,16
浙江省,杭州市,南苕溪,太湖流域,汪家埠,2021/10/20 8:00,Ⅳ,19.38,6.78,3.898,2.289,0.5962,0.1061,2.919,439.8,17.1
浙江省,杭州市,南苕溪,太湖流域,汪家埠,2021/10/20 12:00,Ⅳ,19.07,6.78,4.127,2.647,0.5883,0.1089,2.754,432,15.1
浙江省,杭州市,南苕溪,太湖流域,汪家埠,2021/10/20 16:00,Ⅳ,18.66,6.8,4.596,2.374,0.3495,0.09,2.457,417.9,17.4
浙江省,杭州市,南苕溪,太湖流域,汪家埠,2021/10/20 20:00,Ⅳ,18.16,6.8,4.851,2.434,0.3362,0.0887,2.369,397.9,20.6
浙江省,杭州市,南苕溪,太湖流域,汪家埠,2021/10/21 0:00,Ⅲ,17.65,6.82,5.441,2.391,0.3234,0.0884,2.278,381.9,24.1
浙江省,杭州市,南苕溪,太湖流域,汪家埠,2021/10/21 4:00,Ⅲ,17.38,6.84,5.768,2.434,0.3414,0.0925,2.291,377.5,22.4
浙江省,杭州市,南苕溪,太湖流域,汪家埠,2021/10/21 8:00,Ⅲ,17.38,6.86,5.902,2.143,0.3357,0.0945,2.683,381.5,21.5
浙江省,杭州市,南苕溪,太湖流域,汪家埠,2021/10/21 12:00,Ⅱ,17.97,6.9,6.188,2.032,0.3284,0.0981,2.8,408.5,20.4
浙江省,杭州市,南苕溪,太湖流域,汪家埠,2021/10/21 16:00,Ⅱ,18.46,6.93,6.359,2.161,0.3199,0.0988,2.915,415.1,18.8
浙江省,杭州市,南苕溪,太湖流域,汪家埠,2021/10/21 20:00,Ⅲ,17.47,6.84,5.526,2.161,0.3199,0.0988,2.915,405.2,23.1
浙江省,杭州市,南苕溪,太湖流域,汪家埠,2021/10/22 8:00,Ⅲ,17.57,6.84,5.205,2.186,0.4106,0.0981,2.818,403.9,13.3
浙江省,杭州市,南苕溪,太湖流域,汪家埠,2021/10/22 12:00,Ⅲ,17.77,6.85,5.534,1.99,0.3834,0.0916,2.768,400,12.4
浙江省,杭州市,南苕溪,太湖流域,汪家埠,2021/10/22 16:00,Ⅲ,18.06,6.86,5.698,1.947,0.3643,0.0878,2.639,399.5,11.2
浙江省,杭州市,南苕溪,太湖流域,汪家埠,2021/10/22 20:00,Ⅱ,17.97,6.9,6.088,2.101,0.3007,0.0946,2.756,429.7,11.9
浙江省,杭州市,南苕溪,太湖流域,汪家埠,2021/10/23 0:00,Ⅲ,17.67,6.88,5.364,2.161,0.3174,0.095,2.692,427.9,15.4
浙江省,杭州市,南苕溪,太湖流域,汪家埠,2021/10/23 4:00,Ⅲ,17.38,6.9,5.64,2.161,0.3255,0.0979,2.671,438.2,15.5
浙江省,杭州市,南苕溪,太湖流域,汪家埠,2021/10/23 8:00,Ⅲ,17.28,6.91,5.736,2.143,0.3206,0.1001,2.989,442.4,13.7
浙江省,杭州市,南苕溪,太湖流域,汪家埠,2021/10/23 12:00,Ⅲ,18.06,6.95,6.389,2.374,0.2821,0.1018,2.921,446.4,12.7
浙江省,杭州市,南苕溪,太湖流域,汪家埠,2021/10/23 16:00,Ⅲ,18.57,7.02,7.845,2.579,0.2639,0.1078,2.679,413,39.1
浙江省,杭州市,南苕溪,太湖流域,汪家埠,2021/10/23 20:00,Ⅱ,18.56,6.99,7.368,2.374,0.264,0.0982,2.675,400.2,26.5
浙江省,杭州市,南苕溪,太湖流域,汪家埠,2021/10/24 0:00,Ⅱ,18.46,6.98,7.093,2.511,0.2657,0.0948,2.645,398.2,25.3
浙江省,杭州市,南苕溪,太湖流域,汪家埠,2021/10/24 4:00,Ⅱ,18.36,6.97,6.754,2.536,0.2605,0.0961,2.46,393.7,24.9
浙江省,杭州市,南苕溪,太湖流域,汪家埠,2021/10/24 8:00,Ⅱ,18.33,6.98,6.793,2.357,0.1981,0.0886,2.323,373.9,21.9
浙江省,杭州市,南苕溪,太湖流域,汪家埠,2021/10/24 12:00,Ⅱ,18.97,7.01,6.968,2.143,0.1661,0.0869,2.093,367.4,19
浙江省,杭州市,南苕溪,太湖流域,汪家埠,2021/10/24 16:00,Ⅱ,19.59,7.05,7.162,2.161,0.158,0.0861,2.007,367.3,16.5
浙江省,杭州市,南苕溪,太湖流域,汪家埠,2021/10/24 20:00,Ⅱ,19.07,7.01,6.7,2.22,0.1508,0.0863,1.812,368.7,20.6
浙江省,杭州市,南苕溪,太湖流域,汪家埠,2021/10/25 0:00,Ⅱ,18.77,7.01,6.623,2.161,0.1488,0.0817,1.804,370.2,15
浙江省,杭州市,南苕溪,太湖流域,汪家埠,2021/10/25 4:00,Ⅱ,18.56,6.99,6.506,2.118,0.1631,0.0836,1.986,376.1,16.9
浙江省,杭州市,南苕溪,太湖流域,汪家埠,2021/10/25 8:00,Ⅱ,18.46,6.97,6.489,2.229,0.1745,0.0892,2.261,382.5,18.9
浙江省,杭州市,南苕溪,太湖流域,汪家埠,2021/10/25 12:00,Ⅱ,19.59,6.99,6.864,2.075,0.163,0.0875,2.138,387.9,17.3
浙江省,杭州市,南苕溪,太湖流域,汪家埠,2021/10/25 16:00,Ⅱ,20.09,6.9,7.038,2.246,0.1628,0.089,1.983,389.9,16.4
浙江省,杭州市,南苕溪,太湖流域,汪家埠,2021/10/25 20:00,Ⅱ,19.49,6.87,6.702,2.178,0.1661,0.0866,2.191,391.5,17.7
浙江省,杭州市,南苕溪,太湖流域,汪家埠,2021/10/26 0:00,Ⅱ,18.97,6.84,6.577,2.178,0.1661,0.0866,2.191,396.5,21.6
浙江省,杭州市,南苕溪,太湖流域,汪家埠,2021/10/26 4:00,Ⅱ,18.77,6.84,6.686,2.143,0.1743,0.0861,2.082,396.4,22
浙江省,杭州市,南苕溪,太湖流域,汪家埠,2021/10/26 8:00,Ⅱ,18.66,6.86,6.79,2.357,0.1515,0.0876,2.272,388.6,22.7
浙江省,杭州市,南苕溪,太湖流域,汪家埠,2021/10/26 16:00,Ⅱ,20.1,6.87,7.485,2.272,0.1388,0.0921,2.116,387.6,18.9
浙江省,杭州市,南苕溪,太湖流域,汪家埠,2021/10/26 20:00,Ⅱ,19.81,6.91,7.121,2.161,0.1238,0.0871,1.928,385,18.2
浙江省,杭州市,南苕溪,太湖流域,汪家埠,2021/10/27 0:00,Ⅱ,19.18,6.87,6.742,2.161,0.1238,0.0871,1.928,387.5,18.9
浙江省,杭州市,南苕溪,太湖流域,汪家埠,2021/10/27 4:00,Ⅱ,19.07,6.85,6.944,2.374,0.1218,0.0851,2.202,397.6,20
浙江省,杭州市,南苕溪,太湖流域,汪家埠,2021/10/27 8:00,Ⅱ,19.18,6.84,6.756,2.348,0.136,0.0857,2.432,406.7,21.1
浙江省,杭州市,南苕溪,太湖流域,汪家埠,2021/10/27 12:00,Ⅱ,19.73,6.84,6.797,2.143,0.1494,0.0861,2.243,414.3,20.5
浙江省,杭州市,南苕溪,太湖流域,汪家埠,2021/10/27 16:00,Ⅱ,20,6.86,6.845,2.143,0.1523,0.0864,2.369,416.6,19.8
浙江省,杭州市,南苕溪,太湖流域,汪家埠,2021/10/27 20:00,Ⅱ,19.7,6.83,6.563,2.365,0.1623,0.0912,2.411,420.4,23.6
浙江省,杭州市,南苕溪,太湖流域,汪家埠,2021/10/28 0:00,Ⅱ,19.49,6.83,6.549,2.365,0.1534,0.087,2.332,417.8,20.8
浙江省,杭州市,南苕溪,太湖流域,汪家埠,2021/10/28 4:00,Ⅱ,19.28,6.83,6.646,2.289,0.1453,0.0858,2.185,411.4,20.8
浙江省,杭州市,南苕溪,太湖流域,汪家埠,2021/10/28 8:00,Ⅱ,19.18,6.85,6.692,2.161,0.1424,0.0842,2.318,406.1,19.1
浙江省,杭州市,南苕溪,太湖流域,汪家埠,2021/10/28 12:00,Ⅱ,19.59,6.88,6.897,2.237,0.1249,0.0839,2.213,398.9,17.4
浙江省,杭州市,南苕溪,太湖流域,汪家埠,2021/10/28 16:00,Ⅱ,19.59,6.88,6.836,2.246,0.1235,0.083,2.029,395.2,19.2
浙江省,杭州市,南苕溪,太湖流域,汪家埠,2021/10/28 20:00,Ⅱ,19.38,6.87,6.66,2.306,0.1208,0.0814,2.107,396.8,18.5
浙江省,杭州市,南苕溪,太湖流域,汪家埠,2021/10/29 0:00,Ⅱ,19.18,6.84,6.668,2.289,0.1347,0.0822,2.235,402.6,20.5
浙江省,杭州市,南苕溪,太湖流域,汪家埠,2021/10/29 4:00,Ⅱ,18.97,6.83,6.72,2.468,0.1248,0.0797,2.439,405,18.9
浙江省,杭州市,南苕溪,太湖流域,汪家埠,2021/10/29 8:00,Ⅱ,18.77,6.82,6.572,2.246,0.1054,0.0731,2.279,408.3,14.9
浙江省,杭州市,南苕溪,太湖流域,汪家埠,2021/10/29 12:00,Ⅱ,19.81,6.85,6.641,2.246,0.11,0.0775,2.038,407.2,16.4
浙江省,杭州市,南苕溪,太湖流域,汪家埠,2021/10/29 16:00,Ⅱ,19.81,6.87,6.764,2.289,0.1228,0.0839,2.169,403.6,22.5
浙江省,杭州市,南苕溪,太湖流域,汪家埠,2021/10/29 20:00,Ⅱ,19.38,6.86,6.625,2.596,0.1227,0.0847,2.127,401.5,23.2
浙江省,杭州市,南苕溪,太湖流域,汪家埠,2021/10/30 0:00,Ⅱ,19.18,6.85,6.461,2.451,0.124,0.0806,2.229,402.1,21.3
浙江省,杭州市,南苕溪,太湖流域,汪家埠,2021/10/30 4:00,Ⅱ,18.97,6.84,6.47,2.451,0.1241,0.0837,2.124,405.5,21.4
浙江省,杭州市,南苕溪,太湖流域,汪家埠,2021/10/30 8:00,Ⅱ,18.87,6.83,6.492,2.237,0.1238,0.0824,2.267,406.9,20.3
浙江省,杭州市,南苕溪,太湖流域,汪家埠,2021/10/30 12:00,Ⅱ,19.92,6.84,6.445,2.306,0.1296,0.0852,2.359,406,24.7
浙江省,杭州市,南苕溪,太湖流域,汪家埠,2021/10/30 16:00,Ⅱ,20.47,6.86,6.665,2.459,0.1238,0.0847,2.324,404.8,23
浙江省,杭州市,南苕溪,太湖流域,汪家埠,2021/10/30 20:00,Ⅱ,19.91,6.87,6.709,2.468,0.1312,0.0826,2.153,404.9,18.3
浙江省,杭州市,南苕溪,太湖流域,汪家埠,2021/10/31 0:00,Ⅱ,19.38,6.83,6.57,2.468,0.1312,0.0826,2.153,407.9,21.2
浙江省,杭州市,南苕溪,太湖流域,汪家埠,2021/10/31 4:00,Ⅱ,18.87,6.81,6.353,2.536,0.1431,0.086,2.215,410,20
浙江省,杭州市,南苕溪,太湖流域,汪家埠,2021/10/31 8:00,Ⅱ,18.66,6.81,6.309,2.22,0.1435,0.0853,2.315,414.7,19.2
浙江省,杭州市,南苕溪,太湖流域,汪家埠,2021/10/31 12:00,Ⅱ,19.81,6.82,6.509,2.263,0.1493,0.081,2.419,421.4,20
浙江省,杭州市,南苕溪,太湖流域,汪家埠,2021/10/31 16:00,Ⅱ,20.38,6.84,6.367,2.365,0.1667,0.0819,2.413,420.8,20.6
浙江省,杭州市,南苕溪,太湖流域,汪家埠,2021/10/31 20:00,Ⅱ,20,6.87,6.683,2.365,0.1546,0.0878,2.446,415.7,22.2
浙江省,杭州市,南苕溪,太湖流域,汪家埠,2021/11/1 0:00,Ⅱ,19.38,6.83,6.519,2.605,0.1465,0.0869,2.28,414.5,20.4
浙江省,杭州市,南苕溪,太湖流域,汪家埠,2021/11/1 4:00,Ⅱ,19.07,6.85,6.9,2.536,0.1488,0.0885,2.321,412.8,24.1
浙江省,杭州市,南苕溪,太湖流域,汪家埠,2021/11/1 8:00,Ⅱ,18.97,6.86,6.821,2.519,0.1387,0.0884,2.494,410.2,22.7
浙江省,杭州市,南苕溪,太湖流域,汪家埠,2021/11/1 12:00,Ⅱ,20,6.92,7.085,2.519,0.1196,0.088,2.22,400.7,22.5
浙江省,杭州市,南苕溪,太湖流域,汪家埠,2021/11/1 16:00,Ⅱ,20.28,6.94,7.16,2.519,0.1279,0.0883,2.095,398.6,21.9
浙江省,杭州市,南苕溪,太湖流域,汪家埠,2021/11/1 20:00,Ⅱ,20,6.94,7.086,2.434,0.172,0.0913,2.17,399.7,18.2
浙江省,杭州市,南苕溪,太湖流域,汪家埠,2021/11/2 0:00,Ⅱ,19.49,6.87,6.603,2.434,0.172,0.0913,2.17,399.2,20.4
浙江省,杭州市,南苕溪,太湖流域,汪家埠,2021/11/2 4:00,Ⅲ,19.28,6.85,6.605,2.596,0.2946,0.1038,2.275,400.7,19.6
浙江省,杭州市,南苕溪,太湖流域,汪家埠,2021/11/2 8:00,Ⅲ,19.28,6.83,6.319,2.434,0.338,0.1081,2.392,401.9,21.1
浙江省,杭州市,南苕溪,太湖流域,汪家埠,2021/11/2 12:00,Ⅲ,19.49,6.83,6.465,2.596,0.3326,0.1103,2.096,401.6,20.6
浙江省,杭州市,南苕溪,太湖流域,汪家埠,2021/11/2 16:00,Ⅲ,19.59,6.83,6.222,2.596,0.3627,0.1085,2.104,400.8,18.5
浙江省,杭州市,南苕溪,太湖流域,汪家埠,2021/11/2 20:00,Ⅲ,19.28,6.84,6.397,2.622,0.2986,0.1051,1.943,391.5,21.8
浙江省,杭州市,南苕溪,太湖流域,汪家埠,2021/11/3 0:00,Ⅲ,18.97,6.86,6.635,2.699,0.277,0.102,1.88,378.4,21.4
浙江省,杭州市,南苕溪,太湖流域,汪家埠,2021/11/3 4:00,Ⅲ,18.87,6.88,6.905,2.852,0.287,0.1096,1.853,369.8,20.5
浙江省,杭州市,南苕溪,太湖流域,汪家埠,2021/11/3 8:00,Ⅲ,18.87,6.81,5.996,2.323,0.2806,0.0952,1.994,389.8,18.7
浙江省,杭州市,南苕溪,太湖流域,汪家埠,2021/11/3 12:00,Ⅲ,19.28,6.79,5.773,2.605,0.2973,0.0923,1.987,395.6,19.8
浙江省,杭州市,南苕溪,太湖流域,汪家埠,2021/11/3 16:00,Ⅲ,18.98,6.85,5.822,2.459,0.2292,0.0893,1.762,364.5,29.8
浙江省,杭州市,南苕溪,太湖流域,汪家埠,2021/11/3 20:00,Ⅱ,18.77,6.94,6.323,2.477,0.1544,0.0803,1.493,356.5,22.7
浙江省,杭州市,南苕溪,太湖流域,汪家埠,2021/11/4 0:00,Ⅱ,18.49,6.97,6.338,2.613,0.1879,0.085,1.637,359.2,19.2
浙江省,杭州市,南苕溪,太湖流域,汪家埠,2021/11/4 4:00,Ⅱ,18.46,6.93,6.285,2.553,0.2315,0.0891,1.525,369.3,17.6
浙江省,杭州市,南苕溪,太湖流域,汪家埠,2021/11/4 8:00,Ⅱ,18.46,6.9,6.204,2.664,0.2586,0.088,1.813,377.4,17.1
浙江省,杭州市,南苕溪,太湖流域,汪家埠,2021/11/4 12:00,Ⅱ,18.89,6.91,6.266,2.622,0.2455,0.0876,1.755,376.6,12.9
浙江省,杭州市,南苕溪,太湖流域,汪家埠,2021/11/4 16:00,Ⅱ,19.18,6.93,6.343,2.536,0.2915,0.0882,1.625,371.6,11.6
浙江省,杭州市,南苕溪,太湖流域,汪家埠,2021/11/4 20:00,Ⅲ,18.85,6.91,5.822,2.468,0.1911,0.0785,1.605,359.6,14.2
浙江省,杭州市,南苕溪,太湖流域,汪家埠,2021/11/5 0:00,Ⅱ,18.66,6.93,6.168,2.468,0.1574,0.0726,1.53,353.7,14.4
浙江省,杭州市,南苕溪,太湖流域,汪家埠,2021/11/5 4:00,Ⅱ,18.66,6.94,6.298,2.579,0.1657,0.0766,1.508,355.4,14.7
浙江省,杭州市,南苕溪,太湖流域,汪家埠,2021/11/5 8:00,Ⅱ,18.87,6.94,6.625,0.41,0.1961,0.0807,1.641,364.1,14.7
浙江省,杭州市,南苕溪,太湖流域,汪家埠,2021/11/5 12:00,Ⅲ,19.33,6.95,6.64,0.41,0.8336,0.0759,1.656,367.2,11.8
浙江省,杭州市,南苕溪,太湖流域,汪家埠,2021/11/5 16:00,Ⅲ,19.59,6.95,6.718,0.41,0.8336,0.0759,1.656,371.7,11.3
浙江省,杭州市,南苕溪,太湖流域,汪家埠,2021/11/5 20:00,Ⅱ,19.59,6.91,6.352,0.25,0.2093,0.0829,1.847,384.8,13
浙江省,杭州市,南苕溪,太湖流域,汪家埠,2021/11/6 0:00,Ⅱ,19.81,6.89,6.389,1.746,0.1762,0.08,1.774,391,15.7
浙江省,杭州市,南苕溪,太湖流域,汪家埠,2021/11/6 4:00,Ⅱ,19.49,6.88,6.266,1.26,0.1876,0.0781,2.013,401.1,17.1
浙江省,杭州市,南苕溪,太湖流域,汪家埠,2021/11/6 8:00,Ⅱ,19.49,6.87,6.153,1.216,0.1889,0.0753,1.956,402.9,18.3
浙江省,杭州市,南苕溪,太湖流域,汪家埠,2021/11/6 12:00,Ⅱ,19.81,6.88,6.188,1.216,0.1839,0.0757,1.935,403.3,17
浙江省,杭州市,南苕溪,太湖流域,汪家埠,2021/11/6 16:00,Ⅱ,20.02,6.89,6.278,2.059,0.1882,0.0736,1.893,404.8,18.5
浙江省,杭州市,南苕溪,太湖流域,汪家埠,2021/11/6 20:00,Ⅲ,19.91,6.87,5.951,1.338,0.1978,0.0767,1.978,405.3,19.7
浙江省,杭州市,南苕溪,太湖流域,汪家埠,2021/11/7 0:00,Ⅲ,19.81,6.85,5.915,1.416,0.2147,0.0746,1.856,407,22
浙江省,杭州市,南苕溪,太湖流域,汪家埠,2021/11/7 4:00,Ⅱ,19.81,6.86,6.114,1.564,0.2098,0.0858,1.908,406.9,22.5
浙江省,杭州市,南苕溪,太湖流域,汪家埠,2021/11/7 8:00,Ⅱ,19.91,6.87,6.282,0.921,0.1996,0.0815,2.024,402.6,22
浙江省,杭州市,南苕溪,太湖流域,汪家埠,2021/11/7 12:00,Ⅱ,20.38,6.89,6.465,1.216,0.1802,0.0793,2.115,396.6,20.7
浙江省,杭州市,南苕溪,太湖流域,汪家埠,2021/11/7 16:00,Ⅱ,20,6.91,6.406,0.973,0.1845,0.0773,2.002,393.2,20.9
浙江省,杭州市,南苕溪,太湖流域,汪家埠,2021/11/7 20:00,Ⅱ,19.49,6.89,6.285,2.146,0.1893,0.0859,1.957,392.5,22.4
浙江省,杭州市,南苕溪,太湖流域,汪家埠,2021/11/8 0:00,Ⅱ,18.97,6.88,6.352,2.146,0.1893,0.0859,1.957,392.1,24.1
浙江省,杭州市,南苕溪,太湖流域,汪家埠,2021/11/8 4:00,Ⅱ,18.36,6.9,6.555,2.328,0.188,0.0809,2.144,393.3,24.5
浙江省,杭州市,南苕溪,太湖流域,汪家埠,2021/11/8 8:00,Ⅱ,17.87,6.91,6.604,1.694,0.1888,0.0764,2.225,392.6,24.5
浙江省,杭州市,南苕溪,太湖流域,汪家埠,2021/11/8 12:00,Ⅱ,17.67,6.92,6.767,2.511,0.1857,0.0919,2.288,387.1,22.4
浙江省,杭州市,南苕溪,太湖流域,汪家埠,2021/11/8 16:00,Ⅱ,17.67,6.99,6.959,1.581,0.175,0.0831,2.209,392.6,23.3
浙江省,杭州市,南苕溪,太湖流域,汪家埠,2021/11/8 20:00,Ⅱ,17.18,6.93,7.032,1.868,0.169,0.0762,2.201,390.1,22.6
浙江省,杭州市,南苕溪,太湖流域,汪家埠,2021/11/9 0:00,Ⅱ,16.52,6.94,7.032,1.573,0.1626,0.0765,2.255,391.2,21
浙江省,杭州市,南苕溪,太湖流域,汪家埠,2021/11/9 4:00,Ⅱ,15.82,6.97,7.447,1.555,0.1639,0.076,2.334,398.2,20.9
浙江省,杭州市,南苕溪,太湖流域,汪家埠,2021/11/9 8:00,Ⅱ,15.4,6.96,7.272,1.034,0.1645,0.0752,2.53,396.2,20.9
浙江省,杭州市,南苕溪,太湖流域,汪家埠,2021/11/9 12:00,Ⅱ,16.04,7,7.625,1.851,0.1581,0.0747,2.44,391.5,20.4
浙江省,杭州市,南苕溪,太湖流域,汪家埠,2021/11/9 16:00,Ⅱ,16.32,7,7.632,1.738,0.1686,0.0784,2.32,389.2,19.9
浙江省,杭州市,南苕溪,太湖流域,汪家埠,2021/11/9 20:00,Ⅱ,15.72,6.97,7.504,2.381,0.1733,0.0758,2.224,394.1,18.9
浙江省,杭州市,南苕溪,太湖流域,汪家埠,2021/11/10 0:00,Ⅱ,15.19,6.96,7.6,1.998,0.1679,0.0747,2.22,398.1,18.8
浙江省,杭州市,南苕溪,太湖流域,汪家埠,2021/11/10 4:00,Ⅱ,14.77,6.97,7.695,1.894,0.1708,0.0784,2.39,400.4,19
浙江省,杭州市,南苕溪,太湖流域,汪家埠,2021/11/10 8:00,Ⅱ,14.45,6.98,7.806,1.364,0.1683,0.0756,2.554,398.1,22.1
浙江省,杭州市,南苕溪,太湖流域,汪家埠,2021/11/10 12:00,Ⅱ,15.32,7.01,7.906,0.712,0.1256,0.0919,2.583,393.5,30.7
浙江省,杭州市,南苕溪,太湖流域,汪家埠,2021/11/10 16:00,Ⅱ,15.93,7.04,7.882,1.911,0.1558,0.095,2.55,391.6,28.3
浙江省,杭州市,南苕溪,太湖流域,汪家埠,2021/11/10 20:00,Ⅱ,15.4,6.99,7.464,2.085,0.1589,0.0695,2.411,392.6,25.8
浙江省,杭州市,南苕溪,太湖流域,汪家埠,2021/11/11 0:00,Ⅱ,15.08,6.98,7.404,2.085,0.1589,0.0695,2.411,393.6,22.3
浙江省,杭州市,南苕溪,太湖流域,汪家埠,2021/11/11 4:00,Ⅱ,14.77,6.95,7.2,2.337,0.1586,0.0862,2.188,394.1,22.5
浙江省,杭州市,南苕溪,太湖流域,汪家埠,2021/11/11 8:00,Ⅱ,14.45,6.96,7.214,2.129,0.1584,0.0727,2.454,395.4,18.1
浙江省,杭州市,南苕溪,太湖流域,汪家埠,2021/11/11 12:00,Ⅱ,15.51,6.99,7.59,2.024,0.1462,0.0707,2.324,395.3,14.7
浙江省,杭州市,南苕溪,太湖流域,汪家埠,2021/11/11 16:00,Ⅱ,16.52,7.03,7.878,2.189,0.1385,0.0713,2.258,394.6,13.1
浙江省,杭州市,南苕溪,太湖流域,汪家埠,2021/11/11 20:00,Ⅱ,16.04,7.03,7.741,1.868,0.154,0.0711,2.063,395.4,14.6
浙江省,杭州市,南苕溪,太湖流域,汪家埠,2021/11/12 0:00,Ⅱ,15.72,7.04,7.829,2.146,0.143,0.0731,2.072,393,14.4
浙江省,杭州市,南苕溪,太湖流域,汪家埠,2021/11/12 4:00,Ⅱ,15.29,7.01,7.446,2.25,0.1442,0.0726,2.09,392.6,14.1
浙江省,杭州市,南苕溪,太湖流域,汪家埠,2021/11/12 8:00,Ⅱ,14.98,6.94,6.677,1.729,0.1575,0.072,2.442,396,16.8
浙江省,杭州市,南苕溪,太湖流域,汪家埠,2021/11/12 12:00,Ⅱ,15.82,6.99,7.59,1.998,0.1434,0.0697,2.229,390.8,13.6
浙江省,杭州市,南苕溪,太湖流域,汪家埠,2021/11/12 16:00,Ⅱ,16.7,7.01,7.539,2.641,0.139,0.0695,2.098,391.4,12.8
浙江省,杭州市,南苕溪,太湖流域,汪家埠,2021/11/12 20:00,Ⅱ,16.14,7.02,7.497,2.459,0.1534,0.0732,2.09,392.1,11.8
浙江省,杭州市,南苕溪,太湖流域,汪家埠,2021/11/13 0:00,Ⅱ,15.61,7,7.211,2.685,0.1505,0.0725,2.087,392.5,11.8
浙江省,杭州市,南苕溪,太湖流域,汪家埠,2021/11/13 4:00,Ⅱ,15.19,6.98,7.044,2.163,0.1509,0.0717,2.084,391.6,11.8
浙江省,杭州市,南苕溪,太湖流域,汪家埠,2021/11/13 8:00,Ⅱ,14.98,6.94,6.807,1.825,0.1541,0.0702,2.207,393.5,13
浙江省,杭州市,南苕溪,太湖流域,汪家埠,2021/11/13 12:00,Ⅱ,15.61,6.98,7.264,1.677,0.1604,0.0707,2.258,393.1,11.9
浙江省,杭州市,南苕溪,太湖流域,汪家埠,2021/11/13 16:00,Ⅱ,16.33,7.01,7.394,2.25,0.1646,0.0735,2.16,394.1,11.2
浙江省,杭州市,南苕溪,太湖流域,汪家埠,2021/11/13 20:00,Ⅱ,15.61,6.97,6.975,2.893,0.159,0.069,2.082,395.4,11.8
浙江省,杭州市,南苕溪,太湖流域,汪家埠,2021/11/14 0:00,Ⅱ,15.29,6.96,7.121,2.32,0.1659,0.0726,2.245,409,14.4
浙江省,杭州市,南苕溪,太湖流域,汪家埠,2021/11/14 4:00,Ⅱ,15.29,6.95,7.201,2.372,0.1714,0.0717,2.398,425.7,15.6
浙江省,杭州市,南苕溪,太湖流域,汪家埠,2021/11/14 8:00,Ⅱ,15.1,6.94,7.102,2.598,0.1847,0.0718,2.629,434.1,16.7
浙江省,杭州市,南苕溪,太湖流域,汪家埠,2021/11/14 12:00,Ⅱ,15.93,6.94,7.069,2.259,0.194,0.0731,2.677,448.1,15.6
浙江省,杭州市,南苕溪,太湖流域,汪家埠,2021/11/14 16:00,Ⅱ,16.89,6.93,7.354,2.728,0.2303,0.0766,2.674,473.1,15.4
浙江省,杭州市,南苕溪,太湖流域,汪家埠,2021/11/14 20:00,Ⅱ,16.33,6.93,7.385,2.676,0.2444,0.0809,2.952,483.8,17.1
浙江省,杭州市,南苕溪,太湖流域,汪家埠,2021/11/15 0:00,Ⅱ,15.72,6.9,7.207,2.876,0.2538,0.0813,2.989,491.9,16.1
浙江省,杭州市,南苕溪,太湖流域,汪家埠,2021/11/15 4:00,Ⅱ,15.4,6.89,7.426,2.346,0.2839,0.0865,3.127,497.3,18.3
浙江省,杭州市,南苕溪,太湖流域,汪家埠,2021/11/15 8:00,Ⅱ,15.4,6.9,7.562,2.042,0.2885,0.0815,3.367,489.7,20.6
浙江省,杭州市,南苕溪,太湖流域,汪家埠,2021/11/15 12:00,Ⅱ,16.52,6.94,7.692,2.259,0.2713,0.0835,3.173,469.8,19.8
浙江省,杭州市,南苕溪,太湖流域,汪家埠,2021/11/15 16:00,Ⅱ,17.09,6.96,7.646,2.58,0.2599,0.0829,2.78,458.8,18.6
浙江省,杭州市,南苕溪,太湖流域,汪家埠,2021/11/15 20:00,Ⅱ,16.42,6.97,7.554,2.641,0.2416,0.0847,2.642,445.1,20.6
浙江省,杭州市,南苕溪,太湖流域,汪家埠,2021/11/16 0:00,Ⅱ,15.93,6.94,7.242,3.11,0.2397,0.0819,2.641,442.6,19.2
浙江省,杭州市,南苕溪,太湖流域,汪家埠,2021/11/16 4:00,Ⅱ,15.61,6.95,7.727,2.728,0.2328,0.0811,2.427,429.3,19.1
浙江省,杭州市,南苕溪,太湖流域,汪家埠,2021/11/16 8:00,Ⅱ,15.61,6.97,7.824,2.554,0.2209,0.0787,2.672,425.6,19.9
浙江省,杭州市,南苕溪,太湖流域,汪家埠,2021/11/16 12:00,Ⅱ,16.23,6.99,7.909,2.328,0.2038,0.0764,2.361,421.5,17.9
浙江省,杭州市,南苕溪,太湖流域,汪家埠,2021/11/16 16:00,Ⅱ,16.52,7.01,7.935,2.659,0.1909,0.077,2.2,420.3,17.7
浙江省,杭州市,南苕溪,太湖流域,汪家埠,2021/11/16 20:00,Ⅱ,16.33,7.01,7.818,2.398,0.1847,0.0754,2.174,420.8,14.9
浙江省,杭州市,南苕溪,太湖流域,汪家埠,2021/11/17 0:00,Ⅱ,15.84,6.96,7.453,2.78,0.1712,0.0713,2.204,421.4,13.6
浙江省,杭州市,南苕溪,太湖流域,汪家埠,2021/11/17 4:00,Ⅱ,15.61,6.98,7.834,2.32,0.1693,0.0705,2.119,416.6,15.5
浙江省,杭州市,南苕溪,太湖流域,汪家埠,2021/11/17 8:00,Ⅱ,15.4,6.99,7.902,2.146,0.1778,0.0723,2.356,411.6,16.4
浙江省,杭州市,南苕溪,太湖流域,汪家埠,2021/11/17 12:00,Ⅱ,15.72,6.99,7.946,2.58,0.171,0.0752,2.244,408.9,16.3
浙江省,杭州市,南苕溪,太湖流域,汪家埠,2021/11/17 16:00,Ⅱ,15.93,7,7.89,2.58,0.1682,0.0759,2.244,409.2,18.2
浙江省,杭州市,南苕溪,太湖流域,汪家埠,2021/11/17 20:00,Ⅱ,15.82,7,7.761,1.372,0.1548,0.005,2.927,402.6,19.2
浙江省,杭州市,南苕溪,太湖流域,汪家埠,2021/11/18 0:00,Ⅱ,15.72,6.98,7.625,1.797,0.1527,0.0718,2.56,402.5,20.4
浙江省,杭州市,南苕溪,太湖流域,汪家埠,2021/11/18 4:00,Ⅱ,15.51,6.96,7.664,1.14,0.1687,0.0747,2.52,408.4,18.4
浙江省,杭州市,南苕溪,太湖流域,汪家埠,2021/11/18 8:00,Ⅱ,15.4,6.95,7.782,1.768,0.1831,0.0722,2.814,413.8,19.2
浙江省,杭州市,南苕溪,太湖流域,汪家埠,2021/11/18 12:00,Ⅱ,15.72,6.97,8.031,2.242,0.1676,0.0726,2.644,412.6,19.2
浙江省,杭州市,南苕溪,太湖流域,汪家埠,2021/11/18 16:00,Ⅱ,16.04,6.97,7.952,2.097,0.1555,0.07,2.361,410.8,17.3
浙江省,杭州市,南苕溪,太湖流域,汪家埠,2021/11/18 20:00,Ⅱ,15.91,6.95,7.769,1.72,0.1404,0.0707,2.242,408,16.4
浙江省,杭州市,南苕溪,太湖流域,汪家埠,2021/11/19 0:00,Ⅱ,15.82,6.94,7.693,2.657,0.1688,0.0686,2.05,409.1,17
浙江省,杭州市,南苕溪,太湖流域,汪家埠,2021/11/19 4:00,Ⅱ,15.72,6.94,7.72,1.961,0.1893,0.0704,2.116,410.2,18.3
浙江省,杭州市,南苕溪,太湖流域,汪家埠,2021/11/19 8:00,Ⅱ,15.61,6.93,7.637,1.391,0.194,0.0708,2.592,410.3,18.4
浙江省,杭州市,南苕溪,太湖流域,汪家埠,2021/11/19 12:00,Ⅱ,16.19,6.94,7.815,1.391,0.194,0.0708,2.592,412.6,18.3
浙江省,杭州市,南苕溪,太湖流域,汪家埠,2021/11/19 16:00,Ⅱ,16.7,6.94,7.65,1.623,0.1803,0.073,1.906,411.5,16.3
浙江省,杭州市,南苕溪,太湖流域,汪家埠,2021/11/19 20:00,Ⅱ,16.61,6.94,7.509,1.507,0.1744,0.0731,1.962,412.8,15.4
浙江省,杭州市,南苕溪,太湖流域,汪家埠,2021/11/20 0:00,Ⅱ,16.23,6.91,7.235,1.324,0.1842,0.0736,2.032,414.8,16.4
浙江省,杭州市,南苕溪,太湖流域,汪家埠,2021/11/20 4:00,Ⅱ,16.14,6.91,7.574,1.623,0.1997,0.0779,2.137,416.9,20.1
浙江省,杭州市,南苕溪,太湖流域,汪家埠,2021/11/20 8:00,Ⅱ,16.14,6.91,7.442,1.034,0.2244,0.0759,2.557,415.5,18.6
浙江省,杭州市,南苕溪,太湖流域,汪家埠,2021/11/20 12:00,Ⅱ,16.89,6.93,7.579,1.575,0.1806,0.0747,2.459,413.2,17.1
浙江省,杭州市,南苕溪,太湖流域,汪家埠,2021/11/20 16:00,Ⅱ,17.34,6.95,7.701,1.575,0.179,0.0775,2.057,410,16.9
浙江省,杭州市,南苕溪,太湖流域,汪家埠,2021/11/20 20:00,Ⅱ,17.09,6.96,7.615,1.575,0.1743,0.0762,1.982,408.6,17.2
浙江省,杭州市,南苕溪,太湖流域,汪家埠,2021/11/21 0:00,Ⅱ,16.99,6.94,7.217,1.575,0.1887,0.0798,2.083,409.1,16.4
浙江省,杭州市,南苕溪,太湖流域,汪家埠,2021/11/21 4:00,Ⅱ,16.8,6.94,7.52,1.575,0.1939,0.079,2.152,408.6,21
浙江省,杭州市,南苕溪,太湖流域,汪家埠,2021/11/21 8:00,Ⅱ,16.99,6.93,7.41,1.575,0.2391,0.0855,2.528,403.2,24.3
浙江省,杭州市,南苕溪,太湖流域,汪家埠,2021/11/21 12:00,Ⅱ,18.36,7.17,9.06,1.961,0.1744,0.0871,2.701,2.4,0.7
浙江省,杭州市,南苕溪,太湖流域,汪家埠,2021/11/21 16:00,Ⅱ,16.99,6.94,7.337,2.406,0.1865,0.0785,2.273,404.7,19.2
浙江省,杭州市,南苕溪,太湖流域,汪家埠,2021/11/21 20:00,Ⅱ,16.89,6.94,7.369,2.116,0.1844,0.0821,2.124,403,21.4
浙江省,杭州市,南苕溪,太湖流域,汪家埠,2021/11/22 0:00,Ⅱ,16.61,6.94,7.292,2.116,0.1844,0.0821,2.124,396.9,23.5
浙江省,杭州市,南苕溪,太湖流域,汪家埠,2021/11/22 4:00,Ⅱ,16.23,6.96,7.37,2.097,0.2072,0.0836,2.188,392.9,24.2
浙江省,杭州市,南苕溪,太湖流域,汪家埠,2021/11/22 8:00,Ⅱ,15.93,6.95,7.306,2.454,0.2083,0.0796,2.69,393.3,21.5
浙江省,杭州市,南苕溪,太湖流域,汪家埠,2021/11/22 12:00,Ⅱ,15.84,6.95,7.219,2.077,0.1979,0.0757,2.548,390.3,21.3
浙江省,杭州市,南苕溪,太湖流域,汪家埠,2021/11/22 16:00,Ⅱ,15.93,6.99,7.561,1.836,0.2249,0.0793,2.357,395.7,21
浙江省,杭州市,南苕溪,太湖流域,汪家埠,2021/11/22 20:00,Ⅱ,15.41,6.97,7.461,1.855,0.2498,0.0819,2.535,395,21.3
浙江省,杭州市,南苕溪,太湖流域,汪家埠,2021/11/23 0:00,Ⅱ,14.98,6.95,7.22,0.937,0.2643,0.0819,2.29,395,19.9
浙江省,杭州市,南苕溪,太湖流域,汪家埠,2021/11/23 4:00,Ⅱ,14.36,6.93,7.073,2.01,0.255,0.0802,2.566,397.4,16.8
浙江省,杭州市,南苕溪,太湖流域,汪家埠,2021/11/23 8:00,Ⅱ,13.94,6.94,7.25,1.981,0.2807,0.0821,3.532,399.6,15.1
浙江省,杭州市,南苕溪,太湖流域,汪家埠,2021/11/23 12:00,Ⅱ,14.25,6.94,7.376,1.575,0.269,0.0802,3.404,401.5,14.1
浙江省,杭州市,南苕溪,太湖流域,汪家埠,2021/11/23 16:00,Ⅱ,14.87,6.95,7.364,1.527,0.244,0.0848,3.286,402.6,13.4
浙江省,杭州市,南苕溪,太湖流域,汪家埠,2021/11/23 20:00,Ⅱ,14.04,6.93,7.283,2.01,0.3174,0.0826,3.32,411.5,12.9
浙江省,杭州市,南苕溪,太湖流域,汪家埠,2021/11/24 0:00,Ⅱ,13.53,6.91,7.089,2.01,0.3174,0.0826,3.32,416.6,11.7
浙江省,杭州市,南苕溪,太湖流域,汪家埠,2021/11/24 4:00,Ⅱ,13.12,6.9,7.07,1.836,0.3174,0.0853,3.51,425.4,12.1
浙江省,杭州市,南苕溪,太湖流域,汪家埠,2021/11/24 8:00,Ⅱ,12.84,6.87,6.945,1.42,0.447,0.0811,4.463,430.4,12.3
浙江省,杭州市,南苕溪,太湖流域,汪家埠,2021/11/24 12:00,Ⅱ,13.33,6.86,6.947,1.72,0.4304,0.0787,4.206,435.6,12.4
浙江省,杭州市,南苕溪,太湖流域,汪家埠,2021/11/24 16:00,Ⅱ,14.04,6.86,6.99,1.391,0.4136,0.0817,4.244,439,12.9
浙江省,杭州市,南苕溪,太湖流域,汪家埠,2021/11/24 20:00,Ⅱ,14.25,6.84,6.931,1.314,0.4087,0.0766,3.322,430.5,11.4
浙江省,杭州市,南苕溪,太湖流域,汪家埠,2021/11/25 0:00,Ⅱ,13.53,6.85,6.584,1.314,0.4087,0.0766,3.322,432.7,11.9
浙江省,杭州市,南苕溪,太湖流域,汪家埠,2021/11/25 4:00,Ⅱ,13.23,6.84,6.604,2.483,0.3751,0.0727,2.367,438.3,10.9
浙江省,杭州市,南苕溪,太湖流域,汪家埠,2021/11/25 8:00,Ⅱ,12.84,6.82,6.546,0.937,0.3952,0.0736,2.815,443.8,10.2
浙江省,杭州市,南苕溪,太湖流域,汪家埠,2021/11/25 12:00,Ⅱ,13.84,6.81,6.772,1.507,0.3513,0.0719,2.769,447.7,11.1
浙江省,杭州市,南苕溪,太湖流域,汪家埠,2021/11/25 16:00,Ⅱ,14.87,6.8,6.432,2.715,0.3554,0.0728,2.502,449,10.2
浙江省,杭州市,南苕溪,太湖流域,汪家埠,2021/11/25 20:00,Ⅱ,14.35,6.78,6.388,1.981,0.3381,0.0647,2.492,453.2,7.5
浙江省,杭州市,南苕溪,太湖流域,汪家埠,2021/11/26 0:00,Ⅱ,13.74,6.81,6.437,2.106,0.3424,0.0649,2.51,454.7,7.6
浙江省,杭州市,南苕溪,太湖流域,汪家埠,2021/11/26 4:00,Ⅱ,13.33,6.79,6.512,2.164,0.3749,0.07,2.526,459.8,8.7
浙江省,杭州市,南苕溪,太湖流域,汪家埠,2021/11/26 8:00,Ⅱ,13.13,6.77,6.126,1.816,0.3771,0.0691,2.844,462.8,11.1
浙江省,杭州市,南苕溪,太湖流域,汪家埠,2021/11/26 12:00,Ⅱ,13.94,6.76,6.625,1.681,0.3646,0.0686,2.85,473.3,10.8
浙江省,杭州市,南苕溪,太湖流域,汪家埠,2021/11/26 16:00,Ⅱ,14.65,6.75,6.037,1.981,0.3516,0.068,2.709,473.1,12.2
浙江省,杭州市,南苕溪,太湖流域,汪家埠,2021/11/26 20:00,Ⅱ,14.14,6.76,6.392,2.174,0.3441,0.0608,2.65,476,8.1
浙江省,杭州市,南苕溪,太湖流域,汪家埠,2021/11/27 0:00,Ⅲ,13.53,6.74,5.964,1.913,0.3482,0.057,2.566,481.5,7.9
浙江省,杭州市,南苕溪,太湖流域,汪家埠,2021/11/27 4:00,Ⅱ,13.23,6.73,6.034,2.203,0.3449,0.0584,2.636,484.7,9
浙江省,杭州市,南苕溪,太湖流域,汪家埠,2021/11/27 8:00,Ⅱ,13.13,6.73,6.114,2.029,0.3943,0.062,2.975,487.9,11.6
浙江省,杭州市,南苕溪,太湖流域,汪家埠,2021/11/27 12:00,Ⅱ,13.53,6.75,6.426,1.42,0.3863,0.0588,3.414,494.5,8
浙江省,杭州市,南苕溪,太湖流域,汪家埠,2021/11/27 16:00,Ⅱ,14.54,6.73,8.297,1.372,0.2752,0.0661,3.666,480.6,12.6
浙江省,杭州市,南苕溪,太湖流域,汪家埠,2021/11/27 20:00,Ⅲ,13.53,6.72,5.816,0.647,0.3614,0.0561,3.439,497.1,7.2
浙江省,杭州市,南苕溪,太湖流域,汪家埠,2021/11/28 0:00,Ⅲ,13.13,6.7,5.725,2.203,0.3573,0.0515,3.189,503.5,7.9
浙江省,杭州市,南苕溪,太湖流域,汪家埠,2021/11/28 4:00,Ⅲ,12.94,6.71,5.807,1.739,0.4138,0.0571,3.213,504.5,8.3
浙江省,杭州市,南苕溪,太湖流域,汪家埠,2021/11/28 8:00,Ⅲ,12.94,6.71,5.85,1.556,0.4487,0.0584,3.803,510.3,8.5
浙江省,杭州市,南苕溪,太湖流域,汪家埠,2021/11/28 12:00,Ⅱ,13.53,6.73,6.071,2.077,0.4029,0.0587,3.331,512.1,7.8
浙江省,杭州市,南苕溪,太湖流域,汪家埠,2021/11/28 16:00,Ⅲ,13.84,6.72,5.722,1.7,0.4185,0.06,3.285,511,8.7
浙江省,杭州市,南苕溪,太湖流域,汪家埠,2021/11/28 20:00,Ⅲ,13.84,6.72,5.577,1.7,0.4092,0.0534,3.167,512.3,6
浙江省,杭州市,南苕溪,太湖流域,汪家埠,2021/11/29 0:00,Ⅲ,13.84,6.76,6.06,2.357,0.6906,0.0843,3.224,508.5,6.6
浙江省,杭州市,南苕溪,太湖流域,汪家埠,2021/11/29 4:00,Ⅲ,13.67,6.77,5.638,2.551,0.7894,0.0947,3.262,505.7,8.2
浙江省,杭州市,南苕溪,太湖流域,汪家埠,2021/11/29 8:00,Ⅲ,13.63,6.8,5.902,1.275,0.744,0.0985,3.872,508.5,8.3
浙江省,杭州市,南苕溪,太湖流域,汪家埠,2021/11/29 12:00,Ⅲ,14.05,6.75,5.677,2.126,0.5755,0.0833,3.427,515.2,9.4
浙江省,杭州市,南苕溪,太湖流域,汪家埠,2021/11/29 16:00,Ⅲ,14.45,6.75,5.653,2.57,0.559,0.0798,3.603,512,11.4
浙江省,杭州市,南苕溪,太湖流域,汪家埠,2021/11/29 20:00,Ⅲ,14.35,6.75,5.865,2.019,0.5114,0.0758,3.473,525.4,9
浙江省,杭州市,南苕溪,太湖流域,汪家埠,2021/11/30 0:00,Ⅲ,14.56,6.79,6.092,2.019,0.5114,0.0758,3.473,535.7,12.2
浙江省,杭州市,南苕溪,太湖流域,汪家埠,2021/11/30 4:00,Ⅲ,14.25,6.77,6.273,2.425,0.5235,0.0819,3.526,558.4,13.2
浙江省,杭州市,南苕溪,太湖流域,汪家埠,2021/11/30 8:00,Ⅱ,13.94,6.79,6.438,1.585,0.4828,0.082,4.029,560.7,14.2
浙江省,杭州市,南苕溪,太湖流域,汪家埠,2021/11/30 12:00,Ⅱ,14.04,6.79,6.574,2.222,0.4725,0.0768,3.813,567.6,13.9
浙江省,杭州市,南苕溪,太湖流域,汪家埠,2021/11/30 16:00,Ⅱ,14.15,6.81,6.673,2.599,0.454,0.0701,3.666,564.3,11.1
浙江省,杭州市,南苕溪,太湖流域,汪家埠,2021/11/30 20:00,Ⅱ,13.94,6.78,6.184,1.981,0.4844,0.0708,3.445,574.1,9.8
浙江省,杭州市,南苕溪,太湖流域,汪家埠,2021/12/1 4:00,Ⅱ,13.03,6.78,6.159,3.092,0.4942,0.0686,3.563,583.6,9.5
浙江省,杭州市,南苕溪,太湖流域,汪家埠,2021/12/1 8:00,Ⅲ,12.75,6.77,6.029,2.222,0.5196,0.0676,4.583,587.5,10
浙江省,杭州市,南苕溪,太湖流域,汪家埠,2021/12/1 12:00,Ⅱ,13.03,6.78,6.245,2.812,0.4737,0.0628,4.194,592.5,8.4
浙江省,杭州市,南苕溪,太湖流域,汪家埠,2021/12/1 16:00,Ⅱ,13.41,6.81,6.45,2.174,0.4541,0.0626,3.883,593.4,8.2
浙江省,杭州市,南苕溪,太湖流域,汪家埠,2021/12/1 20:00,Ⅱ,13.03,6.83,6.558,2.271,0.4546,0.0634,4.033,598.2,8.8
浙江省,杭州市,南苕溪,太湖流域,汪家埠,2021/12/2 0:00,Ⅱ,12.65,6.8,6.637,2.271,0.4681,0.064,4.043,601.2,8.6
浙江省,杭州市,南苕溪,太湖流域,汪家埠,2021/12/2 4:00,Ⅱ,12.16,6.8,6.762,2.783,0.4681,0.064,4.003,606,7.7
浙江省,杭州市,南苕溪,太湖流域,汪家埠,2021/12/2 8:00,Ⅱ,11.69,6.77,6.636,1.343,0.025,0.065,4.888,605.2,8.3
浙江省,杭州市,南苕溪,太湖流域,汪家埠,2021/12/2 12:00,Ⅱ,12.16,6.8,6.907,1.343,0.025,0.065,4.888,607,24.7
浙江省,杭州市,南苕溪,太湖流域,汪家埠,2021/12/2 16:00,Ⅱ,13.23,6.81,6.818,2.145,0.3979,0.0655,4.137,603.6,8.1
浙江省,杭州市,南苕溪,太湖流域,汪家埠,2021/12/2 20:00,Ⅱ,12.55,6.8,6.418,1.855,0.4655,0.0624,4.067,598.2,8.4
浙江省,杭州市,南苕溪,太湖流域,汪家埠,2021/12/3 0:00,Ⅱ,12.25,6.81,6.719,2.145,0.4917,0.0666,3.943,602,8.7
浙江省,杭州市,南苕溪,太湖流域,汪家埠,2021/12/3 4:00,Ⅲ,11.78,6.82,6.7,2.222,0.5387,0.0726,3.899,599.6,9.7
浙江省,杭州市,南苕溪,太湖流域,汪家埠,2021/12/3 8:00,Ⅲ,11.58,6.83,6.974,1.865,0.5598,0.0699,4.371,607.9,9.9
浙江省,杭州市,南苕溪,太湖流域,汪家埠,2021/12/3 12:00,Ⅲ,12.16,6.83,7.443,2.29,0.5724,0.0719,4.114,617.2,9.6
浙江省,杭州市,南苕溪,太湖流域,汪家埠,2021/12/3 16:00,Ⅲ,12.75,6.85,7.529,2.193,0.6,0.0752,3.975,615,10.1
浙江省,杭州市,南苕溪,太湖流域,汪家埠,2021/12/3 20:00,Ⅲ,12.26,6.84,7.633,2.792,0.581,0.079,3.827,617,12.1
浙江省,杭州市,南苕溪,太湖流域,汪家埠,2021/12/4 0:00,Ⅲ,11.88,6.84,7.638,2.531,0.5918,0.0866,4.09,623.1,15.2
浙江省,杭州市,南苕溪,太湖流域,汪家埠,2021/12/4 4:00,Ⅲ,11.69,6.84,7.774,3.024,0.6099,0.0898,4.27,626.8,19.6
浙江省,杭州市,南苕溪,太湖流域,汪家埠,2021/12/4 8:00,Ⅲ,11.69,6.85,7.934,2.502,0.6082,0.0947,4.89,621.2,26.1
浙江省,杭州市,南苕溪,太湖流域,汪家埠,2021/12/4 12:00,Ⅲ,12.55,6.87,8.014,1.79,0.5863,0.101,4.916,603.4,32.9
浙江省,杭州市,南苕溪,太湖流域,汪家埠,2021/12/4 16:00,Ⅲ,13.11,6.87,7.737,2.328,0.5718,0.0996,4.638,590.9,28.7
浙江省,杭州市,南苕溪,太湖流域,汪家埠,2021/12/4 20:00,Ⅲ,12.55,6.9,7.96,1.616,0.5714,0.1038,4.38,566.2,31.8
浙江省,杭州市,南苕溪,太湖流域,汪家埠,2021/12/5 0:00,Ⅱ,11.88,6.94,8.433,2.641,0.4849,0.0978,3.92,523.3,40.7
浙江省,杭州市,南苕溪,太湖流域,汪家埠,2021/12/5 4:00,Ⅱ,11.48,6.99,8.746,2.641,0.4849,0.0978,3.92,485.5,41.7
浙江省,杭州市,南苕溪,太湖流域,汪家埠,2021/12/5 8:00,Ⅱ,11.4,6.99,8.786,2.815,0.3811,0.091,3.466,473.1,39.4
浙江省,杭州市,南苕溪,太湖流域,汪家埠,2021/12/5 12:00,Ⅱ,12.16,6.99,8.803,1.755,0.3417,0.0904,3.214,464.5,36
浙江省,杭州市,南苕溪,太湖流域,汪家埠,2021/12/5 16:00,Ⅱ,13.03,7,8.782,2.363,0.3251,0.0874,2.796,457.4,34.6
浙江省,杭州市,南苕溪,太湖流域,汪家埠,2021/12/5 20:00,Ⅱ,12.36,7,8.699,2.363,0.3251,0.0874,2.796,449.4,32.4
浙江省,杭州市,南苕溪,太湖流域,汪家埠,2021/12/6 4:00,Ⅱ,11.69,7.02,9.054,2.772,0.3309,0.0865,2.707,441.7,50.7
浙江省,杭州市,南苕溪,太湖流域,汪家埠,2021/12/6 8:00,Ⅱ,11.59,7.03,9.094,2.259,0.3041,0.085,3.15,438.2,46.1
浙江省,杭州市,南苕溪,太湖流域,汪家埠,2021/12/6 12:00,Ⅱ,12.65,7.05,9.059,2.441,0.296,0.0846,2.753,432,43.6
浙江省,杭州市,南苕溪,太湖流域,汪家埠,2021/12/6 16:00,Ⅱ,13.23,7.04,8.777,2.189,0.3166,0.0827,2.501,427.5,35.2
浙江省,杭州市,南苕溪,太湖流域,汪家埠,2021/12/6 20:00,Ⅱ,12.75,7.04,8.674,2.189,0.3166,0.0827,2.501,418.7,37.9
浙江省,杭州市,南苕溪,太湖流域,汪家埠,2021/12/7 4:00,Ⅱ,11.97,7.02,8.982,2.615,0.371,0.0931,2.664,406.3,56
浙江省,杭州市,南苕溪,太湖流域,汪家埠,2021/12/7 8:00,Ⅱ,11.97,7.01,8.91,1.859,0.3477,0.0892,3.223,408.9,58
浙江省,杭州市,南苕溪,太湖流域,汪家埠,2021/12/7 12:00,Ⅱ,12.75,7.01,8.872,2.25,0.3052,0.0873,2.801,404.3,55.4
浙江省,杭州市,南苕溪,太湖流域,汪家埠,2021/12/7 16:00,Ⅱ,13.43,7.02,8.906,1.659,0.3084,0.09,2.695,398,70.4
浙江省,杭州市,南苕溪,太湖流域,汪家埠,2021/12/7 20:00,Ⅱ,12.84,7.02,8.971,1.659,0.3084,0.09,2.695,384.4,82.2
浙江省,杭州市,南苕溪,太湖流域,汪家埠,2021/12/8 4:00,Ⅱ,12.55,7.02,9.357,1.868,0.3048,0.0865,2.447,375.6,65.6
浙江省,杭州市,南苕溪,太湖流域,汪家埠,2021/12/8 8:00,Ⅱ,12.65,7.06,9.381,1.659,0.3255,0.0866,3.243,373.1,108.7
浙江省,杭州市,南苕溪,太湖流域,汪家埠,2021/12/8 12:00,Ⅱ,12.84,7.08,9.354,2.389,0.3521,0.0833,3.295,374.3,124.2
浙江省,杭州市,南苕溪,太湖流域,汪家埠,2021/12/8 16:00,Ⅱ,13.13,7.1,9.374,1.764,0.3578,0.0851,3.314,369.6,144.9
浙江省,杭州市,南苕溪,太湖流域,汪家埠,2021/12/8 20:00,Ⅱ,12.84,7.1,9.258,2.059,0.3376,0.0826,3.126,361.4,136
浙江省,杭州市,南苕溪,太湖流域,汪家埠,2021/12/9 0:00,Ⅱ,12.55,7.11,9.572,1.625,0.3083,0.0827,2.791,348.6,116.6
浙江省,杭州市,南苕溪,太湖流域,汪家埠,2021/12/9 4:00,Ⅱ,12.75,7.1,9.496,1.616,0.3105,0.0823,2.52,350.8,93.6
浙江省,杭州市,南苕溪,太湖流域,汪家埠,2021/12/9 8:00,Ⅱ,12.75,7.07,9.515,1.677,0.2892,0.0767,2.906,357.4,75.6
浙江省,杭州市,南苕溪,太湖流域,汪家埠,2021/12/9 12:00,Ⅱ,13.33,7.07,9.382,1.807,0.2662,0.0776,2.488,351.7,69.5
浙江省,杭州市,南苕溪,太湖流域,汪家埠,2021/12/9 16:00,Ⅲ,13.74,7.11,9.304,2.146,0.2824,0.1051,4.088,348.4,68.6
浙江省,杭州市,南苕溪,太湖流域,汪家埠,2021/12/9 20:00,Ⅱ,13.43,7.06,9.255,0.869,0.2531,0.082,3.168,345.8,63.7
浙江省,杭州市,南苕溪,太湖流域,汪家埠,2021/12/10 0:00,Ⅱ,13.03,7.05,9.345,1.998,0.2391,0.0764,2.45,341.9,71.8
浙江省,杭州市,南苕溪,太湖流域,汪家埠,2021/12/10 4:00,Ⅱ,12.75,7.06,9.431,1.825,0.2437,0.0789,2.423,342.8,73.3
浙江省,杭州市,南苕溪,太湖流域,汪家埠,2021/12/10 8:00,Ⅱ,12.75,7.06,9.411,1.529,0.2269,0.0771,2.896,348.8,68.8
浙江省,杭州市,南苕溪,太湖流域,汪家埠,2021/12/10 12:00,Ⅱ,13.33,7.06,9.216,1.529,0.2269,0.0771,2.896,350,56.7
浙江省,杭州市,南苕溪,太湖流域,汪家埠,2021/12/10 16:00,Ⅱ,14.25,7.07,9.244,2.155,0.2087,0.0755,2.133,343,53.6
浙江省,杭州市,南苕溪,太湖流域,汪家埠,2021/12/10 20:00,Ⅱ,13.63,7.06,9.162,1.59,0.2118,0.0769,2.024,343,48.7
浙江省,杭州市,南苕溪,太湖流域,汪家埠,2021/12/11 0:00,Ⅱ,13.03,7.03,8.903,1.764,0.1918,0.0721,1.919,340.7,47.1
浙江省,杭州市,南苕溪,太湖流域,汪家埠,2021/12/11 4:00,Ⅱ,12.75,7.03,9.099,2.328,0.1892,0.0734,1.988,342.3,54.6
浙江省,杭州市,南苕溪,太湖流域,汪家埠,2021/12/11 8:00,Ⅱ,12.64,7.03,9.111,1.442,0.2087,0.0765,2.646,346.4,53.8
浙江省,杭州市,南苕溪,太湖流域,汪家埠,2021/12/11 12:00,Ⅱ,12.65,6.99,9.01,1.338,0.2282,0.0744,2.616,352,50.7
浙江省,杭州市,南苕溪,太湖流域,汪家埠,2021/12/11 16:00,Ⅱ,13.23,7,8.672,1.399,0.2324,0.0723,2.231,353.6,40.4
浙江省,杭州市,南苕溪,太湖流域,汪家埠,2021/12/11 20:00,Ⅱ,13.25,7,8.631,1.373,0.2636,0.0759,2.188,362.6,36.3
浙江省,杭州市,南苕溪,太湖流域,汪家埠,2021/12/12 0:00,Ⅱ,13.13,7,8.543,1.529,0.2158,0.0722,2.175,364.8,39.5
浙江省,杭州市,南苕溪,太湖流域,汪家埠,2021/12/12 4:00,Ⅱ,13.03,6.99,8.398,1.842,0.2571,0.0792,2.29,365.9,59.5
浙江省,杭州市,南苕溪,太湖流域,汪家埠,2021/12/12 8:00,Ⅱ,12.84,6.98,8.205,1.642,0.2581,0.0791,2.696,369.3,58.4
浙江省,杭州市,南苕溪,太湖流域,汪家埠,2021/12/12 12:00,Ⅱ,12.75,6.97,8.276,1.807,0.2607,0.0773,2.711,376.9,59.9
浙江省,杭州市,南苕溪,太湖流域,汪家埠,2021/12/12 16:00,Ⅱ,12.75,6.96,8.271,2.424,0.2738,0.078,2.8,385.3,53.2
浙江省,杭州市,南苕溪,太湖流域,汪家埠,2021/12/12 20:00,Ⅱ,12.75,6.96,8.334,1.685,0.2528,0.0745,2.494,389.4,38.6
浙江省,杭州市,南苕溪,太湖流域,汪家埠,2021/12/13 0:00,Ⅱ,12.65,6.97,8.471,2.085,0.2523,0.0779,2.547,398.1,34.8
浙江省,杭州市,南苕溪,太湖流域,汪家埠,2021/12/13 4:00,Ⅱ,12.55,6.96,8.397,1.851,0.2634,0.0813,2.417,407.7,33
浙江省,杭州市,南苕溪,太湖流域,汪家埠,2021/12/13 8:00,Ⅱ,12.36,6.95,8.34,1.868,0.265,0.0791,2.745,417.6,29.7
浙江省,杭州市,南苕溪,太湖流域,汪家埠,2021/12/13 12:00,Ⅱ,12.65,6.96,8.439,1.998,0.3431,0.0857,3.108,427.7,26.9
浙江省,杭州市,南苕溪,太湖流域,汪家埠,2021/12/13 16:00,Ⅱ,13.33,6.97,8.521,2.172,0.3482,0.0846,2.815,429.5,24.2
浙江省,杭州市,南苕溪,太湖流域,汪家埠,2021/12/13 20:00,Ⅱ,12.45,6.94,8.188,2.537,0.3934,0.0872,3.784,433.1,20.6
浙江省,杭州市,南苕溪,太湖流域,汪家埠,2021/12/14 0:00,Ⅱ,12.06,6.93,8.19,2.537,0.3934,0.0872,3.784,434.8,23.7
浙江省,杭州市,南苕溪,太湖流域,汪家埠,2021/12/14 4:00,Ⅱ,11.78,6.93,8.139,2.155,0.3729,0.0864,2.98,432,27.6
浙江省,杭州市,南苕溪,太湖流域,汪家埠,2021/12/14 8:00,Ⅱ,11.78,6.93,8.101,2.007,0.3738,0.0837,3.265,433.8,32.4
浙江省,杭州市,南苕溪,太湖流域,汪家埠,2021/12/14 12:00,Ⅱ,11.97,6.92,7.968,2.129,0.3519,0.0805,2.943,436.8,30.4
浙江省,杭州市,南苕溪,太湖流域,汪家埠,2021/12/14 16:00,Ⅱ,12.16,6.91,7.807,2.094,0.3323,0.0746,2.662,435.7,23.8
浙江省,杭州市,南苕溪,太湖流域,汪家埠,2021/12/14 20:00,Ⅱ,11.88,6.9,7.878,1.99,0.3177,0.074,2.891,431.6,21.1
浙江省,杭州市,南苕溪,太湖流域,汪家埠,2021/12/15 0:00,Ⅱ,11.77,6.9,7.775,1.99,0.3177,0.074,2.891,431.5,20.4
浙江省,杭州市,南苕溪,太湖流域,汪家埠,2021/12/15 4:00,Ⅱ,11.69,6.9,7.889,2.32,0.3318,0.076,2.42,431.2,23.9
浙江省,杭州市,南苕溪,太湖流域,汪家埠,2021/12/15 8:00,Ⅱ,11.69,6.9,8.02,1.798,0.3261,0.0773,2.89,432.6,28.1
浙江省,杭州市,南苕溪,太湖流域,汪家埠,2021/12/15 12:00,Ⅱ,12.45,6.92,8.374,2.433,0.3418,0.0747,2.675,434.9,21.9
浙江省,杭州市,南苕溪,太湖流域,汪家埠,2021/12/15 16:00,Ⅱ,13.33,6.94,8.435,1.442,0.3599,0.0807,2.464,434.4,22.4
浙江省,杭州市,南苕溪,太湖流域,汪家埠,2021/12/15 20:00,Ⅱ,12.94,6.93,8.221,1.981,0.3469,0.0777,2.473,436.9,21.2
浙江省,杭州市,南苕溪,太湖流域,汪家埠,2021/12/16 0:00,Ⅱ,12.75,6.92,8.215,1.981,0.3469,0.0777,2.473,438.4,21.5
浙江省,杭州市,南苕溪,太湖流域,汪家埠,2021/12/16 4:00,Ⅱ,12.75,6.93,8.165,2.441,0.3518,0.0817,2.484,441,22.4
浙江省,杭州市,南苕溪,太湖流域,汪家埠,2021/12/16 8:00,Ⅱ,12.89,6.92,8.013,1.998,0.3971,0.0837,2.774,440.4,21.7
浙江省,杭州市,南苕溪,太湖流域,汪家埠,2021/12/16 12:00,Ⅱ,13.13,6.92,7.951,2.042,0.4124,0.0831,2.753,438.2,20.3
浙江省,杭州市,南苕溪,太湖流域,汪家埠,2021/12/16 16:00,Ⅱ,13.13,6.91,7.887,2.815,0.4283,0.0837,2.462,434.1,20.5
浙江省,杭州市,南苕溪,太湖流域,汪家埠,2021/12/16 20:00,Ⅱ,12.94,6.95,7.806,1.911,0.436,0.0874,2.643,430.1,30.6
浙江省,杭州市,南苕溪,太湖流域,汪家埠,2021/12/17 0:00,Ⅱ,12.84,6.93,7.473,1.911,0.436,0.0874,2.643,427.1,33.9
浙江省,杭州市,南苕溪,太湖流域,汪家埠,2021/12/17 4:00,Ⅱ,12.75,6.95,7.503,2.042,0.4268,0.0863,2.621,423.3,42.3
浙江省,杭州市,南苕溪,太湖流域,汪家埠,2021/12/17 8:00,Ⅱ,12.73,6.94,7.51,2.337,0.4536,0.0849,3.136,429.6,36.2
浙江省,杭州市,南苕溪,太湖流域,汪家埠,2021/12/17 12:00,Ⅱ,12.86,6.94,7.805,1.894,0.4478,0.0872,3.191,440.5,27.8
浙江省,杭州市,南苕溪,太湖流域,汪家埠,2021/12/17 16:00,Ⅱ,13.23,6.97,8.089,1.833,0.4155,0.0878,2.943,442.9,25.7
浙江省,杭州市,南苕溪,太湖流域,汪家埠,2021/12/17 20:00,Ⅱ,12.65,6.94,7.927,2.224,0.3914,0.0818,2.755,443.3,21.7
浙江省,杭州市,南苕溪,太湖流域,汪家埠,2021/12/18 0:00,Ⅱ,12.26,6.94,7.874,2.224,0.3914,0.0818,2.755,441.5,25
浙江省,杭州市,南苕溪,太湖流域,汪家埠,2021/12/18 4:00,Ⅱ,11.78,6.95,7.757,2.424,0.4857,0.083,2.621,441.4,22.9
浙江省,杭州市,南苕溪,太湖流域,汪家埠,2021/12/18 8:00,Ⅲ,11.36,6.94,7.662,2.346,0.5345,0.0863,3.115,443.6,25.3
浙江省,杭州市,南苕溪,太湖流域,汪家埠,2021/12/18 12:00,Ⅲ,11.59,6.95,7.855,2.042,0.5913,0.0891,2.908,447,20.8
浙江省,杭州市,南苕溪,太湖流域,汪家埠,2021/12/18 16:00,Ⅲ,12.16,6.95,7.776,1.781,0.5623,0.0888,2.722,444.4,17.2
浙江省,杭州市,南苕溪,太湖流域,汪家埠,2021/12/18 20:00,Ⅲ,11.48,6.93,7.779,1.911,0.5316,0.0844,2.78,445.1,15.9
浙江省,杭州市,南苕溪,太湖流域,汪家埠,2021/12/19 0:00,Ⅲ,11.02,6.92,7.889,1.911,0.5316,0.0844,2.78,450.1,16.3
浙江省,杭州市,南苕溪,太湖流域,汪家埠,2021/12/19 4:00,Ⅲ,10.56,6.93,8.004,2.207,0.6178,0.0891,2.793,453.1,17.2
浙江省,杭州市,南苕溪,太湖流域,汪家埠,2021/12/19 8:00,Ⅲ,10.22,6.94,8.043,2.129,0.661,0.0933,3.352,454,18.8
浙江省,杭州市,南苕溪,太湖流域,汪家埠,2021/12/19 12:00,Ⅲ,10.9,6.96,8.466,2.45,0.6102,0.0918,3.025,451.9,16.4
浙江省,杭州市,南苕溪,太湖流域,汪家埠,2021/12/19 16:00,Ⅲ,11.88,6.98,8.389,2.615,0.6192,0.0978,2.805,447.1,14
浙江省,杭州市,南苕溪,太湖流域,汪家埠,2021/12/19 20:00,Ⅲ,11.13,6.96,8.039,1.633,0.5989,0.0962,2.827,448.5,11.2
浙江省,杭州市,南苕溪,太湖流域,汪家埠,2021/12/20 0:00,Ⅲ,10.68,6.97,8.317,3.189,0.5017,0.0942,2.713,446.1,14.7
浙江省,杭州市,南苕溪,太湖流域,汪家埠,2021/12/20 4:00,Ⅲ,10.35,6.97,8.314,2.841,0.5328,0.0967,2.679,446,17.6
浙江省,杭州市,南苕溪,太湖流域,汪家埠,2021/12/20 8:00,Ⅲ,9.9,6.98,8.485,2.146,0.5212,0.0956,3.273,444.9,19.6
浙江省,杭州市,南苕溪,太湖流域,汪家埠,2021/12/20 12:00,Ⅲ,10.9,6.99,8.647,2.85,0.5761,0.0984,2.865,441,17.7
浙江省,杭州市,南苕溪,太湖流域,汪家埠,2021/12/20 16:00,Ⅲ,11.59,6.99,8.445,1.764,0.6318,0.1,2.628,438.6,16.1
浙江省,杭州市,南苕溪,太湖流域,汪家埠,2021/12/20 20:00,Ⅲ,11.25,6.98,8.195,2.242,0.6178,0.1001,2.501,436.2,13.1
浙江省,杭州市,南苕溪,太湖流域,汪家埠,2021/12/21 0:00,Ⅲ,11.02,6.99,8.255,2.328,0.5304,0.0905,2.302,431.6,16
浙江省,杭州市,南苕溪,太湖流域,汪家埠,2021/12/21 4:00,Ⅲ,10.9,7.01,8.369,2.554,0.5004,0.0874,2.264,432,15.7
浙江省,杭州市,南苕溪,太湖流域,汪家埠,2021/12/21 8:00,Ⅲ,10.79,7.04,8.495,2.424,0.5068,0.0848,2.906,437.7,18.3
浙江省,杭州市,南苕溪,太湖流域,汪家埠,2021/12/21 12:00,Ⅲ,11.69,7.04,8.568,2.146,0.5051,0.0829,3.691,441.5,16.8
浙江省,杭州市,南苕溪,太湖流域,汪家埠,2021/12/21 16:00,Ⅱ,12.45,7.01,8.136,1.729,0.4136,0.083,3.482,442.5,18
浙江省,杭州市,南苕溪,太湖流域,汪家埠,2021/12/21 20:00,Ⅱ,12.07,7,7.978,1.825,0.3901,0.077,2.848,441.9,10.9
浙江省,杭州市,南苕溪,太湖流域,汪家埠,2021/12/22 0:00,Ⅱ,11.69,6.99,8.175,1.825,0.3901,0.077,2.848,442.2,14.8
浙江省,杭州市,南苕溪,太湖流域,汪家埠,2021/12/22 4:00,Ⅱ,11.25,6.98,8.146,2.433,0.3977,0.0761,2.541,447.4,16.2
浙江省,杭州市,南苕溪,太湖流域,汪家埠,2021/12/22 8:00,Ⅱ,11.02,7.01,8.146,2.372,0.4755,0.0792,3.115,449.3,19.6
浙江省,杭州市,南苕溪,太湖流域,汪家埠,2021/12/22 12:00,Ⅱ,11.97,7.05,8.906,1.72,0.4166,0.0743,2.741,447.8,17.5
浙江省,杭州市,南苕溪,太湖流域,汪家埠,2021/12/22 16:00,Ⅱ,12.65,7.14,10.858,2.928,0.3215,0.0665,2.078,454.2,16
浙江省,杭州市,南苕溪,太湖流域,汪家埠,2021/12/22 20:00,Ⅱ,12.07,7.13,10.22,2.624,0.3269,0.0818,2.07,453.7,23.9
浙江省,杭州市,南苕溪,太湖流域,汪家埠,2021/12/23 0:00,Ⅱ,11.59,7.05,8.536,2.624,0.3758,0.0715,2.324,446.9,26.4
浙江省,杭州市,南苕溪,太湖流域,汪家埠,2021/12/23 4:00,Ⅱ,11.36,7.04,8.151,3.11,0.4668,0.08,2.457,444.3,28.1
浙江省,杭州市,南苕溪,太湖流域,汪家埠,2021/12/23 8:00,Ⅱ,11.13,7.02,8.062,2.58,0.4975,0.0848,2.974,442.1,25.8
浙江省,杭州市,南苕溪,太湖流域,汪家埠,2021/12/23 12:00,Ⅲ,11.78,7.02,8.035,2.493,0.5207,0.0826,3.112,441.9,21.3
浙江省,杭州市,南苕溪,太湖流域,汪家埠,2021/12/23 16:00,Ⅲ,12.65,7.01,7.966,2.059,0.5352,0.0832,2.65,442.7,19.7
浙江省,杭州市,南苕溪,太湖流域,汪家埠,2021/12/23 20:00,Ⅲ,12.36,7.01,7.821,2.233,0.5208,0.0855,2.375,440.4,17.7
浙江省,杭州市,南苕溪,太湖流域,汪家埠,2021/12/24 0:00,Ⅲ,12.07,6.99,7.753,2.598,0.4629,0.0795,2.28,440.1,18
浙江省,杭州市,南苕溪,太湖流域,汪家埠,2021/12/24 4:00,Ⅱ,11.88,6.97,7.656,2.094,0.4609,0.0776,2.283,440.4,15.4
浙江省,杭州市,南苕溪,太湖流域,汪家埠,2021/12/24 8:00,Ⅱ,11.78,6.98,7.703,2.467,0.4902,0.0782,2.741,441,16.2
浙江省,杭州市,南苕溪,太湖流域,汪家埠,2021/12/24 12:00,Ⅲ,12.36,6.99,7.862,2.389,0.5084,0.0842,2.614,425.2,14.9
浙江省,杭州市,南苕溪,太湖流域,汪家埠,2021/12/24 16:00,Ⅱ,12.55,7.01,8.102,2.415,0.4187,0.0796,2.34,432.2,14.6
浙江省,杭州市,南苕溪,太湖流域,汪家埠,2021/12/24 20:00,Ⅱ,12.26,7.01,7.973,1.851,0.3977,0.0767,2.168,435.7,15.5
浙江省,杭州市,南苕溪,太湖流域,汪家埠,2021/12/25 0:00,Ⅱ,11.98,7.01,8.072,2.615,0.393,0.0756,2.212,436.2,16.1
浙江省,杭州市,南苕溪,太湖流域,汪家埠,2021/12/25 4:00,Ⅱ,11.59,7.01,8.001,2.554,0.4079,0.0787,2.149,438.7,14.7
浙江省,杭州市,南苕溪,太湖流域,汪家埠,2021/12/25 8:00,Ⅱ,11.25,7.02,8.073,1.816,0.4695,0.0804,2.791,441.3,14.8
浙江省,杭州市,南苕溪,太湖流域,汪家埠,2021/12/25 12:00,Ⅱ,11.02,6.98,8.128,2.937,0.4682,0.0779,2.541,444.8,13.2
浙江省,杭州市,南苕溪,太湖流域,汪家埠,2021/12/25 16:00,Ⅱ,10.79,7.02,8.339,2.32,0.4529,0.082,2.621,447.5,12.8
浙江省,杭州市,南苕溪,太湖流域,汪家埠,2021/12/25 20:00,Ⅱ,10.56,7.02,8.255,2.52,0.4347,0.0761,2.544,446.7,11.4
浙江省,杭州市,南苕溪,太湖流域,汪家埠,2021/12/26 0:00,Ⅱ,10.23,7.03,8.336,2.52,0.4347,0.0761,2.544,445.5,11.8
浙江省,杭州市,南苕溪,太湖流域,汪家埠,2021/12/26 4:00,Ⅱ,9.68,7.04,8.396,2.554,0.4528,0.0763,2.37,448.4,11.4
浙江省,杭州市,南苕溪,太湖流域,汪家埠,2021/12/26 8:00,Ⅲ,9.25,7.04,8.452,1.512,0.5004,0.0869,2.871,454.9,11.7
浙江省,杭州市,南苕溪,太湖流域,汪家埠,2021/12/26 12:00,Ⅲ,9.14,7.06,8.626,2.389,0.5474,0.0774,2.711,461.1,10.6
浙江省,杭州市,南苕溪,太湖流域,汪家埠,2021/12/26 16:00,Ⅱ,16.04,6.99,9.591,2.363,0.4836,0.0816,3.089,3,204.2
浙江省,杭州市,南苕溪,太湖流域,汪家埠,2021/12/26 20:00,Ⅲ,8.82,7.06,8.93,2.224,0.657,0.0791,2.858,465.8,10.6
浙江省,杭州市,南苕溪,太湖流域,汪家埠,2021/12/27 0:00,Ⅲ,8.82,7.05,8.785,2.224,0.657,0.0791,2.858,465.5,11.2
浙江省,杭州市,南苕溪,太湖流域,汪家埠,2021/12/27 4:00,Ⅲ,8.38,7.05,8.728,2.606,0.6837,0.0866,2.725,465.4,12.4
浙江省,杭州市,南苕溪,太湖流域,汪家埠,2021/12/27 8:00,Ⅲ,8.07,7.07,8.838,2.007,0.6157,0.0845,3.122,462.6,13.6
浙江省,杭州市,南苕溪,太湖流域,汪家埠,2021/12/27 12:00,Ⅲ,8.29,7.08,9.076,2.85,0.5723,0.0823,2.889,461,12.3
浙江省,杭州市,南苕溪,太湖流域,汪家埠,2021/12/27 16:00,Ⅲ,8.92,7.08,9.132,2.641,0.5207,0.0806,2.792,460.2,11.8
浙江省,杭州市,南苕溪,太湖流域,汪家埠,2021/12/27 20:00,Ⅱ,8.39,7.06,9.12,2.233,0.4671,0.0799,2.5,460.4,11
浙江省,杭州市,南苕溪,太湖流域,汪家埠,2021/12/28 0:00,Ⅱ,8.27,7.05,9.129,2.233,0.4671,0.0799,2.5,458.8,11.8
浙江省,杭州市,南苕溪,太湖流域,汪家埠,2021/12/28 4:00,Ⅱ,7.87,7.04,9.071,2.233,0.4047,0.0768,2.453,459,11.8
浙江省,杭州市,南苕溪,太湖流域,汪家埠,2021/12/28 8:00,Ⅱ,7.76,7.05,9.13,2.537,0.4239,0.0776,3.058,458.4,11.6
浙江省,杭州市,南苕溪,太湖流域,汪家埠,2021/12/28 12:00,Ⅱ,7.76,7.06,9.364,2.294,0.4208,0.0777,2.597,457.4,13
浙江省,杭州市,南苕溪,太湖流域,汪家埠,2021/12/28 16:00,Ⅱ,8.04,7.08,9.543,2.111,0.4257,0.0765,2.541,456.9,12.5
浙江省,杭州市,南苕溪,太湖流域,汪家埠,2021/12/28 20:00,Ⅱ,8.18,7.06,9.482,2.919,0.4627,0.0849,2.412,459.3,17.6
浙江省,杭州市,南苕溪,太湖流域,汪家埠,2021/12/29 0:00,Ⅱ,8.6,7.43,10.716,2.919,0.4627,0.0849,2.412,370.3,741.2
浙江省,杭州市,南苕溪,太湖流域,汪家埠,2021/12/29 4:00,Ⅱ,8.82,7.52,10.921,2.763,0.1045,0.0995,2.507,363.5,134.5
浙江省,杭州市,南苕溪,太湖流域,汪家埠,2021/12/29 8:00,Ⅱ,8.82,7.47,10.918,2.259,0.0854,0.074,2.23,361.9,68.6
浙江省,杭州市,南苕溪,太湖流域,汪家埠,2021/12/29 12:00,Ⅱ,9.25,7.46,11.056,2.485,0.0722,0.0693,1.894,362.7,60.9
浙江省,杭州市,南苕溪,太湖流域,汪家埠,2021/12/29 16:00,Ⅱ,10.01,7.5,11.251,2.737,0.0763,0.0649,1.516,361.6,59.6
浙江省,杭州市,南苕溪,太湖流域,汪家埠,2021/12/29 20:00,Ⅱ,9.9,7.55,11.177,2.702,0.0746,0.0656,1.417,363.7,55.9
浙江省,杭州市,南苕溪,太湖流域,汪家埠,2021/12/30 0:00,Ⅱ,9.25,7.57,10.973,2.702,0.0746,0.0656,1.417,360.5,126.4
浙江省,杭州市,南苕溪,太湖流域,汪家埠,2021/12/30 4:00,Ⅱ,8.82,7.53,11.012,2.389,0.0583,0.0706,1.585,361.6,73.8
浙江省,杭州市,南苕溪,太湖流域,汪家埠,2021/12/30 8:00,Ⅱ,8.5,7.5,11.051,1.981,0.0579,0.0583,2.249,362.5,50.1
浙江省,杭州市,南苕溪,太湖流域,汪家埠,2021/12/30 12:00,Ⅱ,8.82,7.51,11.241,2.276,0.0612,0.0574,2.072,362.2,41.5
浙江省,杭州市,南苕溪,太湖流域,汪家埠,2021/12/30 16:00,Ⅱ,9.57,7.57,11.559,2.937,0.0596,0.0559,1.696,363.7,41.8
浙江省,杭州市,南苕溪,太湖流域,汪家埠,2021/12/30 20:00,Ⅱ,9.57,7.64,11.276,2.58,0.0737,0.0669,1.788,366.8,68.3
浙江省,杭州市,南苕溪,太湖流域,汪家埠,2021/12/31 0:00,Ⅱ,9.25,7.63,10.911,3.023,0.0945,0.0673,1.681,368,62.9
浙江省,杭州市,南苕溪,太湖流域,汪家埠,2021/12/31 4:00,Ⅱ,8.71,7.56,10.744,2.381,0.0801,0.0602,1.5,370.6,38
浙江省,杭州市,南苕溪,太湖流域,汪家埠,2021/12/31 8:00,Ⅰ,7.97,7.47,10.729,1.268,0.025,0.005,0.321,375,30.6
浙江省,杭州市,南苕溪,太湖流域,汪家埠,2021/12/31 12:00,Ⅰ,8.39,7.51,11.054,0.886,0.025,0.005,0.05,371.9,29.2
浙江省,杭州市,南苕溪,太湖流域,汪家埠,2021/12/31 16:00,Ⅰ,8.92,7.54,11.348,0.86,0.025,0.005,0.05,371.3,24.7
浙江省,杭州市,南苕溪,太湖流域,汪家埠,2021/12/31 20:00,Ⅱ,8.82,7.52,11.326,2.155,0.0747,0.0523,1.589,372.8,25.8
